element,baseline_retention,n_omissions,min_loo_retention,min_omitted_ids,max_loo_retention,max_omitted_ids,median_loo_retention,max_absolute_delta_pp,max_absolute_delta_omitted_ids,largest_positive_delta_pp,largest_positive_omitted_ids,largest_negative_delta_pp,largest_negative_omitted_ids,positive_delta_cases,negative_delta_cases,zero_within_tolerance_delta_cases
Cd,0.20129504091503228,32,0.12857369842301788,8,0.2585879682779876,10,0.20129504091503228,7.272134249201439,8,5.7292927362955295,10,-7.272134249201439,8,13,1,18
Co,0.4951752493199969,32,0.44328251717818723,16,0.529327536103145,26,0.4951752493199969,5.189273214180967,16,3.415228678314808,26,-5.189273214180967,16,11,3,18
Cr,0.0559666594993579,32,0.035960443198038324,16,0.0802193899473953,24,0.0559666594993579,2.4252730448037405,24,2.4252730448037405,24,-2.0006216301319575,16,14,1,17
Cu,0.4493547787760116,32,0.42650631100215475,12,0.5457966922132563,31,0.4493547787760116,9.644191343724472,31,9.644191343724472,31,-2.284846777385685,12,13,1,18
Fe,0.13393014092253147,32,0.13393014092253147,1;9;10;11;13;15;17;18;20;21;22;23;25;27;28;30;32,0.34090631306043384,8,0.13393014092253147,20.697617213790238,8,20.697617213790238,8,,,15,0,17
Mn,0.7019320424142698,32,0.6492762899612918,29,0.7272222117914934,10,0.7019320424142698,5.265575245297793,29,2.5290169377223615,10,-5.265575245297793,29,7,6,19
Ni,0.5349066329520056,32,0.5349066329520056,1;10;13;14;15;17;18;20;21;22;23;25;27;28;30;32,0.6249991022460052,31,0.5350572972803386,9.00924692939996,31,9.00924692939996,31,,,16,0,16
Pb,0.04033337761582306,32,0.04033337761582306,7;9;10;11;13;14;15;17;18;20;21;22;23;25;27;28;30;32,0.32010826581445506,1,0.04033337761582306,27.9774888198632,1,27.9774888198632,1,,,14,0,18
Zn,0.4717649848826632,32,0.42998486501622196,8,0.7465125327779016,11,0.4717649848826632,27.474754789523843,11,27.474754789523843,11,-4.178011986644126,8,7,5,20
