case,omitted_ids,eligible_ids,n,k,selected_fraction,magnetic_choice_count,proximity_choice_count,total_oracle,total_m_lo,total_m_hi,total_p_lo,total_p_hi,total_classification,total_M_worst_margin_pp,total_P_worst_margin_pp,F1_oracle,F1_m_lo,F1_m_hi,F1_p_lo,F1_p_hi,F1_classification,F1_M_worst_margin_pp,F1_P_worst_margin_pp,F123_oracle,F123_m_lo,F123_m_hi,F123_p_lo,F123_p_hi,F123_classification,F123_M_worst_margin_pp,F123_P_worst_margin_pp,three_target_pattern,total_nonresidual_reversal
all_records,,1;2;3;4;5;6;7;8;9;10;11;12;13;14;15;16;17;18;19;20;21;22;23;24;25;26;27;28;29;30;31;32,32,8,0.25,1,6,318.14652736675197,0.916778166756478,0.916778166756478,0.8465787147468589,0.8760145499948326,M,4.076361676164542,-7.019945200961919,27.466429303797547,0.8432435750738719,0.8432435750738719,0.7414268148068228,0.7730323629130463,M,7.02112121608256,-10.181676026704912,145.52675080651431,0.6034608003959459,0.6034608003959459,0.8075266952986846,0.8664897139788136,P,-26.30289135828677,20.406589490273873,True,True
positive_distance,2;8;12;14;15,1;3;4;5;6;7;9;10;11;13;16;17;18;19;20;21;22;23;24;25;26;27;28;29;30;31;32,27,7,0.25925925925925924,1,1,260.338124889303,0.8974849056689451,0.8974849056689451,0.8778690477497912,0.8778690477497912,M,1.9615857919153878,-1.9615857919153878,22.586924570336,0.7837156150864429,0.7837156150864429,0.7877392765482384,0.7877392765482384,P,-0.4023661461795447,0.4023661461795447,99.03883937423413,0.6231300451491276,0.6231300451491276,0.6705678373155901,0.6705678373155901,P,-4.743779216646249,4.743779216646249,False,True
positive_distance,2;8;12;14;15,1;3;4;5;6;7;9;10;11;13;16;17;18;19;20;21;22;23;24;25;26;27;28;29;30;31;32,27,8,0.2962962962962963,1,1,295.3725517827821,0.8974601497879846,0.8974601497879846,0.8819133250065351,0.8819133250065351,M,1.554682478144953,-1.554682478144953,25.551440723655126,0.792493183329961,0.792493183329961,0.8041006028180432,0.8041006028180432,P,-1.1607419488082193,1.1607419488082193,108.3285708752901,0.6515343407691347,0.6515343407691347,0.6792998543959438,0.6792998543959438,P,-2.7765513626809013,2.7765513626809013,False,True
IDs_1_16,17;18;19;20;21;22;23;24;25;26;27;28;29;30;31;32,1;2;3;4;5;6;7;8;9;10;11;12;13;14;15;16,16,4,0.25,1,5,168.2399896165923,0.9185896968454831,0.9185896968454831,0.7401269252907918,0.9098461570970676,M,0.8743539748415463,-17.846277155469124,14.710960097181841,0.7737070244092746,0.7737070244092746,0.6018680807664786,0.8490525966671653,overlap,-7.5345572257890625,-17.183894364279606,85.72498641630473,0.7820318845546547,0.7820318845546547,0.7706260179985477,0.9169828649569054,overlap,-13.495098040225074,-1.140586655610698,False,False
IDs_1_16,17;18;19;20;21;22;23;24;25;26;27;28;29;30;31;32,1;2;3;4;5;6;7;8;9;10;11;12;13;14;15;16,16,8,0.5,1,4,310.454637521217,0.9511086716171605,0.9511086716171605,0.8722585875101972,0.8946331903217596,M,5.647548129540092,-7.885008410696326,26.020876726628053,0.8895265459194125,0.8895265459194125,0.8000097673084197,0.8326652617132575,M,5.6861284206155,-8.951677861099283,145.45172899488506,0.7949014606086573,0.7949014606086573,0.8174461692287802,0.8723076763355051,P,-7.7406215726847805,2.254470862012292,True,True
IDs_17_32,1;2;3;4;5;6;7;8;9;10;11;12;13;14;15;16,17;18;19;20;21;22;23;24;25;26;27;28;29;30;31;32,16,4,0.25,1,1,147.05551571436573,0.9454268177731668,0.9454268177731668,0.8598277278688916,0.8598277278688916,M,8.559908990427523,-8.559908990427523,12.75166666846468,0.8736416546939477,0.8736416546939477,0.8118954374301933,0.8118954374301933,M,6.17462172637544,-6.17462172637544,38.82818637438848,0.784226774805301,0.784226774805301,0.7508259070900504,0.7508259070900504,M,3.3400867715250637,-3.3400867715250637,False,False
IDs_17_32,1;2;3;4;5;6;7;8;9;10;11;12;13;14;15;16,17;18;19;20;21;22;23;24;25;26;27;28;29;30;31;32,16,8,0.5,1,1,279.3895824859882,0.9554576382617703,0.9554576382617703,0.9428191366299009,0.9428191366299009,M,1.2638501631869414,-1.2638501631869414,24.219300106337077,0.9226299071895313,0.9226299071895313,0.8918062861187401,0.8918062861187401,M,3.0823621070791174,-3.0823621070791174,69.19948547374412,0.8230200921572564,0.8230200921572564,0.8378687354716264,0.8378687354716264,P,-1.484864331437008,1.484864331437008,True,True
omit_direction_جنوب,2;3;10;29,1;4;5;6;7;8;9;11;12;13;14;15;16;17;18;19;20;21;22;23;24;25;26;27;28;30;31;32,28,8,0.2857142857142857,1,1,316.9329898533702,0.9186646675468628,0.9186646675468628,0.849200694405211,0.849200694405211,M,6.946397314165187,-6.946397314165187,26.561645726634787,0.8642230275874592,0.8642230275874592,0.7748570761445118,0.7748570761445118,M,8.936595144294735,-8.936595144294735,131.77829507489733,0.6792474810641512,0.6792474810641512,0.8001692851716825,0.8001692851716825,P,-12.092180410753128,12.092180410753128,True,True
omit_direction_جنوب شرق,15;22;24,1;2;3;4;5;6;7;8;9;10;11;12;13;14;16;17;18;19;20;21;23;25;26;27;28;29;30;31;32,29,8,0.27586206896551724,1,4,318.14652736675197,0.9074043842053906,0.9074043842053906,0.8802299339103384,0.9020635816418985,M,0.534080256349212,-2.7174450295052166,27.332043341718943,0.8081253901087129,0.8081253901087129,0.7987747961549749,0.8298637485516798,overlap,-2.17383584429669,-0.935059395373794,144.30499705564276,0.6725693700823705,0.6725693700823705,0.7848339416410821,0.8401314103826628,P,-16.75620403002923,11.226457155871161,False,True
omit_direction_جنوب غرب,17;27;31,1;2;3;4;5;6;7;8;9;10;11;12;13;14;15;16;18;19;20;21;22;23;24;25;26;28;29;30;32,29,8,0.27586206896551724,1,4,317.8497700888987,0.9222295029761114,0.9222295029761114,0.8519645099460306,0.87381854244573,M,4.841096053038141,-7.026499303008082,27.466429303797547,0.8432951226496858,0.8432951226496858,0.7579054162803973,0.7888422586692218,M,5.445286398046401,-8.538970636928845,145.45172899488506,0.6626610395622178,0.6626610395622178,0.8174461692287802,0.8723076763355051,P,-20.964663677328733,15.478512966656243,True,True
omit_direction_شرق,6;7;8;11;13;18;19;23;26,1;2;3;4;5;9;10;12;14;15;16;17;20;21;22;24;25;27;28;29;30;31;32,23,8,0.34782608695652173,1,1,290.8840005839306,0.9458353656981097,0.9458353656981097,0.8701388490038033,0.8701388490038033,M,7.569651669430632,-7.569651669430632,25.489773745647803,0.8022166905444241,0.8022166905444241,0.7138480702219292,0.7138480702219292,M,8.836862032249492,-8.836862032249492,131.61464290468265,0.782599615518274,0.782599615518274,0.8863695461153211,0.8863695461153211,P,-10.37699305970472,10.37699305970472,True,True
omit_direction_شمال,1;4;9;12;20;25;30,2;3;5;6;7;8;10;11;13;14;15;16;17;18;19;21;22;23;24;26;27;28;29;31;32,25,8,0.32,1,1,313.189286517012,0.9059387569030374,0.9059387569030374,0.8568074061934126,0.8568074061934126,M,4.913135070962483,-4.913135070962483,27.059235309263023,0.8291524388531,0.8291524388531,0.7572059026257888,0.7572059026257888,M,7.194653622731117,-7.194653622731117,127.05311424328167,0.6250693689125247,0.6250693689125247,0.8635368970671602,0.8635368970671602,P,-23.846752815463546,23.846752815463546,True,True
omit_direction_شمال شرق,32,1;2;3;4;5;6;7;8;9;10;11;12;13;14;15;16;17;18;19;20;21;22;23;24;25;26;27;28;29;30;31,31,8,0.25806451612903225,1,6,318.14652736675197,0.916778166756478,0.916778166756478,0.8465787147468589,0.8760145499948326,M,4.076361676164542,-7.019945200961919,27.466429303797547,0.8432435750738719,0.8432435750738719,0.7414268148068228,0.7730323629130463,M,7.02112121608256,-10.181676026704912,145.52675080651431,0.6034608003959459,0.6034608003959459,0.8075266952986846,0.8664897139788136,P,-26.30289135828677,20.406589490273873,True,True
omit_direction_غرب,5;14;16;21;28,1;2;3;4;6;7;8;9;10;11;12;13;15;17;18;19;20;22;23;24;25;26;27;29;30;31;32,27,8,0.2962962962962963,1,1,318.14652736675197,0.9326175085950971,0.9326175085950971,0.9054980228955105,0.9054980228955105,M,2.7119485699586554,-2.7119485699586554,27.46262676564652,0.8587108696441549,0.8587108696441549,0.7875934247475563,0.7875934247475563,M,7.111744489659855,-7.111744489659855,145.52675080651431,0.6694429391484704,0.6694429391484704,0.8414735694560225,0.8414735694560225,P,-17.203063030755207,17.203063030755207,True,True
