choice,record_id,side,sign,signed_F1,signed_F2,signed_F3,signed_F4,signed_F123,signed_total
1,16,magnetic_only,1,1.6932254869705898,3.6686552217696113,1.8813616521895442,21.57169270400532,7.243242360929745,28.814935064935064
1,19,magnetic_only,1,3.138415659455853,3.2505019330078477,0.5604313677599738,25.044556962457715,6.949348960223674,31.99390592268139
1,24,magnetic_only,1,3.1879634116168902,3.702151058651872,0.7198627058489752,29.22642585746839,7.609977176117737,36.83640303358612
1,26,magnetic_only,1,2.7006323661535174,3.314412449370225,1.5958282163634416,30.195524973929185,7.610873031887184,37.80639800581637
1,29,magnetic_only,1,2.7533212682744796,3.6710950243659726,0.7509058004384943,24.77488537580072,7.175322093078947,31.95020746887967
1,2,proximity_only,-1,-3.198576715376445,-14.270573037833369,-4.264768953835259,-16.316021839922815,-21.73391870704507,-38.04994054696789
1,3,proximity_only,-1,-2.1147915589637547,-11.084424722844503,-3.6461923430409566,-17.00875804181745,-16.845408624849213,-33.854166666666664
1,5,proximity_only,-1,-2.5476171152042872,-3.770473330502345,-2.5476171152042872,-22.569849547017824,-8.86570756091092,-31.435557107928744
1,14,proximity_only,-1,-1.7178460375430589,-8.276894544525645,-2.7069089076436073,-8.825564157728794,-12.70164948971231,-21.5272136474411
1,15,proximity_only,-1,-1.0981839175671775,-11.177943446665914,-1.6472758763507658,-9.224744907564292,-13.923403240583855,-23.148148148148145
2,16,magnetic_only,1,1.6932254869705898,3.6686552217696113,1.8813616521895442,21.57169270400532,7.243242360929745,28.814935064935064
2,19,magnetic_only,1,3.138415659455853,3.2505019330078477,0.5604313677599738,25.044556962457715,6.949348960223674,31.99390592268139
2,24,magnetic_only,1,3.1879634116168902,3.702151058651872,0.7198627058489752,29.22642585746839,7.609977176117737,36.83640303358612
2,26,magnetic_only,1,2.7006323661535174,3.314412449370225,1.5958282163634416,30.195524973929185,7.610873031887184,37.80639800581637
2,29,magnetic_only,1,2.7533212682744796,3.6710950243659726,0.7509058004384943,24.77488537580072,7.175322093078947,31.95020746887967
2,2,proximity_only,-1,-3.198576715376445,-14.270573037833369,-4.264768953835259,-16.316021839922815,-21.73391870704507,-38.04994054696789
2,3,proximity_only,-1,-2.1147915589637547,-11.084424722844503,-3.6461923430409566,-17.00875804181745,-16.845408624849213,-33.854166666666664
2,9,proximity_only,-1,-2.5659840735162707,-3.6886021056796405,-2.806545080408421,-21.846146905899154,-9.061131259604332,-30.907278165503485
2,14,proximity_only,-1,-1.7178460375430589,-8.276894544525645,-2.7069089076436073,-8.825564157728794,-12.70164948971231,-21.5272136474411
2,15,proximity_only,-1,-1.0981839175671775,-11.177943446665914,-1.6472758763507658,-9.224744907564292,-13.923403240583855,-23.148148148148145
3,16,magnetic_only,1,1.6932254869705898,3.6686552217696113,1.8813616521895442,21.57169270400532,7.243242360929745,28.814935064935064
3,19,magnetic_only,1,3.138415659455853,3.2505019330078477,0.5604313677599738,25.044556962457715,6.949348960223674,31.99390592268139
3,24,magnetic_only,1,3.1879634116168902,3.702151058651872,0.7198627058489752,29.22642585746839,7.609977176117737,36.83640303358612
3,26,magnetic_only,1,2.7006323661535174,3.314412449370225,1.5958282163634416,30.195524973929185,7.610873031887184,37.80639800581637
3,29,magnetic_only,1,2.7533212682744796,3.6710950243659726,0.7509058004384943,24.77488537580072,7.175322093078947,31.95020746887967
3,2,proximity_only,-1,-3.198576715376445,-14.270573037833369,-4.264768953835259,-16.316021839922815,-21.73391870704507,-38.04994054696789
3,3,proximity_only,-1,-2.1147915589637547,-11.084424722844503,-3.6461923430409566,-17.00875804181745,-16.845408624849213,-33.854166666666664
3,11,proximity_only,-1,-2.9645161533191295,-4.50167267726238,-2.195937891347503,-28.191450649119243,-9.662126721929013,-37.85357737104826
3,14,proximity_only,-1,-1.7178460375430589,-8.276894544525645,-2.7069089076436073,-8.825564157728794,-12.70164948971231,-21.5272136474411
3,15,proximity_only,-1,-1.0981839175671775,-11.177943446665914,-1.6472758763507658,-9.224744907564292,-13.923403240583855,-23.148148148148145
4,16,magnetic_only,1,1.6932254869705898,3.6686552217696113,1.8813616521895442,21.57169270400532,7.243242360929745,28.814935064935064
4,19,magnetic_only,1,3.138415659455853,3.2505019330078477,0.5604313677599738,25.044556962457715,6.949348960223674,31.99390592268139
4,24,magnetic_only,1,3.1879634116168902,3.702151058651872,0.7198627058489752,29.22642585746839,7.609977176117737,36.83640303358612
4,26,magnetic_only,1,2.7006323661535174,3.314412449370225,1.5958282163634416,30.195524973929185,7.610873031887184,37.80639800581637
4,29,magnetic_only,1,2.7533212682744796,3.6710950243659726,0.7509058004384943,24.77488537580072,7.175322093078947,31.95020746887967
4,2,proximity_only,-1,-3.198576715376445,-14.270573037833369,-4.264768953835259,-16.316021839922815,-21.73391870704507,-38.04994054696789
4,5,proximity_only,-1,-2.5476171152042872,-3.770473330502345,-2.5476171152042872,-22.569849547017824,-8.86570756091092,-31.435557107928744
4,9,proximity_only,-1,-2.5659840735162707,-3.6886021056796405,-2.806545080408421,-21.846146905899154,-9.061131259604332,-30.907278165503485
4,14,proximity_only,-1,-1.7178460375430589,-8.276894544525645,-2.7069089076436073,-8.825564157728794,-12.70164948971231,-21.5272136474411
4,15,proximity_only,-1,-1.0981839175671775,-11.177943446665914,-1.6472758763507658,-9.224744907564292,-13.923403240583855,-23.148148148148145
5,16,magnetic_only,1,1.6932254869705898,3.6686552217696113,1.8813616521895442,21.57169270400532,7.243242360929745,28.814935064935064
5,19,magnetic_only,1,3.138415659455853,3.2505019330078477,0.5604313677599738,25.044556962457715,6.949348960223674,31.99390592268139
5,24,magnetic_only,1,3.1879634116168902,3.702151058651872,0.7198627058489752,29.22642585746839,7.609977176117737,36.83640303358612
5,26,magnetic_only,1,2.7006323661535174,3.314412449370225,1.5958282163634416,30.195524973929185,7.610873031887184,37.80639800581637
5,29,magnetic_only,1,2.7533212682744796,3.6710950243659726,0.7509058004384943,24.77488537580072,7.175322093078947,31.95020746887967
5,2,proximity_only,-1,-3.198576715376445,-14.270573037833369,-4.264768953835259,-16.316021839922815,-21.73391870704507,-38.04994054696789
5,5,proximity_only,-1,-2.5476171152042872,-3.770473330502345,-2.5476171152042872,-22.569849547017824,-8.86570756091092,-31.435557107928744
5,11,proximity_only,-1,-2.9645161533191295,-4.50167267726238,-2.195937891347503,-28.191450649119243,-9.662126721929013,-37.85357737104826
5,14,proximity_only,-1,-1.7178460375430589,-8.276894544525645,-2.7069089076436073,-8.825564157728794,-12.70164948971231,-21.5272136474411
5,15,proximity_only,-1,-1.0981839175671775,-11.177943446665914,-1.6472758763507658,-9.224744907564292,-13.923403240583855,-23.148148148148145
6,16,magnetic_only,1,1.6932254869705898,3.6686552217696113,1.8813616521895442,21.57169270400532,7.243242360929745,28.814935064935064
6,19,magnetic_only,1,3.138415659455853,3.2505019330078477,0.5604313677599738,25.044556962457715,6.949348960223674,31.99390592268139
6,24,magnetic_only,1,3.1879634116168902,3.702151058651872,0.7198627058489752,29.22642585746839,7.609977176117737,36.83640303358612
6,26,magnetic_only,1,2.7006323661535174,3.314412449370225,1.5958282163634416,30.195524973929185,7.610873031887184,37.80639800581637
6,29,magnetic_only,1,2.7533212682744796,3.6710950243659726,0.7509058004384943,24.77488537580072,7.175322093078947,31.95020746887967
6,2,proximity_only,-1,-3.198576715376445,-14.270573037833369,-4.264768953835259,-16.316021839922815,-21.73391870704507,-38.04994054696789
6,9,proximity_only,-1,-2.5659840735162707,-3.6886021056796405,-2.806545080408421,-21.846146905899154,-9.061131259604332,-30.907278165503485
6,11,proximity_only,-1,-2.9645161533191295,-4.50167267726238,-2.195937891347503,-28.191450649119243,-9.662126721929013,-37.85357737104826
6,14,proximity_only,-1,-1.7178460375430589,-8.276894544525645,-2.7069089076436073,-8.825564157728794,-12.70164948971231,-21.5272136474411
6,15,proximity_only,-1,-1.0981839175671775,-11.177943446665914,-1.6472758763507658,-9.224744907564292,-13.923403240583855,-23.148148148148145
