target,k,oracle,m_lo,m_hi,p_lo,p_hi,classification
F1,1,4.7345054676233875,0.5997354251365439,0.5997354251365439,0.2319532472983795,1.0,overlap
F2,1,17.62814666077523,0.9751557010673808,0.9751557010673808,0.46952721144207077,0.9751557010673808,overlap
F3,1,5.505394950984572,0.9478792872569819,0.9478792872569819,0.2992112084631042,0.9478792872569819,overlap
F4,1,32.377841956629666,0.5110147766592426,0.5110147766592426,0.2725803705370696,1.0,overlap
F123,1,25.248088207150722,1.0,1.0,0.5030737133639674,1.0,overlap
total,1,50.080775444264944,0.8345246956057693,0.8345246956057693,0.4298498467021304,1.0,overlap
F1,2,8.458805932267115,0.895393058749349,0.895393058749349,0.33291104887134926,0.9378489406806406,overlap
F2,2,34.81833437628211,0.7567974467207346,0.7567974467207346,0.5008032031519534,0.9035688041060055,overlap
F3,2,10.723844793192015,0.8417353287710434,0.8417353287710434,0.4060283292013521,0.8843114553525693,overlap
F4,2,62.57336693055885,0.7818565634657002,0.7818565634657002,0.288466322825884,0.7818565634657002,overlap
F123,2,46.98200691419579,0.9142015106597794,0.9142015106597794,0.5667074371455023,1.0,overlap
total,2,91.87441932759103,1.0,1.0,0.48626551462919215,1.0,overlap
F1,3,11.750281508022889,0.8244340224157465,0.8244340224157465,0.4813059670685486,0.916789340330352,overlap
F2,3,49.088907414115475,0.564466122775444,0.564466122775444,0.5829234818637565,0.8686016138086918,P
F3,3,15.531774581482923,0.8907268605012906,0.8907268605012906,0.5255274548090136,0.8557559155132525,M
F4,3,92.40164324630527,0.7904298252592936,0.7904298252592936,0.3719233738474674,0.7060417670151821,M
F123,3,68.02205292866945,0.7531517161383814,0.7531517161383814,0.6516708083541006,0.9509407260857325,overlap
total,3,130.19004906962442,0.9545118195390997,0.9545118195390997,0.6354195496025693,0.9979592204092079,overlap
F1,4,14.948858223399332,0.8579750584266351,0.8579750584266351,0.5922898717484588,0.8355406602511088,M
F2,4,60.26685086078139,0.5137073985142178,0.5137073985142178,0.7115959977338875,0.8594931093910283,P
F3,4,19.796543535318182,0.7271471483421583,0.7271471483421583,0.6277430651537006,0.8081368778152642,overlap
F4,4,121.62806910377365,0.8064057286285018,0.8064057286285018,0.41858665484488616,0.6122284512858536,M
F123,4,85.72498641630473,0.6786851452640312,0.6786851452640312,0.7706260179985477,0.9169828649569054,P
total,4,168.2399896165923,0.9288032346062525,0.9288032346062525,0.7401269252907918,0.9098461570970676,M
F1,5,18.136821635016226,0.8829392074040259,0.8829392074040259,0.7492251432473391,0.7492251432473391,M
F2,5,71.421426806649,0.4853120384282409,0.4853120384282409,0.8411458615451692,0.8411458615451692,P
F3,5,23.604732715797866,0.6403318803297062,0.6403318803297062,0.7475446967763013,0.7475446967763013,P
F4,5,149.8195197528929,0.849742395081443,0.849742395081443,0.5559337573327968,0.5559337573327968,M
F123,5,102.57039504115394,0.6414156054330086,0.6414156054330086,0.8902178167052125,0.8902178167052125,P
total,5,206.09356698764054,0.936944575233537,0.936944575233537,0.8471866648832321,0.8471866648832321,M
F1,6,21.275237294472078,0.8796302963100422,0.8796302963100422,0.7380382320221252,0.7380382320221252,M
F2,6,82.50585152949351,0.4602836038457596,0.4602836038457596,0.7446070203443977,0.7446070203443977,P
F3,6,27.250925058838824,0.6132155537791667,0.6132155537791667,0.8239545079782485,0.8239545079782485,P
F4,6,177.0083817507143,0.8898082732631295,0.8898082732631295,0.6067698295853785,0.6067698295853785,M
F123,6,118.82667626458891,0.617715881434494,0.617715881434494,0.8381106033300945,0.8381106033300945,P
total,6,243.89996499345688,0.9467186581663112,0.9467186581663112,0.84868090477767,0.84868090477767,M
F1,7,24.409049316108238,0.8794961358659011,0.8794961358659011,0.7299231464073994,0.7647350140615247,M
F2,7,91.6862260627193,0.45423601224719473,0.45423601224719473,0.7102815894012773,0.7909460788754721,P
F3,7,30.42589658451618,0.5739057467997564,0.5739057467997564,0.8101473812508566,0.8578125157084387,P
F4,7,203.80605674594443,0.8943718886712224,0.8943718886712224,0.6104436033859808,0.6653128883613613,M
F123,7,132.75007950517275,0.6069785228011935,0.6069785228011935,0.8169908846834948,0.8771015911605283,P
total,7,281.0331253048963,0.9353162719487995,0.9353162719487995,0.8465212806258738,0.871238292892697,M
F1,8,27.466429303797547,0.8432435750738719,0.8432435750738719,0.7414268148068228,0.7730323629130463,M
F2,8,100.8464649022515,0.4493547787760116,0.4493547787760116,0.6831524711482206,0.7637405410602623,P
F3,8,33.2324416649246,0.5820504779218227,0.5820504779218227,0.8183893867799907,0.8698205284978006,P
F4,8,230.59037543015938,0.8840355987028243,0.8840355987028243,0.6342773426902176,0.6859117408137709,M
F123,8,145.52675080651431,0.6034608003959459,0.6034608003959459,0.8075266952986846,0.8664897139788136,P
total,8,318.14652736675197,0.916778166756478,0.916778166756478,0.8465787147468589,0.8760145499948326,M
F1,9,30.520006753335828,0.8281676280051653,0.8281676280051653,0.7513213038146326,0.7791628636551297,M
F2,9,109.12335944677714,0.5168486924822608,0.5168486924822608,0.6725891207335393,0.7403640009668777,P
F3,9,35.93935057256821,0.6396651728639353,0.6396651728639353,0.8348404230395038,0.8751932515850592,P
F4,9,256.9015948374453,0.8597021703196356,0.8597021703196356,0.6571703076877552,0.7006993975494886,M
F123,9,158.22840029622662,0.6614811117954893,0.6614811117954893,0.8037676083444649,0.8541991430689465,P
total,9,354.9829304003381,0.9170129854378688,0.9170129854378688,0.8540980958269174,0.8736660767371853,M
F1,10,33.48452290665496,0.8309301223248499,0.8309301223248499,0.7733378042104421,0.7733378042104421,M
F2,10,116.07035357687181,0.5183988600499146,0.5183988600499146,0.727831065395115,0.727831065395115,P
F3,10,38.4869676877725,0.6635172773025937,0.6635172773025937,0.8743171260410715,0.8743171260410715,P
F4,10,282.60813878381487,0.861364818560868,0.861364818560868,0.6971474764377934,0.6971474764377934,M
F123,10,170.3576224067916,0.6664263336299917,0.6664263336299917,0.8454231132623284,0.8454231132623284,P
total,10,390.2624847638619,0.9146652005503764,0.9146652005503764,0.8738831827081543,0.8738831827081543,M
F1,11,36.44082272241005,0.844871563484256,0.844871563484256,0.7708304240618162,0.7708304240618162,M
F2,11,121.1602470221217,0.5337758319797354,0.5337758319797354,0.7090694633081402,0.7090694633081402,P
F3,11,40.89227676236326,0.6781893330208516,0.6781893330208516,0.8617678134067508,0.8617678134067508,P
F4,11,307.6832744332302,0.8827914332906267,0.8827914332906267,0.710544228982281,0.710544228982281,M
F123,11,180.68670578443232,0.6818040756987654,0.6818040756987654,0.8259621173862706,0.8259621173862706,P
total,11,425.296911657341,0.928323438151304,0.928323438151304,0.8649556086890842,0.8649556086890842,M
F1,12,39.38078847558445,0.8630195813520268,0.8630195813520268,0.7968649593567299,0.7968649593567299,M
F2,12,125.8985568576121,0.6270364543115378,0.6270364543115378,0.7045047080922274,0.7045047080922274,P
F3,12,43.10888031036145,0.742247876229708,0.742247876229708,0.8732529523915299,0.8732529523915299,P
F4,12,332.727831395688,0.8653805107573542,0.8653805107573542,0.7376006057824287,0.7376006057824287,M
F123,12,190.34883250636136,0.761375046156962,0.761375046156962,0.828595854173587,0.828595854173587,P
total,12,459.15107832400776,0.9427464123396547,0.9427464123396547,0.8780171113421681,0.8780171113421681,M
F1,13,42.22023912502085,0.8634012943723742,0.8773036297442243,0.8084864601365567,0.8084864601365567,M
F2,13,130.4002295348745,0.6243056665702172,0.6417265892008814,0.7083363380726857,0.7083363380726857,P
F3,13,45.304818201708954,0.7178917170092444,0.723023188170764,0.8475006484918725,0.8475006484918725,P
F4,13,357.5027167714886,0.8755494759662925,0.8790070266362099,0.7557848449768269,0.7557848449768269,M
F123,13,199.6385640074173,0.7544586697189115,0.7676133018338074,0.8259805733150131,0.8259805733150131,P
total,13,492.5445801290619,0.9438058284744374,0.9466280869332125,0.883357016769038,0.883357016769038,M
F1,14,44.97356039329534,0.8784402705346426,0.8784402705346426,0.8287737730748922,0.8287737730748922,M
F2,14,134.49356774130462,0.6405355549930328,0.6405355549930328,0.710946438639334,0.710946438639334,P
F3,14,47.4665577261019,0.7011865734684236,0.7011865734684236,0.8207103282758716,0.8207103282758716,P
F4,14,381.61633386353225,0.8891719395177459,0.8891719395177459,0.7736558059434919,0.7736558059434919,M
F123,14,208.69969526702164,0.7615603433340689,0.7615603433340689,0.823417227777865,0.823417227777865,P
total,14,525.4472850140033,0.9482586769880799,0.9482586769880799,0.8889314497814941,0.8889314497814941,M
F1,15,47.67419275944886,0.9067985113364707,0.9067985113364707,0.8240072258592023,0.8599455056799287,M
F2,15,138.45037990563833,0.6482887818181996,0.6482887818181996,0.714567453858751,0.7711954205125146,P
F3,15,49.347919378291444,0.6956802415278683,0.6956802415278683,0.8040087075447713,0.8332273014938054,P
F4,15,405.29438393127225,0.8912569154337158,0.8912569154337158,0.7650469332096822,0.8029600957054133,M
F123,15,217.56540282793256,0.7690427129126046,0.7690427129126046,0.8248411712449623,0.8645823430256402,P
total,15,557.8408063097443,0.9474719384340571,0.9474719384340571,0.8915898120092645,0.9050844060639042,M
F1,16,50.36784183063811,0.8903380761624025,0.8903380761624025,0.8335578845747803,0.8772496419559962,M
F2,16,142.22085323614067,0.6956518711095574,0.6956518711095574,0.7209916773584314,0.7995964761420996,P
F3,16,51.20499316889065,0.6965277694537206,0.6965277694537206,0.7953055720703847,0.834173764526966,P
F4,16,428.8228229922252,0.8891479623276991,0.8891479623276991,0.7741381624453586,0.8270586921960995,M
F123,16,226.0472821962263,0.7938441373584348,0.7938441373584348,0.8275603798698717,0.8778353236013583,P
total,16,590.035545218264,0.950338083094648,0.950338083094648,0.8956256928454863,0.9185996018569061,M
F1,17,52.93382590415438,0.8679250087967666,0.8679250087967666,0.8486912984801359,0.8902650840036755,overlap
F2,17,145.92300429479255,0.7546044343271138,0.7546044343271138,0.7280702799545886,0.8046808295077229,overlap
F3,17,52.93079856741397,0.7049388364252325,0.7049388364252325,0.7952786428103955,0.8328795402669404,P
F4,17,451.39267253924305,0.8651263255425635,0.8651263255425635,0.7947679541892835,0.8450424321383777,M
F123,17,234.42695824167464,0.8248612464549311,0.8248612464549311,0.8337242961913086,0.8822021439538296,P
total,17,622.0389589157252,0.9386572798693205,0.9386572798693205,0.9087652612764149,0.9305571807937651,M
F1,18,55.48144301935866,0.8766217628429153,0.8766217628429153,0.8671807767319187,0.8980618855563327,overlap
F2,18,149.6116064004722,0.7485247410789322,0.7485247410789322,0.7565535819182384,0.8089570263108565,P
F3,18,54.578074443764734,0.6943915083933861,0.6943915083933861,0.8005149010697331,0.8269335102500484,P
F4,18,473.29155927134815,0.8748098611120337,0.8748098611120337,0.819745987747648,0.8522122160916525,M
F123,18,242.74532439731342,0.817823293853832,0.817823293853832,0.8477054487325385,0.8833242771024946,P
total,18,654.0328648384065,0.9365934602525533,0.9365934602525533,0.9210558543321066,0.9325657273567944,M
F1,19,57.9480605451012,0.8689520572142568,0.8689520572142568,0.8945379850294407,0.8945379850294407,P
F2,19,153.28270142483817,0.7845952763744436,0.7845952763744436,0.8112055144438998,0.8112055144438998,P
F3,19,56.17390266012818,0.7228527558701628,0.7228527558701628,0.8162562901449507,0.8162562901449507,P
F4,19,495.13770617724737,0.8540365278462938,0.8540365278462938,0.8445617784797601,0.8445617784797601,M
F123,19,251.02522860101067,0.8414470188240265,0.8414470188240265,0.8845039863395279,0.8845039863395279,P
total,19,685.9830723072861,0.9243524268209555,0.9243524268209555,0.9332696722930931,0.9332696722930931,P
F1,20,60.38302187699887,0.8884212868192422,0.8884212868192422,0.8952124668708248,0.8952124668708248,P
F2,20,156.95135664660776,0.7840007301297126,0.7840007301297126,0.8095231241787284,0.8095231241787284,P
F3,20,57.76373561204482,0.7445981283017669,0.7445981283017669,0.8236674149052472,0.8236674149052472,P
F4,20,516.7407304062324,0.8701914440364027,0.8701914440364027,0.8550756806838615,0.8550756806838615,M
F123,20,258.8707934966684,0.8487103031461194,0.8487103031461194,0.883411721523777,0.883411721523777,P
total,20,717.4186294152149,0.9330252164687693,0.9330252164687693,0.9346592040283058,0.9346592040283058,P
F1,21,62.601914532243136,0.8890548220271963,0.8979205586845473,0.9065103434429892,0.9065103434429892,P
F2,21,160.55927272173136,0.7893569655806946,0.8096509789327742,0.8030031104602348,0.8030031104602348,overlap
F3,21,59.14474249330371,0.7503944528626568,0.7746641978539764,0.8143358249862579,0.8143358249862579,P
F4,21,538.3124231102378,0.8759030797882337,0.8850765106182044,0.8645181698785268,0.8645181698785268,M
F123,21,266.4816665285556,0.8584734697286353,0.8632315911204516,0.8775183830457695,0.8775183830457695,P
total,21,748.5044437759856,0.9355681933452127,0.9438595588113201,0.934160695755179,0.934160695755179,M
F1,22,64.79676194485315,0.8985405490801089,0.8985405490801089,0.9019356334429471,0.9214284952908812,P
F2,22,163.87368517110158,0.8157842688530604,0.8157842688530604,0.8018139873850662,0.8117406615731099,M
F3,22,60.51585975582239,0.7797696662292511,0.7797696662292511,0.8084267844491343,0.8269740283952397,P
F4,22,558.3779399081926,0.8923952619916672,0.8923952619916672,0.8720841722977218,0.886870901897209,M
F123,22,274.09164370467334,0.8723232895020298,0.8723232895020298,0.8739221385083438,0.8817785276210408,P
total,22,779.411721941489,0.9460857868539655,0.9460857868539655,0.9340870127344677,0.9447594532589495,M
F1,23,66.97814484996024,0.8995980802985284,0.9024049687727593,0.9089154379843468,0.9282460797262124,P
F2,23,167.12418710410944,0.8161449082684874,0.9053969010965397,0.8081706813159089,0.8196284939547152,overlap
F3,23,61.85118696065524,0.7852628386182574,0.7908374853503204,0.8038417890941003,0.8238832159510684,P
F4,23,578.0088377006863,0.8919749631393682,0.9030517251585255,0.887986047070124,0.903788964960813,overlap
F123,23,281.39652770036633,0.873334167395598,0.924448401697936,0.8769759875550291,0.8848474856802813,overlap
total,23,809.7464499749618,0.9481055215412546,0.9579615718009469,0.9386169964184659,0.9526327891927019,overlap
F1,24,69.11265197025482,0.9039199249815003,0.9039199249815003,0.916533884630641,0.9348094722803251,P
F2,24,170.18156709179874,0.9050668861876221,0.9050668861876221,0.8169021045953742,0.8264608406470295,M
F3,24,62.89864646633629,0.799623630535107,0.799623630535107,0.8049724775970621,0.8228170971009214,P
F4,24,595.284421428246,0.9058652340947211,0.9058652340947211,0.907889784285906,0.9217597652807578,P
F123,24,288.6397700612961,0.924312156238999,0.924312156238999,0.8802767606013557,0.887737169141126,M
total,24,840.0250127525154,0.9595437014078488,0.9595437014078488,0.9464911110494936,0.9563934652892176,M
F1,25,71.22744352921858,0.9112676420781128,0.9112676420781128,0.9308264331567769,0.9308264331567769,P
F2,25,172.96666180974594,0.9133697298986448,0.9133697298986448,0.8274138902239915,0.8274138902239915,M
F3,25,63.81175696579791,0.8024909041458378,0.8024909041458378,0.8229367663993975,0.8229367663993975,P
F4,25,612.2931794700635,0.9294170785608246,0.9294170785608246,0.9313853892159507,0.9313853892159507,P
F123,25,295.835930999868,0.9265207620689615,0.9265207620689615,0.8853841579711711,0.8853841579711711,M
total,25,868.8399478174505,0.9704593722252746,0.9704593722252746,0.957839668895825,0.957839668895825,M
F1,26,73.34081926033545,0.9149354016696056,0.9149354016696056,0.9316950691955671,0.9316950691955671,P
F2,26,175.67864172171116,0.907417850240312,0.907417850240312,0.9149841074162248,0.9149841074162248,P
F3,26,64.60768383927044,0.8172122007327245,0.8172122007327245,0.8341739652985126,0.8341739652985126,P
F4,26,628.8387351462388,0.9393167584967638,0.9393167584967638,0.9343516424221517,0.9343516424221517,M
F123,26,303.01125309294696,0.9217949233781171,0.9217949233781171,0.9338547324300537,0.9338547324300537,P
total,26,897.5214546667654,0.9693283571313668,0.9693283571313668,0.9699211012244574,0.9699211012244574,P
F1,27,75.37171173277498,0.9292886690730408,0.9295053825084287,0.9471545493939492,0.9471545493939492,P
F2,27,178.1452592474537,0.9178311805848425,0.9574687087978667,0.9194774302020344,0.9194774302020344,overlap
F3,27,65.36664307796045,0.8199000567321014,0.8407946994215153,0.8730602744058624,0.8730602744058624,P
F4,27,645.1547569861616,0.9385473623115418,0.9577045160434963,0.9330497247174523,0.9330497247174523,M
F123,27,309.96060205317065,0.9264396759492635,0.9535744675068513,0.9428882969175909,0.9428882969175909,overlap
total,27,924.3405814858924,0.9748342002409568,0.9791060158593525,0.9674136465479917,0.9674136465479917,M
F1,28,77.38268371780238,0.943342541128083,0.943342541128083,0.9433916805216572,0.9433916805216572,P
F2,28,180.44395922315556,0.9679562026265787,0.9679562026265787,0.9586406796518121,0.9586406796518121,M
F3,28,66.11754887839894,0.8432837399181865,0.8432837399181865,0.883341072653529,0.883341072653529,P
F4,28,659.9842901234972,0.9586548754539838,0.9586548754539838,0.9424875629807086,0.9424875629807086,M
F123,28,316.6172800189035,0.9583055003457098,0.9583055003457098,0.9613734483280788,0.9613734483280788,P
total,28,950.6212899223807,0.9847383477735646,0.9847383477735646,0.9745357497429082,0.9745357497429082,M
F1,29,79.10052975534543,0.9624738260890565,0.9624738260890565,0.9625218983100997,0.9625218983100997,P
F2,29,182.6492343494921,0.9683430938695267,0.9683430938695267,0.9591400449008968,0.9591400449008968,M
F3,29,66.8374115842479,0.8619862187568175,0.8619862187568175,0.9016121197648017,0.9016121197648017,P
F4,29,674.3892535270334,0.9762962531696155,0.9762962531696155,0.960474274705287,0.960474274705287,M
F123,29,323.26709066289806,0.9608532722840335,0.9608532722840335,0.9638581106157835,0.9638581106157835,P
total,29,974.3159848269728,0.9945602436704015,0.9945602436704015,0.9846057658095212,0.9846057658095212,M
F1,30,80.79375524231602,0.9687221048812034,0.9687221048812034,0.968769169634409,0.9693493603270184,P
F2,30,184.52307718162376,0.9709670323904179,0.9709670323904179,0.9618574409318568,0.9769839688013259,overlap
F3,30,67.42298746928905,0.8873758561684812,0.8873758561684812,0.9266576019717755,0.9754360902356547,P
F4,30,683.6139984345976,0.9918383777123002,0.9918383777123002,0.9604688395039779,0.9762299023587925,M
F123,30,328.95928495307317,0.9644417015754327,0.9644417015754327,0.967394545255026,0.9860195269399812,P
total,30,997.4641329751208,0.9978270083249147,0.9978270083249147,0.9834441057556934,0.9881035440119338,M
F1,31,82.4072756148224,0.9868555418261504,0.9868555418261504,0.9762715911018492,0.9762715911018492,M
F2,31,185.95449940723898,0.9799343668862299,0.9799343668862299,0.9818250638625342,0.9818250638625342,P
F3,31,67.98341883704903,0.9267627876687315,0.9267627876687315,1.0000000000000002,1.0000000000000002,P
F4,31,692.4704130293325,0.9999554487290351,0.9999554487290351,0.9765339122279607,0.9765339122279607,M
F123,31,334.175387543215,0.977186819265696,0.977186819265696,0.9905280326281738,0.9905280326281738,P
total,31,1019.0972188711972,0.999896111728425,0.999896111728425,0.9883560783624189,0.9883560783624189,M
