element,target,k,magnetic_choice_count,proximity_choice_count,oracle,m_lo,m_hi,p_lo,p_hi,classification
Cd,total,1,1,5,16.895649049566277,0.30529639651058343,0.30529639651058343,0.007990222784810125,0.5437925604793357,overlap
Cd,F1,1,1,5,6.160263719590202,0.14344371335258305,0.14344371335258305,0.008434855930271915,0.4443619153719849,overlap
Cd,F123,1,1,5,11.293816819248704,0.39121012732522675,0.39121012732522675,0.009743985651551887,0.6261463352968879,overlap
Co,total,1,1,5,126.73241390685106,0.841272056541401,0.841272056541401,0.742843372370073,0.9430475145125262,overlap
Co,F1,1,1,5,25.86790346053625,0.7006895339502871,0.7006895339502871,0.5847455165062624,0.8305551791520377,overlap
Co,F123,1,1,5,83.41525172219858,0.9378544199723712,0.9378544199723712,0.7674870074560484,0.9378544199723712,overlap
Cr,total,1,1,5,142.8715670436187,0.23615377870351714,0.23615377870351714,0.00736457626916991,1.0,overlap
Cr,F1,1,1,5,14.546684893160604,0.016311938348760862,0.016311938348760862,0.004924102172845752,0.036383632485576196,overlap
Cr,F123,1,1,5,55.62908069032845,0.13223397704311352,0.13223397704311352,0.0036117553577242824,0.6632068910601715,overlap
Cu,total,1,1,5,50.080775444264944,0.8345246956057693,0.8345246956057693,0.4298498467021304,1.0,overlap
Cu,F1,1,1,5,4.7345054676233875,0.5997354251365439,0.5997354251365439,0.2319532472983795,1.0,overlap
Cu,F123,1,1,5,25.248088207150722,1.0,1.0,0.5030737133639674,1.0,overlap
Fe,total,1,1,5,23375.84196789973,0.935631655821228,0.935631655821228,0.8269674991680326,0.935631655821228,overlap
Fe,F1,1,1,5,64.56494997373328,0.5461258691825734,0.5461258691825734,0.34138568114089196,1.0,overlap
Fe,F123,1,1,5,11415.893039310955,0.8106562963573859,0.8106562963573859,0.03267878854419424,0.9556649740876763,overlap
Mn,total,1,1,5,2231.823095055153,0.37974740782303495,0.37974740782303495,0.23967165984970082,0.5048477421290862,overlap
Mn,F1,1,1,5,182.423645915076,0.2904076059177282,0.2904076059177282,0.1343524712378031,0.29738669460255224,overlap
Mn,F123,1,1,5,1943.756388169513,0.3315149625022368,0.3315149625022368,0.21588012570364534,0.4588347258437624,overlap
Ni,total,1,1,5,132.37847222222223,0.745434172869816,0.745434172869816,0.4295588019869224,0.8932379485780004,overlap
Ni,F1,1,1,5,21.618150684931507,0.47906298321741986,0.47906298321741986,0.2570243260014917,0.6460969198696932,overlap
Ni,F123,1,1,5,92.29203345070422,0.7346839370734537,0.7346839370734537,0.41454005752730705,0.7644394159453722,overlap
Pb,total,1,1,5,10639.968590498625,0.04628681000567081,0.04628681000567081,0.034611567706586154,0.08875535445037634,overlap
Pb,F1,1,1,5,806.0582265529264,0.0893911697619434,0.0893911697619434,0.08103244244656803,0.34207736913430964,overlap
Pb,F123,1,1,5,8812.903276978659,0.03620930394833948,0.03620930394833948,0.030613043256479257,0.07554406704943845,overlap
Zn,total,1,1,5,1746.4642262895175,0.7201922747615606,0.7201922747615606,0.1385448005493312,0.7201922747615606,overlap
Zn,F1,1,1,5,487.7924286714603,1.0,1.0,0.024050739896548073,1.0,overlap
Zn,F123,1,1,5,1110.8852498878466,1.0,1.0,0.13860106709631237,1.0,overlap
Cd,total,2,1,10,26.083377307190176,0.5500019748289781,0.5500019748289781,0.010351420248234936,0.5500019748289781,overlap
Cd,F1,2,1,10,9.134570617391333,0.39641027919897637,0.39641027919897637,0.012471541447328803,0.39641027919897637,overlap
Cd,F123,2,1,10,19.72550828362014,0.5824862590878861,0.5824862590878861,0.012050481466283559,0.5824862590878861,overlap
Co,total,2,1,10,249.74448619321794,0.9054499255128783,0.9054499255128783,0.7822927556523493,0.9088521375365609,overlap
Co,F1,2,1,10,51.245386277674875,0.7729493968170879,0.7729493968170879,0.644226237644763,0.8381825248854033,overlap
Co,F123,2,1,10,166.37189723368533,0.9165415329340383,0.9165415329340383,0.8087826890260252,0.9165415329340383,overlap
Cr,total,2,1,10,270.1911546724847,0.6536528839530054,0.6536528839530054,0.013289758029161184,0.8735099080512279,overlap
Cr,F1,2,1,10,23.498159131144142,0.02959047912664781,0.02959047912664781,0.009155129675508748,0.04201598906768698,overlap
Cr,F123,2,1,10,106.2624641092432,0.4164183901345604,0.4164183901345604,0.00848608857330232,0.4164183901345604,overlap
Cu,total,2,1,10,91.87441932759103,1.0,1.0,0.48626551462919215,1.0,overlap
Cu,F1,2,1,10,8.458805932267115,0.895393058749349,0.895393058749349,0.33291104887134926,0.9378489406806406,overlap
Cu,F123,2,1,10,46.98200691419579,0.9142015106597794,0.9142015106597794,0.5667074371455023,1.0,overlap
Fe,total,2,1,10,45424.828860636626,0.9470516182158676,0.9470516182158676,0.8778135262929728,0.9470516182158676,overlap
Fe,F1,2,1,10,127.26076853425803,0.7844172288649596,0.7844172288649596,0.37052980809793085,0.9255237267979246,overlap
Fe,F123,2,1,10,22325.662164911744,0.4380141434176862,0.4380141434176862,0.04020699438076053,0.9031819324110236,overlap
Mn,total,2,1,10,3826.6113511874055,0.4258474249607124,0.4258474249607124,0.3352775463660598,0.5159290307400315,overlap
Mn,F1,2,1,10,330.5972528202448,0.32301336880578957,0.32301336880578957,0.22873241861552104,0.3268644316691054,overlap
Mn,F123,2,1,10,3292.0712943162753,0.3723759646565536,0.3723759646565536,0.2939140551094126,0.46665066405537253,overlap
Ni,total,2,1,10,256.956420761051,0.782214350149462,0.782214350149462,0.4997468407488148,0.8583597056886423,overlap
Ni,F1,2,1,10,38.63181929327109,0.6296332084421632,0.6296332084421632,0.4119103541865011,0.7023845032270545,overlap
Ni,F123,2,1,10,168.12208908303478,0.7306222910476918,0.7306222910476918,0.4715707432317651,0.822956361047901,overlap
Pb,total,2,1,10,11584.322774089202,0.08761896396514825,0.08761896396514825,0.07391681975345753,0.12662547196633683,overlap
Pb,F1,2,1,10,1081.7925040612188,0.22241611517946575,0.22241611517946575,0.12698493851993126,0.4106960200372299,overlap
Pb,F123,2,1,10,9478.665833034951,0.0685195741424689,0.0685195741424689,0.062128879003659813,0.10509154204798374,overlap
Zn,total,2,1,10,3004.254270210654,0.6335807932681895,0.6335807932681895,0.1667972022870577,0.6335807932681895,overlap
Zn,F1,2,1,10,597.5304001174687,1.0,1.0,0.07932248343880578,1.0,overlap
Zn,F123,2,1,10,1779.058634117908,0.8318501849380676,0.8318501849380676,0.19709309672308545,0.8318501849380676,overlap
Cd,total,3,1,10,35.0059460109692,0.5045651728486027,0.5045651728486027,0.050641747100125464,0.4527422652450494,M
Cd,F1,3,1,10,11.871957203024984,0.410332210009719,0.410332210009719,0.06533947582777892,0.36075121399096066,M
Cd,F123,3,1,10,26.797090296507072,0.5336111980434566,0.5336111980434566,0.05857146204868352,0.4784728592617572,M
Co,total,3,1,10,369.7994289846837,0.7596838721787615,0.7596838721787615,0.8166311711732065,0.9021032009391389,P
Co,F1,3,1,10,75.06920154709269,0.6133234717094056,0.6133234717094056,0.6812246642356056,0.8136273627563175,P
Co,F123,3,1,10,244.95797904778416,0.7283356455104714,0.7283356455104714,0.8417149134676181,0.9149031532399075,P
Cr,total,3,1,10,376.2380860804269,0.5617567351084277,0.5617567351084277,0.09922024610203992,0.7169776826984932,overlap
Cr,F1,3,1,10,32.04446139566989,0.03322893106360873,0.03322893106360873,0.014118300056638963,0.0382151227071797,overlap
Cr,F123,3,1,10,143.15605376641133,0.31395796672649934,0.31395796672649934,0.046079618389606496,0.3488812842163636,overlap
Cu,total,3,1,10,130.19004906962442,0.9545118195390997,0.9545118195390997,0.6354195496025693,0.9979592204092079,overlap
Cu,F1,3,1,10,11.750281508022889,0.8244340224157465,0.8244340224157465,0.4813059670685486,0.916789340330352,overlap
Cu,F123,3,1,10,68.02205292866945,0.7531517161383814,0.7531517161383814,0.6516708083541006,0.9509407260857325,overlap
Fe,total,3,1,10,67296.00658727801,0.7888953278847615,0.7888953278847615,0.9057163838611003,0.9524521210278447,P
Fe,F1,3,1,10,188.30375263522916,0.657749657397792,0.657749657397792,0.43766784470927006,0.8127477442714361,overlap
Fe,F123,3,1,10,31580.027735771622,0.322156719593693,0.322156719593693,0.2936184043446343,0.9037029515923743,overlap
Mn,total,3,1,10,5366.563802640585,0.46948773489895235,0.46948773489895235,0.3847900622868523,0.5136030320262883,overlap
Mn,F1,3,1,10,425.57936657643234,0.4510127532397546,0.4510127532397546,0.3021657852745237,0.37839639342222603,M
Mn,F123,3,1,10,4575.298038911734,0.4162253724138509,0.4162253724138509,0.33857683334481165,0.4628662734976089,overlap
Ni,total,3,1,10,378.2819892580005,0.7172275626813668,0.7172275626813668,0.6003262192779579,0.8439219516429912,overlap
Ni,F1,3,1,10,55.61897534601171,0.5729406561806607,0.5729406561806607,0.507397437129488,0.7091549266425704,overlap
Ni,F123,3,1,10,243.73435383715594,0.6248913898181317,0.6248913898181317,0.5510496480844537,0.7934269872282468,overlap
Pb,total,3,1,10,12204.810138710141,0.09586182436312576,0.09586182436312576,0.11051105979887722,0.16054002651623536,P
Pb,F1,3,1,10,1296.634376072827,0.21348257545814578,0.21348257545814578,0.2080993601331749,0.4448018006731878,overlap
Pb,F123,3,1,10,9842.344084746377,0.07752578323728039,0.07752578323728039,0.0923511231068351,0.13372629987245416,P
Zn,total,3,1,10,3649.902029988929,0.5892311773843968,0.5892311773843968,0.27689080686254847,0.6611029267899379,overlap
Zn,F1,3,1,10,695.9152828104076,0.8812841956571476,0.8812841956571476,0.14469702015966984,0.9352139385815402,overlap
Zn,F123,3,1,10,2148.083638036709,0.7345967560084596,0.7345967560084596,0.25562339230868547,0.7813338713422342,overlap
Cd,total,4,1,5,43.61389213846943,0.40807596678708424,0.40807596678708424,0.1589159484877707,0.36648119464563383,M
Cd,F1,4,1,5,14.316648811038004,0.3430055567899267,0.3430055567899267,0.11590411874777153,0.30347773909082193,M
Cd,F123,4,1,5,33.67741468660125,0.4276324798892802,0.4276324798892802,0.177798691760783,0.3845109732299007,M
Co,total,4,1,5,489.7873791309669,0.7016725167555503,0.7016725167555503,0.8359869617079421,0.8877897546930976,P
Co,F1,4,1,5,96.75127981823486,0.5740805097551028,0.5740805097551028,0.7504526846647959,0.8161735788476291,P
Co,F123,4,1,5,323.1893415685561,0.6578569579299368,0.6578569579299368,0.867727178078534,0.9116990508245112,P
Cr,total,4,1,5,473.4464609558008,0.48714340352291136,0.48714340352291136,0.27558241508671755,0.5751292280571284,overlap
Cr,F1,4,1,5,38.18531867206343,0.02840159173429967,0.02840159173429967,0.023842945742710904,0.035827443718916864,overlap
Cr,F123,4,1,5,174.7569365229461,0.2582897968823085,0.2582897968823085,0.07984021226431035,0.2898042443479337,overlap
Cu,total,4,1,5,168.2399896165923,0.9288032346062525,0.9288032346062525,0.7401269252907918,0.9098461570970676,M
Cu,F1,4,1,5,14.948858223399332,0.8579750584266351,0.8579750584266351,0.5922898717484588,0.8355406602511088,M
Cu,F123,4,1,5,85.72498641630473,0.6786851452640312,0.6786851452640312,0.7706260179985477,0.9169828649569054,P
Fe,total,4,1,5,89105.92463187205,0.7056058875161537,0.7056058875161537,0.9213705601137957,0.949877263388514,P
Fe,F1,4,1,5,242.42741273267836,0.6063327642800952,0.6063327642800952,0.5594763679277049,0.7348831013073693,overlap
Fe,F123,4,1,5,40535.147495101024,0.2682841751780148,0.2682841751780148,0.4570562602747541,0.7169963917914691,P
Mn,total,4,1,5,6856.658836772562,0.5920505062282525,0.5920505062282525,0.42477386206401163,0.5110879282551701,M
Mn,F1,4,1,5,516.2338460122905,0.5008505210212194,0.5008505210212194,0.35333917561903794,0.4109512397346912,M
Mn,F123,4,1,5,5841.598407895223,0.5456694644461821,0.5456694644461821,0.37549213324838737,0.45633380073091395,M
Ni,total,4,1,5,499.37103859614734,0.7320849617384708,0.7320849617384708,0.6596461022125784,0.7825629962310781,overlap
Ni,F1,4,1,5,72.53825287541865,0.5369836714349703,0.5369836714349703,0.5705664878593765,0.6865195144102849,P
Ni,F123,4,1,5,314.28602198462306,0.6355657871317127,0.6355657871317127,0.6430932025797302,0.7458433124560135,P
Pb,total,4,1,5,12758.195555376808,0.10317885830894429,0.10317885830894429,0.14667298757410566,0.19182735033834444,P
Pb,F1,4,1,5,1503.5137379870844,0.21454901866582493,0.21454901866582493,0.2915719167222925,0.43152235770613623,P
Pb,F123,4,1,5,10202.91785595467,0.0841602355577475,0.0841602355577475,0.12146687845789482,0.16027663586389773,P
Zn,total,4,1,5,4159.425140811734,0.5574108168608725,0.5574108168608725,0.3981973522206324,0.6424201646607834,overlap
Zn,F1,4,1,5,770.628291043981,0.8117780895320672,0.8117780895320672,0.2730691847131246,0.8908257158171817,overlap
Zn,F123,4,1,5,2358.7395401710583,0.6997291908992929,0.6997291908992929,0.3892440919398602,0.794933381721487,overlap
Cd,total,5,1,1,50.258735056337215,0.386816104459044,0.386816104459044,0.32071382767560647,0.32071382767560647,M
Cd,F1,5,1,1,16.13049272695587,0.34917946484169393,0.34917946484169393,0.27257351798999196,0.27257351798999196,M
Cd,F123,5,1,1,38.708391504732795,0.40369756630974046,0.40369756630974046,0.3373785832576709,0.3373785832576709,M
Co,total,5,1,1,609.3020670739954,0.6620184260696687,0.6620184260696687,0.8681581427186946,0.8681581427186946,P
Co,F1,5,1,1,118.23600101118816,0.5681666553497102,0.5681666553497102,0.7957980485858873,0.7957980485858873,P
Co,F123,5,1,1,401.3553976775678,0.6132395021006554,0.6132395021006554,0.8936507144056307,0.8936507144056307,P
Cr,total,5,1,1,566.5895445863993,0.4457824029167682,0.4457824029167682,0.48243934040049213,0.48243934040049213,P
Cr,F1,5,1,1,41.38163547754643,0.026583397087819323,0.026583397087819323,0.03479107825700983,0.03479107825700983,P
Cr,F123,5,1,1,201.91842063007135,0.24554382643068265,0.24554382643068265,0.2518156610236894,0.2518156610236894,P
Cu,total,5,1,1,206.09356698764054,0.936944575233537,0.936944575233537,0.8471866648832321,0.8471866648832321,M
Cu,F1,5,1,1,18.136821635016226,0.8829392074040259,0.8829392074040259,0.7492251432473391,0.7492251432473391,M
Cu,F123,5,1,1,102.57039504115394,0.6414156054330086,0.6414156054330086,0.8902178167052125,0.8902178167052125,P
Fe,total,5,1,1,110465.32124900064,0.6656613038801678,0.6656613038801678,0.9412071792178631,0.9412071792178631,P
Fe,F1,5,1,1,295.64532352793964,0.5750037193644548,0.5750037193644548,0.6771538137203222,0.6771538137203222,P
Fe,F123,5,1,1,49365.48296294023,0.2345567519266705,0.2345567519266705,0.5962994846317202,0.5962994846317202,P
Mn,total,5,1,1,8342.244823366613,0.6397623888549754,0.6397623888549754,0.48419345042564527,0.48419345042564527,M
Mn,F1,5,1,1,603.5121227605275,0.5283147737664696,0.5283147737664696,0.39213132218482977,0.39213132218482977,M
Mn,F123,5,1,1,7071.315712988113,0.5915438341326256,0.5915438341326256,0.4363172714190718,0.4363172714190718,M
Ni,total,5,1,1,618.4667188545245,0.7219105640838632,0.7219105640838632,0.7238120023023585,0.7238120023023585,P
Ni,F1,5,1,1,87.9328758463026,0.5494643644786323,0.5494643644786323,0.6295178704964834,0.6295178704964834,P
Ni,F123,5,1,1,384.8241432037797,0.6109934320596279,0.6109934320596279,0.7085492876864897,0.7085492876864897,P
Pb,total,5,1,1,13280.71171046566,0.10533976889992167,0.10533976889992167,0.21200948436622938,0.21200948436622938,P
Pb,F1,5,1,1,1672.0673364028435,0.2069198135331256,0.2069198135331256,0.42708606547376293,0.42708606547376293,P
Pb,F123,5,1,1,10533.28290884956,0.0866446416847927,0.0866446416847927,0.1808628094077741,0.1808628094077741,P
Zn,total,5,1,1,4544.6919796940965,0.571323185186905,0.571323185186905,0.6412012375695582,0.6412012375695582,P
Zn,F1,5,1,1,823.92756348272,0.7863640319208218,0.7863640319208218,0.847437685993075,0.847437685993075,P
Zn,F123,5,1,1,2557.199791238543,0.6952852078793086,0.6952852078793086,0.7934501978594528,0.7934501978594528,P
Cd,total,6,1,1,55.616079497231354,0.3548656322003592,0.3548656322003592,0.3494590708359658,0.3494590708359658,M
Cd,F1,6,1,1,17.605531512944935,0.3245743464262685,0.3245743464262685,0.32076020498451296,0.32076020498451296,M
Cd,F123,6,1,1,43.12664702057887,0.3658081100394528,0.3658081100394528,0.3679574766603739,0.3679574766603739,P
Co,total,6,1,1,727.6455241186387,0.6367461941497514,0.6367461941497514,0.8022726276402121,0.8022726276402121,P
Co,F1,6,1,1,139.7042670771842,0.551723532375886,0.551723532375886,0.7195456078667483,0.7195456078667483,P
Co,F123,6,1,1,478.5288500028322,0.5914983580160984,0.5914983580160984,0.8037057994054913,0.8037057994054913,P
Cr,total,6,1,1,654.6680058318764,0.47901468789676405,0.47901468789676405,0.47060209879405507,0.47060209879405507,M
Cr,F1,6,1,1,43.46212264716878,0.026297680814575473,0.026297680814575473,0.041626893016525134,0.041626893016525134,P
Cr,F123,6,1,1,219.8375977475613,0.3015900949176875,0.3015900949176875,0.23445288895485078,0.23445288895485078,M
Cu,total,6,1,1,243.89996499345688,0.9467186581663112,0.9467186581663112,0.84868090477767,0.84868090477767,M
Cu,F1,6,1,1,21.275237294472078,0.8796302963100422,0.8796302963100422,0.7380382320221252,0.7380382320221252,M
Cu,F123,6,1,1,118.82667626458891,0.617715881434494,0.617715881434494,0.8381106033300945,0.8381106033300945,P
Fe,total,6,1,1,131824.02355612224,0.6407792958693173,0.6407792958693173,0.8650972549626114,0.8650972549626114,P
Fe,F1,6,1,1,348.3660836955871,0.5452348318213318,0.5452348318213318,0.6436578019952522,0.6436578019952522,P
Fe,F123,6,1,1,57981.15660487904,0.24382538953180877,0.24382538953180877,0.5145011956785372,0.5145011956785372,P
Mn,total,6,1,1,9772.76300337033,0.668318658320181,0.668318658320181,0.5043858729906024,0.5043858729906024,M
Mn,F1,6,1,1,689.1420637347503,0.5456476379866825,0.5456476379866825,0.466972505493126,0.466972505493126,M
Mn,F123,6,1,1,8229.06161754676,0.6212512530713312,0.6212512530713312,0.45737949943399125,0.45737949943399125,M
Ni,total,6,1,1,736.712193818192,0.7075484136337709,0.7075484136337709,0.7030871864986771,0.7030871864986771,M
Ni,F1,6,1,1,101.90029641711574,0.5637030226088408,0.5637030226088408,0.6172485739706955,0.6172485739706955,P
Ni,F123,6,1,1,455.1893158432089,0.604284839835476,0.604284839835476,0.6637691510971857,0.6637691510971857,P
Pb,total,6,1,1,13797.910115251303,0.11315294625909302,0.11315294625909302,0.21529389763654258,0.21529389763654258,P
Pb,F1,6,1,1,1831.640672169045,0.22598209026089555,0.22598209026089555,0.40964225743632515,0.40964225743632515,P
Pb,F123,6,1,1,10853.33555642305,0.09486946938177078,0.09486946938177078,0.18599263023147147,0.18599263023147147,P
Zn,total,6,1,1,4898.166290351779,0.5637651071953532,0.5637651071953532,0.6453967058545755,0.6453967058545755,P
Zn,F1,6,1,1,874.92283124865,0.749079789838605,0.749079789838605,0.8160674089900519,0.8160674089900519,P
Zn,F123,6,1,1,2753.870085632775,0.6680860270121951,0.6680860270121951,0.7723950776587161,0.7723950776587161,P
Cd,total,7,1,4,60.7742602687714,0.3765193121932347,0.3765193121932347,0.32202026611417134,0.46143695485754754,overlap
Cd,F1,7,1,4,19.04295346098252,0.3775329643597893,0.3775329643597893,0.2989030308505517,0.4527375867624384,overlap
Cd,F123,7,1,4,47.45821458097976,0.38752139618602444,0.38752139618602444,0.3365714484448609,0.47935003045239655,overlap
Co,total,7,1,4,843.0613517162462,0.6249087312936156,0.6249087312936156,0.8096670106319124,0.8427648819220082,P
Co,F1,7,1,4,160.7813335456634,0.5191479935221343,0.5191479935221343,0.7303262436710451,0.786108016701273,P
Co,F123,7,1,4,552.7842412097666,0.5719275654604147,0.5719275654604147,0.8080043557736818,0.8466443663952379,P
Cr,total,7,1,4,731.9501635082249,0.5340223524132178,0.5340223524132178,0.5068707262216966,0.553721458972827,overlap
Cr,F1,7,1,4,44.74862603322891,0.027674323438356453,0.027674323438356453,0.04727970253283443,0.23141482347504652,P
Cr,F123,7,1,4,236.92228659805835,0.283783322730838,0.283783322730838,0.2561621248895312,0.3509270649172701,overlap
Cu,total,7,1,4,281.0331253048963,0.9353162719487995,0.9353162719487995,0.8465212806258738,0.871238292892697,M
Cu,F1,7,1,4,24.409049316108238,0.8794961358659011,0.8794961358659011,0.7299231464073994,0.7647350140615247,M
Cu,F123,7,1,4,132.75007950517275,0.6069785228011935,0.6069785228011935,0.8169908846834948,0.8771015911605283,P
Fe,total,7,1,4,152972.5035091256,0.619763181753067,0.619763181753067,0.8598887267921788,0.8896343113136436,P
Fe,F1,7,1,4,395.2489201535663,0.5351401548252349,0.5351401548252349,0.6367150304055728,0.7217515779962916,P
Fe,F123,7,1,4,66355.98618460423,0.22162935161273722,0.22162935161273722,0.46905776641950536,0.6216058235438573,P
Mn,total,7,1,4,11145.265910385055,0.7197149854586474,0.7197149854586474,0.5218852949214793,0.5853634994063647,M
Mn,F1,7,1,4,774.4285352292121,0.6768892446146136,0.6768892446146136,0.4729579020632918,0.5149835135898956,M
Mn,F123,7,1,4,9370.86500579139,0.6806858498701553,0.6806858498701553,0.47591370484373313,0.5455333084440309,M
Ni,total,7,1,4,853.5506817907008,0.701845112066973,0.701845112066973,0.7327371748352844,0.7619364493608307,P
Ni,F1,7,1,4,115.19517630070617,0.5929321708706773,0.5929321708706773,0.6063023368596762,0.6928856983708052,P
Ni,F123,7,1,4,522.9947903392872,0.6092369390253786,0.6092369390253786,0.6943817165454196,0.7541808570608817,P
Pb,total,7,1,4,14293.452603870424,0.12356354684751132,0.12356354684751132,0.23471013656246803,0.24654583901328075,P
Pb,F1,7,1,4,1983.7372181833366,0.2440158176170195,0.2440158176170195,0.4362259990594699,0.4825219655607172,P
Pb,F123,7,1,4,11172.444649846486,0.10391268412837926,0.10391268412837926,0.20097395586166844,0.21323163849086824,P
Zn,total,7,1,4,5176.145622472473,0.6017778056465575,0.6017778056465575,0.6415137129836901,0.9481426862303431,P
Zn,F1,7,1,4,914.3533688202128,0.7984878097319805,0.7984878097319805,0.7842198626431068,0.8884758544767845,overlap
Zn,F123,7,1,4,2913.2861595266168,0.7038368063663435,0.7038368063663435,0.7443827854791446,0.959483184905738,P
Cd,total,8,1,6,65.5053687469178,0.3513862010971961,0.3513862010971961,0.31318922493019735,0.5003345328367522,overlap
Cd,F1,8,1,6,20.473262432170024,0.3518040095583393,0.3518040095583393,0.29685735628975035,0.5097040466923987,overlap
Cd,F123,8,1,6,51.05056537115285,0.362131422456225,0.362131422456225,0.329086815417267,0.530467468246931,overlap
Co,total,8,1,6,955.6808042591682,0.6682676925803854,0.6682676925803854,0.8224069191637557,0.8612938016612635,P
Co,F1,8,1,6,180.36458505108746,0.5125291407578126,0.5125291407578126,0.7483416961579105,0.8093315364556998,P
Co,F123,8,1,6,626.6184864016094,0.6026196883467443,0.6026196883467443,0.8157292702985183,0.8716272047730064,P
Cr,total,8,1,6,800.5815724706794,0.49711364160552185,0.49711364160552185,0.542706312980263,0.5913287320691576,P
Cr,F1,8,1,6,45.3956528177103,0.07310997670228883,0.07310997670228883,0.054057572643479095,0.3633905814036079,overlap
Cr,F123,8,1,6,253.64330694087397,0.2745697022741916,0.2745697022741916,0.3099222070324905,0.4348781290025633,P
Cu,total,8,1,6,318.14652736675197,0.916778166756478,0.916778166756478,0.8465787147468589,0.8760145499948326,M
Cu,F1,8,1,6,27.466429303797547,0.8432435750738719,0.8432435750738719,0.7414268148068228,0.7730323629130463,M
Cu,F123,8,1,6,145.52675080651431,0.6034608003959459,0.6034608003959459,0.8075266952986846,0.8664897139788136,P
Fe,total,8,1,6,174049.07004023762,0.6645721762251372,0.6645721762251372,0.8615825084658193,0.9046201170738041,P
Fe,F1,8,1,6,436.70525027566106,0.5729329998984481,0.5729329998984481,0.641448893822395,0.7334146857875087,P
Fe,F123,8,1,6,73227.12074494333,0.2759169919703206,0.2759169919703206,0.45567980817174114,0.6571117573676777,P
Mn,total,8,1,6,12422.832051649515,0.7652845051509203,0.7652845051509203,0.569850769662767,0.6274489662366654,M
Mn,F1,8,1,6,859.5829247194732,0.7203312701651939,0.7203312701651939,0.5055264302085385,0.5453230121766679,M
Mn,F123,8,1,6,10411.526216948183,0.7307605395252653,0.7307605395252653,0.5281585613306273,0.5909585273610406,M
Ni,total,8,1,6,970.304914131623,0.7122005730807167,0.7122005730807167,0.769607442748353,0.7986451610064005,P
Ni,F1,8,1,6,128.36214693295457,0.6339515329409315,0.6339515329409315,0.6312610038685595,0.7253849541195893,overlap
Ni,F123,8,1,6,590.5473150174943,0.6305507552815706,0.6305507552815706,0.7343969406861414,0.7963167436208889,P
Pb,total,8,1,6,14785.942808485139,0.14415106755773627,0.14415106755773627,0.25731125005180816,0.2733129514801275,P
Pb,F1,8,1,6,2118.586543200446,0.29213467169222507,0.29213467169222507,0.46911893137221056,0.5236006672695602,P
Pb,F123,8,1,6,11474.098373521814,0.12297119376413918,0.12297119376413918,0.21623660208220688,0.2303303793153985,P
Zn,total,8,1,6,5449.727570702228,0.6039068277550927,0.6039068277550927,0.6434130653159015,0.9472159493340169,P
Zn,F1,8,1,6,950.019195262231,0.775569697478803,0.775569697478803,0.7611981223887537,0.8653344257101201,overlap
Zn,F123,8,1,6,3067.256040582626,0.6899700025350186,0.6899700025350186,0.7284295726955683,0.9562354480916411,P
Cd,total,9,1,4,69.37219140848158,0.3999987688179649,0.3999987688179649,0.36393090130454847,0.48606840273663254,overlap
Cd,F1,9,1,4,21.738749642344636,0.414762572670345,0.414762572670345,0.3630145526303135,0.497772270397793,overlap
Cd,F123,9,1,4,53.85995529961767,0.4236650641188511,0.4236650641188511,0.39234409731852476,0.5181521590740038,overlap
Co,total,9,1,4,1067.4950104611294,0.7037691521612216,0.7037691521612216,0.8417631461241987,0.8679024121959948,P
Co,F1,9,1,4,198.48995427112163,0.5960503628224296,0.5960503628224296,0.7786670694591379,0.8238515619856013,P
Co,F123,9,1,4,700.1645624862282,0.6509593851454359,0.6509593851454359,0.8416836960218909,0.8721902227674434,P
Cr,total,9,1,4,868.691946204525,0.5312085433845255,0.5312085433845255,0.5785607307230853,0.6180366365922486,P
Cr,F1,9,1,4,45.92491405474654,0.07963329420313695,0.07963329420313695,0.18714974765198833,0.3665685628250307,P
Cr,F123,9,1,4,268.0354526891538,0.2939600823545106,0.2939600823545106,0.3946163708273522,0.4783811342399659,P
Cu,total,9,1,4,354.9829304003381,0.9170129854378688,0.9170129854378688,0.8540980958269174,0.8736660767371853,M
Cu,F1,9,1,4,30.520006753335828,0.8281676280051653,0.8281676280051653,0.7513213038146326,0.7791628636551297,M
Cu,F123,9,1,4,158.22840029622662,0.6614811117954893,0.6614811117954893,0.8037676083444649,0.8541991430689465,P
Fe,total,9,1,4,194910.51379129177,0.7065660720940128,0.7065660720940128,0.8789486689875357,0.9022940311441566,P
Fe,F1,9,1,4,475.8509931839576,0.5993837677923863,0.5993837677923863,0.6622632217233579,0.7328958443095331,P
Fe,F123,9,1,4,78725.29343781798,0.4016561710357926,0.4016561710357926,0.5111350258242887,0.6397147532409553,P
Mn,total,9,1,4,13693.49332507126,0.7590691009300876,0.7590691009300876,0.6097656369509392,0.6614311580639867,M
Mn,F1,9,1,4,942.0922517367695,0.7044386130223228,0.7044386130223228,0.5354829191076319,0.5700292522471527,M
Mn,F123,9,1,4,11450.739842450974,0.7252152811859428,0.7252152811859428,0.5711070209552929,0.628081148048504,M
Ni,total,9,1,4,1082.849173109873,0.7604292532864585,0.7604292532864585,0.804665925622327,0.8276821141165165,P
Ni,F1,9,1,4,141.4346007948821,0.654452958788462,0.654452958788462,0.6669152886570319,0.7374354127138545,P
Ni,F123,9,1,4,655.6137097260627,0.7087437039085717,0.7087437039085717,0.7771744085774082,0.8248772532440051,P
Pb,total,9,1,4,15273.95311367737,0.17577603108872186,0.17577603108872186,0.28295149264020364,0.29402741062653787,P
Pb,F1,9,1,4,2251.0439725683436,0.3320343354683158,0.3320343354683158,0.5090818372030883,0.549880254701574,P
Pb,F123,9,1,4,11754.402915423696,0.1509784749459223,0.1509784749459223,0.23324322094574768,0.2448940280259117,P
Zn,total,9,1,4,5708.865240034488,0.6210467054245665,0.6210467054245665,0.6587596699100534,0.936775729294966,P
Zn,F1,9,1,4,972.3470342501569,0.7677398065330009,0.7677398065330009,0.7536982434688133,0.8517360982624248,overlap
Zn,F123,9,1,4,3220.058730682171,0.7000134836400123,0.7000134836400123,0.7366480169698333,0.9312559632743983,P
Cd,total,10,1,1,72.68906357907116,0.5001679137267769,0.5001679137267769,0.4657458578405474,0.4657458578405474,M
Cd,F1,10,1,1,22.989158389799815,0.5215818005506789,0.5215818005506789,0.4726484192992623,0.4726484192992623,M
Cd,F123,10,1,1,56.57210199114951,0.5249744089443845,0.5249744089443845,0.495155013651802,0.495155013651802,M
Co,total,10,1,1,1174.961132632777,0.7273684007273457,0.7273684007273457,0.8726334377436353,0.8726334377436353,P
Co,F1,10,1,1,216.37743609947526,0.6372811474757463,0.6372811474757463,0.8338461612372638,0.8338461612372638,P
Co,F123,10,1,1,771.7906362006149,0.6741176099587013,0.6741176099587013,0.8716513481050979,0.8716513481050979,P
Cr,total,10,1,1,932.168508704525,0.5681021748556837,0.5681021748556837,0.6434452745869845,0.6434452745869845,P
Cr,F1,10,1,1,46.38295121487522,0.2112416138244062,0.2112416138244062,0.36955687147637944,0.36955687147637944,P
Cr,F123,10,1,1,281.94891228832154,0.375788673890004,0.375788673890004,0.4872232321624213,0.4872232321624213,P
Cu,total,10,1,1,390.2624847638619,0.9146652005503764,0.9146652005503764,0.8738831827081543,0.8738831827081543,M
Cu,F1,10,1,1,33.48452290665496,0.8309301223248499,0.8309301223248499,0.7733378042104421,0.7733378042104421,M
Cu,F123,10,1,1,170.3576224067916,0.6664263336299917,0.6664263336299917,0.8454231132623284,0.8454231132623284,P
Fe,total,10,1,1,215562.85297411136,0.7243152383162574,0.7243152383162574,0.897025256872492,0.897025256872492,P
Fe,F1,10,1,1,514.5402739703084,0.609632614925023,0.609632614925023,0.7311023353031957,0.7311023353031957,P
Fe,F123,10,1,1,81702.61790221106,0.47111874104588025,0.47111874104588025,0.6322336940965615,0.6322336940965615,P
Mn,total,10,1,1,14956.103344475412,0.7799470672008044,0.7799470672008044,0.6649198462011948,0.6649198462011948,M
Mn,F1,10,1,1,1019.0997836904654,0.7181985149518274,0.7181985149518274,0.5705838135659921,0.5705838135659921,M
Mn,F123,10,1,1,12475.770121741141,0.7490449595173179,0.7490449595173179,0.6322585899171863,0.6322585899171863,M
Ni,total,10,1,1,1190.9399265345305,0.7960167557965752,0.7960167557965752,0.8427883573713975,0.8427883573713975,P
Ni,F1,10,1,1,153.84765143548833,0.6880649256661171,0.6880649256661171,0.7230800997392209,0.7230800997392209,P
Ni,F123,10,1,1,720.0406064626765,0.7506411996013393,0.7506411996013393,0.8358115155738692,0.8358115155738692,P
Pb,total,10,1,1,15739.145758160732,0.19499198172293555,0.19499198172293555,0.3097482750085336,0.3097482750085336,P
Pb,F1,10,1,1,2380.705386253426,0.36227255360350685,0.36227255360350685,0.5682538338871459,0.5682538338871459,P
Pb,F123,10,1,1,12024.192704657013,0.16644708266333205,0.16644708266333205,0.2582554292228066,0.2582554292228066,P
Zn,total,10,1,1,5967.893889125049,0.6252338836019095,0.6252338836019095,0.9228103766072536,0.9228103766072536,P
Zn,F1,10,1,1,993.8882003955679,0.7541769677916967,0.7541769677916967,0.8363527548858691,0.8363527548858691,P
Zn,F123,10,1,1,3357.828602176087,0.6908525553538223,0.6908525553538223,0.9054134748698079,0.9054134748698079,P
Cd,total,11,1,1,75.83551104323115,0.4811959038595311,0.4811959038595311,0.44820203364732775,0.44820203364732775,M
Cd,F1,11,1,1,23.926566514444122,0.5030211596683124,0.5030211596683124,0.45610856667523314,0.45610856667523314,M
Cd,F123,11,1,1,59.18709832713017,0.5035424012245673,0.5035424012245673,0.4747723860027231,0.4747723860027231,M
Co,total,11,1,1,1281.5775711106498,0.7657453095221305,0.7657453095221305,0.8426032662290559,0.8426032662290559,P
Co,F1,11,1,1,233.928948222598,0.6644956687469945,0.6644956687469945,0.8102416281246329,0.8102416281246329,P
Co,F123,11,1,1,842.3292247031733,0.7166947234900899,0.7166947234900899,0.8281149931243301,0.8281149931243301,P
Cr,total,11,1,1,995.084482082229,0.5954096774426072,0.5954096774426072,0.6296616871170324,0.6296616871170324,P
Cr,F1,11,1,1,46.78911316294472,0.39206367663370734,0.39206367663370734,0.3669951341592804,0.3669951341592804,M
Cr,F123,11,1,1,295.3533016612449,0.4194040976495418,0.4194040976495418,0.4731603200998635,0.4731603200998635,P
Cu,total,11,1,1,425.296911657341,0.928323438151304,0.928323438151304,0.8649556086890842,0.8649556086890842,M
Cu,F1,11,1,1,36.44082272241005,0.844871563484256,0.844871563484256,0.7708304240618162,0.7708304240618162,M
Cu,F123,11,1,1,180.68670578443232,0.6818040756987654,0.6818040756987654,0.8259621173862706,0.8259621173862706,P
Fe,total,11,1,1,236106.32060438042,0.7517552307657469,0.7517552307657469,0.8612604398918695,0.8612604398918695,P
Fe,F1,11,1,1,549.8008633934428,0.6815622560009917,0.6815622560009917,0.7150872685590344,0.7150872685590344,P
Fe,F123,11,1,1,84260.88865582185,0.4834385775153873,0.4834385775153873,0.6176225832234884,0.6176225832234884,P
Mn,total,11,1,1,16207.631817748967,0.818118115312025,0.818118115312025,0.6690745310358515,0.6690745310358515,M
Mn,F1,11,1,1,1094.633243597178,0.7325269696964694,0.7325269696964694,0.57797110026331,0.57797110026331,M
Mn,F123,11,1,1,13483.981617524769,0.7930319052078816,0.7930319052078816,0.6369699634936979,0.6369699634936979,M
Ni,total,11,1,1,1298.3953380776788,0.8235809801572187,0.8235809801572187,0.8242777369523236,0.8242777369523236,P
Ni,F1,11,1,1,166.15573061386266,0.6788960234326058,0.6788960234326058,0.7184915737289889,0.7184915737289889,P
Ni,F123,11,1,1,781.058000957027,0.782311000037492,0.782311000037492,0.8164136480052626,0.8164136480052626,P
Pb,total,11,1,1,16188.916972802996,0.21735724771234696,0.21735724771234696,0.312459772040847,0.312459772040847,P
Pb,F1,11,1,1,2509.2166915456846,0.40433365882201716,0.40433365882201716,0.5545865043639103,0.5545865043639103,P
Pb,F123,11,1,1,12284.707456697188,0.18210783213843829,0.18210783213843829,0.2628881300922851,0.2628881300922851,P
Zn,total,11,1,1,6222.238148809046,0.8803574483178115,0.8803574483178115,0.9038387772811353,0.9038387772811353,P
Zn,F1,11,1,1,1009.8017250943071,0.8397217502396549,0.8397217502396549,0.8267841635704986,0.8267841635704986,M
Zn,F123,11,1,1,3485.8535720619593,0.857161034654744,0.857161034654744,0.8770513795278982,0.8770513795278982,P
Cd,total,12,1,1,77.88886500136424,0.4878039954147455,0.4878039954147455,0.4627488695561603,0.4627488695561603,M
Cd,F1,12,1,1,24.810217617613336,0.5117792481836065,0.5117792481836065,0.4776467609294201,0.4776467609294201,M
Cd,F123,12,1,1,61.116560841528,0.5094373124041038,0.5094373124041038,0.4913539308210264,0.4913539308210264,M
Co,total,12,1,1,1384.93711262198,0.7861931968715962,0.7861931968715962,0.825104465619046,0.825104465619046,P
Co,F1,12,1,1,250.82818382779269,0.7053156318187628,0.7053156318187628,0.8184009230886508,0.8184009230886508,P
Co,F123,12,1,1,906.8281906705791,0.7435052264864438,0.7435052264864438,0.8180384360417383,0.8180384360417383,P
Cr,total,12,1,1,1056.1044239185396,0.6492028615801033,0.6492028615801033,0.6262467124782491,0.6262467124782491,M
Cr,F1,12,1,1,47.158594574347134,0.4002149160822871,0.4002149160822871,0.36487836152206277,0.36487836152206277,M
Cr,F123,12,1,1,304.5022581370799,0.42550491877793895,0.42550491877793895,0.5046363967737095,0.5046363967737095,P
Cu,total,12,1,1,459.15107832400776,0.9427464123396547,0.9427464123396547,0.8780171113421681,0.8780171113421681,M
Cu,F1,12,1,1,39.38078847558445,0.8630195813520268,0.8630195813520268,0.7968649593567299,0.7968649593567299,M
Cu,F123,12,1,1,190.34883250636136,0.761375046156962,0.761375046156962,0.828595854173587,0.828595854173587,P
Fe,total,12,1,1,256114.58089532622,0.7732384016137069,0.7732384016137069,0.8335115288550833,0.8335115288550833,P
Fe,F1,12,1,1,584.8153754839553,0.68369590179402,0.68369590179402,0.7065424544660823,0.7065424544660823,P
Fe,F123,12,1,1,86627.94319396114,0.596167141610652,0.596167141610652,0.6096809115334882,0.6096809115334882,P
Mn,total,12,1,1,17442.4173182478,0.8247989819465774,0.8247989819465774,0.682825112398044,0.682825112398044,M
Mn,F1,12,1,1,1165.6536155018762,0.7344366512934399,0.7344366512934399,0.5999694569514883,0.5999694569514883,M
Mn,F123,12,1,1,14484.43595548892,0.7998302865923015,0.7998302865923015,0.6537737313703477,0.6537737313703477,M
Ni,total,12,1,1,1400.7109008132738,0.8478403212538144,0.8478403212538144,0.813901710433414,0.813901710433414,M
Ni,F1,12,1,1,177.37276639242577,0.7053537389492249,0.7053537389492249,0.7004571558003709,0.7004571558003709,M
Ni,F123,12,1,1,841.4430435649584,0.8100155312661109,0.8100155312661109,0.8049989292645177,0.8049989292645177,M
Pb,total,12,1,1,16597.677570299966,0.2414065898601485,0.2414065898601485,0.310125187421857,0.310125187421857,P
Pb,F1,12,1,1,2624.7888842903644,0.41141504331447626,0.41141504331447626,0.5444889792684136,0.5444889792684136,P
Pb,F123,12,1,1,12534.732319215034,0.2040086717326615,0.2040086717326615,0.2625598366402132,0.2625598366402132,P
Zn,total,12,1,1,6469.43641557771,0.8841198629971129,0.8841198629971129,0.8929647735943079,0.8929647735943079,P
Zn,F1,12,1,1,1025.5704652339248,0.8382498033624728,0.8382498033624728,0.8193910814661951,0.8193910814661951,M
Zn,F123,12,1,1,3613.3578505161095,0.8695257612225712,0.8695257612225712,0.8597431960220094,0.8597431960220094,M
Cd,total,13,2,1,79.53197191114226,0.4794235403667057,0.690164562458956,0.49275066055621486,0.49275066055621486,overlap
Cd,F1,13,2,1,25.531964338848688,0.4992628722444623,0.738588617347817,0.5219167116225495,0.5219167116225495,overlap
Cd,F123,13,2,1,62.44840372686022,0.5000922336067476,0.6794228640865829,0.5227492905425012,0.5227492905425012,overlap
Co,total,13,2,1,1486.1680811998874,0.7757515323869524,0.8154126196455221,0.8116367812065419,0.8116367812065419,overlap
Co,F1,13,2,1,267.09902457974493,0.6998631061613411,0.7515446922343152,0.7924745981404937,0.7924745981404937,P
Co,F123,13,2,1,970.8483125910424,0.7278640043059026,0.7739674075435152,0.7981924890475903,0.7981924890475903,P
Cr,total,13,2,1,1108.617184028473,0.6198949418436447,0.7141084920463688,0.666293191040865,0.666293191040865,overlap
Cr,F1,13,2,1,47.49687164663455,0.39741910729479296,0.7036307172381864,0.36428895296651553,0.36428895296651553,M
Cr,F123,13,2,1,312.61952729872394,0.41453764593558334,0.5924015396827118,0.49452020940665814,0.49452020940665814,overlap
Cu,total,13,2,1,492.5445801290619,0.9438058284744374,0.9466280869332125,0.883357016769038,0.883357016769038,M
Cu,F1,13,2,1,42.22023912502085,0.8634012943723742,0.8773036297442243,0.8084864601365567,0.8084864601365567,M
Cu,F123,13,2,1,199.6385640074173,0.7544586697189115,0.7676133018338074,0.8259805733150131,0.8259805733150131,P
Fe,total,13,2,1,276023.7309258723,0.757435828817887,0.8021537510078366,0.8108399797220464,0.8108399797220464,P
Fe,F1,13,2,1,618.3355667788595,0.6910115521145117,0.7318948803959231,0.7031281385579659,0.7031281385579659,overlap
Fe,F123,13,2,1,88871.27285967182,0.5923460287638967,0.6077530576272706,0.60069534003511,0.60069534003511,overlap
Mn,total,13,2,1,18637.103793356713,0.8390797568893693,0.8486837011885883,0.719007403110278,0.719007403110278,M
Mn,F1,13,2,1,1235.5860371289132,0.7596460600474209,0.7635057263010331,0.6859337578472023,0.6859337578472023,M
Mn,F123,13,2,1,15479.847289966332,0.8135288301812154,0.8231887710045298,0.6935368230251874,0.6935368230251874,M
Ni,total,13,2,1,1499.3903377600159,0.8404217497221942,0.8728002285398553,0.8122246737227484,0.8122246737227484,M
Ni,F1,13,2,1,188.55967953796568,0.6933289403328657,0.7451495848838606,0.7165023013269536,0.7165023013269536,overlap
Ni,F123,13,2,1,896.4713149704513,0.800910236577866,0.8356479969092403,0.8041802112809651,0.8041802112809651,overlap
Pb,total,13,2,1,16986.852828031926,0.24498192514987058,0.2724033788548128,0.31508092994699427,0.31508092994699427,P
Pb,F1,13,2,1,2739.8292144043285,0.41123756069543504,0.4725548212006973,0.5472289601295435,0.5472289601295435,P
Pb,F123,13,2,1,12770.481965537187,0.20808010266821322,0.2284775053948468,0.26799503776591216,0.26799503776591216,P
Zn,total,13,2,1,6711.399953475533,0.8786931444885329,0.8908403504403749,0.9134388022281575,0.9134388022281575,P
Zn,F1,13,2,1,1039.6177876429538,0.8323177477100482,0.8648512838807371,0.8801853063095672,0.8801853063095672,P
Zn,F123,13,2,1,3736.8194856819255,0.8561274473305538,0.8816884086221447,0.8877109910228739,0.8877109910228739,P
Cd,total,14,1,1,81.03473417603041,0.6790316418638612,0.6790316418638612,0.48527871528682825,0.48527871528682825,M
Cd,F1,14,1,1,26.193749623485818,0.7218296670475243,0.7218296670475243,0.5102286889674955,0.5102286889674955,M
Cd,F123,14,1,1,63.67333081439452,0.6678428469235489,0.6678428469235489,0.514299899602832,0.514299899602832,M
Co,total,14,1,1,1584.99695899798,0.8049916004055766,0.8049916004055766,0.8006124878678378,0.8006124878678378,M
Co,F1,14,1,1,283.03530309930414,0.7446299664975632,0.7446299664975632,0.781423767536686,0.781423767536686,P
Co,F123,14,1,1,1032.9039753614666,0.7588498170191573,0.7588498170191573,0.7833492557897299,0.7833492557897299,P
Cr,total,14,1,1,1158.0418702209415,0.6850124651164728,0.6850124651164728,0.6545066652558627,0.6545066652558627,M
Cr,F1,14,1,1,47.80338024453388,0.6991733440457538,0.6991733440457538,0.36236571943673596,0.36236571943673596,M
Cr,F123,14,1,1,319.9755818776583,0.5788618072770791,0.5788618072770791,0.48375448923084724,0.48375448923084724,M
Cu,total,14,1,1,525.4472850140033,0.9482586769880799,0.9482586769880799,0.8889314497814941,0.8889314497814941,M
Cu,F1,14,1,1,44.97356039329534,0.8784402705346426,0.8784402705346426,0.8287737730748922,0.8287737730748922,M
Cu,F123,14,1,1,208.69969526702164,0.7615603433340689,0.7615603433340689,0.823417227777865,0.823417227777865,P
Fe,total,14,1,1,295354.7924990135,0.7870063776802254,0.7870063776802254,0.7908970572682749,0.7908970572682749,P
Fe,F1,14,1,1,651.3782659668963,0.7368956027149783,0.7368956027149783,0.7029772323008568,0.7029772323008568,M
Fe,F123,14,1,1,91063.76434058367,0.6040778182858718,0.6040778182858718,0.5939330570491028,0.5939330570491028,M
Mn,total,14,1,1,19831.369175240197,0.8606836244753976,0.8606836244753976,0.7533603917809344,0.7533603917809344,M
Mn,F1,14,1,1,1303.8558292106072,0.7868096446858885,0.7868096446858885,0.7011085290366761,0.7011085290366761,M
Mn,F123,14,1,1,16469.808909314357,0.8349245602948088,0.8349245602948088,0.7297638315764844,0.7297638315764844,M
Ni,total,14,1,1,1593.6580962822022,0.8666911075450582,0.8666911075450582,0.8233319238633043,0.8233319238633043,M
Ni,F1,14,1,1,199.4690438855095,0.7325873876365534,0.7325873876365534,0.7128370732338749,0.7128370732338749,M
Ni,F123,14,1,1,950.213625291709,0.826704181804702,0.826704181804702,0.8086249395506255,0.8086249395506255,M
Pb,total,14,1,1,17371.06519268439,0.2752830191831637,0.2752830191831637,0.3165398327920851,0.3165398327920851,P
Pb,F1,14,1,1,2851.8327610081515,0.47042118780874037,0.47042118780874037,0.5417857821329414,0.5417857821329414,P
Pb,F123,14,1,1,12997.211936538495,0.2321926413491702,0.2321926413491702,0.27067884634746603,0.27067884634746603,P
Zn,total,14,1,1,6918.933279310888,0.8897744102459859,0.8897744102459859,0.9103029868135317,0.9103029868135317,P
Zn,F1,14,1,1,1051.8978092289121,0.8600862794124947,0.8600862794124947,0.881584042015569,0.881584042015569,P
Zn,F123,14,1,1,3851.952136490312,0.8702071829391004,0.8702071829391004,0.8800003859461926,0.8800003859461926,P
Cd,total,15,1,5,81.9797663780027,0.7365536119977015,0.7365536119977015,0.48328728595820425,0.5885232726313137,M
Cd,F1,15,1,5,26.579391677892396,0.7654369130805404,0.7654369130805404,0.5059058446017127,0.594802707644234,M
Cd,F123,15,1,5,64.50031877551085,0.7372793847396776,0.7372793847396776,0.5100250985181546,0.6384290789773124,M
Co,total,15,1,5,1679.139292733145,0.8313569859835765,0.8313569859835765,0.7912787323909515,0.8272233920134608,M
Co,F1,15,1,5,298.7743484072587,0.7587426698192214,0.7587426698192214,0.7733960181284719,0.8251980031927496,P
Co,F123,15,1,5,1094.3640670491286,0.7880422068689803,0.7880422068689803,0.7699806791274725,0.8151594453558548,overlap
Cr,total,15,1,5,1201.2774218846894,0.7174899898129664,0.7174899898129664,0.649213442935406,0.7369369424632486,overlap
Cr,F1,15,1,5,48.04066487168997,0.8820511450751364,0.8820511450751364,0.36089939506458363,0.5469070959358197,M
Cr,F123,15,1,5,325.67040552292815,0.621199620935438,0.621199620935438,0.488934546913938,0.630769649660482,overlap
Cu,total,15,1,5,557.8408063097443,0.9474719384340571,0.9474719384340571,0.8915898120092645,0.9050844060639042,M
Cu,F1,15,1,5,47.67419275944886,0.9067985113364707,0.9067985113364707,0.8240072258592023,0.8599455056799287,M
Cu,F123,15,1,5,217.56540282793256,0.7690427129126046,0.7690427129126046,0.8248411712449623,0.8645823430256402,P
Fe,total,15,1,5,313773.0955837504,0.8066288924074031,0.8066288924074031,0.7784416969417592,0.8139804141173556,overlap
Fe,F1,15,1,5,681.9910210900999,0.7957488906352351,0.7957488906352351,0.7006664871354028,0.7633530252623176,M
Fe,F123,15,1,5,92357.1806088629,0.6067618595090642,0.6067618595090642,0.5932386448962305,0.6812260291432446,overlap
Mn,total,15,1,5,21000.043263668074,0.9190627634802011,0.9190627634802011,0.7518046839924153,0.8177121794875304,M
Mn,F1,15,1,5,1370.5460157101497,0.8146686126114079,0.8146686126114079,0.7087166720943943,0.7331376768177791,M
Mn,F123,15,1,5,17419.348751083526,0.9009983423715581,0.9009983423715581,0.7294879883328234,0.801569992236062,M
Ni,total,15,1,5,1685.6494382735445,0.8900456682796231,0.8900456682796231,0.8227638802396381,0.8490527354943894,M
Ni,F1,15,1,5,210.3304647482526,0.7756469067762158,0.7756469067762158,0.7183195747903159,0.756916494446001,M
Ni,F123,15,1,5,997.6556622046215,0.8579220092677045,0.8579220092677045,0.8056306868282687,0.8459619205696526,M
Pb,total,15,1,5,17739.33118595038,0.2926107988940286,0.2926107988940286,0.3146254536841842,0.336192309252305,P
Pb,F1,15,1,5,2926.862404679888,0.49784873565635934,0.49784873565635934,0.5358943095018107,0.5824174638260069,P
Pb,F123,15,1,5,13202.808784684294,0.24414909512322494,0.24414909512322494,0.27055173972736574,0.2893114729361294,P
Zn,total,15,1,5,7125.7287641321,0.8929732626058485,0.8929732626058485,0.9070304511816598,0.9228957738250259,P
Zn,F1,15,1,5,1063.6295780543949,0.859228965326204,0.859228965326204,0.8788927568967102,0.8928523435502895,P
Zn,F123,15,1,5,3950.0171548202816,0.8712141909194394,0.8712141909194394,0.8731756951519551,0.8904324987347843,P
Cd,total,16,1,10,82.27511347976159,0.7355504049390584,0.7355504049390584,0.5015232913199279,0.6671743251949817,M
Cd,F1,16,1,10,26.661258744162286,0.7651177465999113,0.7651177465999113,0.5314233830066835,0.6468905407311635,M
Cd,F123,16,1,10,64.70411985306072,0.7366786197010589,0.7366786197010589,0.5273498596836648,0.7141717719468847,M
Co,total,16,1,10,1768.9951913436412,0.8399231876572611,0.8399231876572611,0.7849786933192928,0.8530329867080695,overlap
Co,F1,16,1,10,313.9004889772241,0.774015001784858,0.774015001784858,0.7731928719411891,0.8545067096135968,overlap
Co,F123,16,1,10,1153.7624375050507,0.7989542864341992,0.7989542864341992,0.762341712444721,0.841306022950669,overlap
Cr,total,16,1,10,1241.584705647967,0.736492066260838,0.736492066260838,0.6629600049853216,0.7682900046666288,overlap
Cr,F1,16,1,10,48.261299694137215,0.8914254385476619,0.8914254385476619,0.3601381558661356,0.5710638559783763,M
Cr,F123,16,1,10,330.1122935129897,0.6234203628750875,0.6234203628750875,0.525953323544066,0.6740363834351598,overlap
Cu,total,16,1,10,590.035545218264,0.950338083094648,0.950338083094648,0.8956256928454863,0.9185996018569061,M
Cu,F1,16,1,10,50.36784183063811,0.8903380761624025,0.8903380761624025,0.8335578845747803,0.8772496419559962,M
Cu,F123,16,1,10,226.0472821962263,0.7938441373584348,0.7938441373584348,0.8275603798698717,0.8778353236013583,P
Fe,total,16,1,10,331271.82594389643,0.824418750585694,0.824418750585694,0.7703392085051723,0.8354605771580063,overlap
Fe,F1,16,1,10,710.4541925925072,0.8103777888096696,0.8103777888096696,0.7049768100026629,0.8089523226699522,M
Fe,F123,16,1,10,93386.39516635248,0.6923330552808644,0.6923330552808644,0.5977215752775908,0.701112683983787,overlap
Mn,total,16,1,10,22162.62803044272,0.9235832436217425,0.9235832436217425,0.766253724433116,0.8324625248588972,M
Mn,F1,16,1,10,1437.1969544719818,0.8362300580261716,0.8362300580261716,0.7177980636918657,0.7516940378107213,M
Mn,F123,16,1,10,18348.670383362376,0.9071144581015377,0.9071144581015377,0.7431888537896212,0.8168361635643996,M
Ni,total,16,1,10,1772.679931664462,0.8954439240894622,0.8954439240894622,0.8280045802577177,0.8732787724232333,M
Ni,F1,16,1,10,220.85985791964038,0.7800329750019106,0.7800329750019106,0.7253921779353152,0.7977445777824083,overlap
Ni,F123,16,1,10,1045.0976060360483,0.8643716931044666,0.8643716931044666,0.8072748328107544,0.8748884959877146,overlap
Pb,total,16,1,10,18104.590926210123,0.8744018865263141,0.8744018865263141,0.3172417551545217,0.3519873682573755,M
Pb,F1,16,1,10,2998.916892447692,0.7546701210235073,0.7546701210235073,0.5456713514549677,0.6069617921156769,M
Pb,F123,16,1,10,13400.266437574845,0.8982177444691625,0.8982177444691625,0.27529605959909986,0.30039110963120336,M
Zn,total,16,1,10,7331.44142846578,0.9204673006909562,0.9204673006909562,0.909639080572746,0.9253075747610412,overlap
Zn,F1,16,1,10,1073.333002143963,0.8662874100428066,0.8662874100428066,0.8792608941387797,0.8978681191385198,P
Zn,F123,16,1,10,4039.331736963455,0.891416528283296,0.891416528283296,0.8691779085318614,0.8992468389711603,overlap
Cd,total,17,1,10,82.54588113313567,0.7347731007755689,0.7347731007755689,0.5647796050755387,0.7298872691166817,M
Cd,F1,17,1,10,26.73562423535222,0.7653071149872928,0.7653071149872928,0.5772785924633761,0.692424576766772,M
Cd,F123,17,1,10,64.85371364577202,0.7369477258668475,0.7369477258668475,0.5815250537792198,0.7679160362337062,overlap
Co,total,17,1,10,1833.064221680638,0.8657912962735934,0.8657912962735934,0.8205055467220231,0.8861812149998415,overlap
Co,F1,17,1,10,326.910931427171,0.7894805688485714,0.7894805688485714,0.7911693193203078,0.8692470186329405,P
Co,F123,17,1,10,1198.0372922362799,0.8228655095132604,0.8228655095132604,0.7955572957729269,0.8716033887916074,overlap
Cr,total,17,1,10,1276.400055348813,0.717227698335171,0.717227698335171,0.6926832545778674,0.7951402515845606,overlap
Cr,F1,17,1,10,48.40479902542847,0.8917473152474384,0.8917473152474384,0.36746144551235477,0.5777618419867818,M
Cr,F123,17,1,10,334.54901078066996,0.6157532612663357,0.6157532612663357,0.5689590228186822,0.715078236912305,overlap
Cu,total,17,1,10,622.0389589157252,0.9386572798693205,0.9386572798693205,0.9087652612764149,0.9305571807937651,M
Cu,F1,17,1,10,52.93382590415438,0.8679250087967666,0.8679250087967666,0.8486912984801359,0.8902650840036755,overlap
Cu,F123,17,1,10,234.42695824167464,0.8248612464549311,0.8248612464549311,0.8337242961913086,0.8822021439538296,P
Fe,total,17,1,10,342304.46018967347,0.8594199187968846,0.8594199187968846,0.8058440583206447,0.8688665345385596,overlap
Fe,F1,17,1,10,737.895336795462,0.8523623569304069,0.8523623569304069,0.7349417097879037,0.8350505398859955,M
Fe,F123,17,1,10,94412.33183824591,0.6887611456655013,0.6887611456655013,0.6144489133964965,0.7167165170699905,overlap
Mn,total,17,1,10,23289.358880812862,0.9110213858251888,0.9110213858251888,0.7822019431827109,0.8452075855315564,M
Mn,F1,17,1,10,1503.8112233743582,0.833174081123052,0.833174081123052,0.7332287097142131,0.76562319514914,M
Mn,F123,17,1,10,19240.533312835196,0.893546533381439,0.893546533381439,0.7604746920134081,0.8307082032008206,M
Ni,total,17,1,10,1853.5755618558665,0.8949644836988208,0.8949644836988208,0.8548566175006834,0.8981549073172442,overlap
Ni,F1,17,1,10,231.21631367840735,0.8020409101484736,0.8020409101484736,0.7334004035105192,0.8025120526677659,overlap
Ni,F123,17,1,10,1089.8834175680706,0.8639561964763638,0.8639561964763638,0.8332156240587697,0.8980508866038622,overlap
Pb,total,17,1,10,18326.871260938155,0.883890884771899,0.883890884771899,0.33462926498472884,0.36895346046529076,M
Pb,F1,17,1,10,3070.0021742345934,0.7803415983339219,0.7803415983339219,0.5695196553542511,0.6293909282105283,M
Pb,F123,17,1,10,13538.690111728585,0.9089614122578061,0.9089614122578061,0.28706604321832396,0.31190451384726153,M
Zn,total,17,1,10,7517.298952651291,0.9654897667860813,0.9654897667860813,0.9146584655461568,0.9299395722491476,M
Zn,F1,17,1,10,1083.01087771146,0.9077601704767255,0.9077601704767255,0.8798787007269723,0.898319650011565,M
Zn,F123,17,1,10,4115.1158740868605,0.9227923305526284,0.9227923305526284,0.8748751197540272,0.9043902995779631,M
Cd,total,18,1,5,82.68088113313567,0.7352061589494124,0.7352061589494124,0.644224787337271,0.7485683971752972,overlap
Cd,F1,18,1,5,26.80159582919917,0.7649856029409318,0.7649856029409318,0.6294895864697305,0.7176494317565897,M
Cd,F123,18,1,5,64.98788679537928,0.7368013607090308,0.7368013607090308,0.6577385146921019,0.7851791514024035,overlap
Co,total,18,1,5,1897.0889189165755,0.853676604961315,0.853676604961315,0.8560628314989126,0.887877940287036,P
Co,F1,18,1,5,338.54566062611195,0.7859256060684219,0.7859256060684219,0.8280241337263312,0.8737405794936718,P
Co,F123,18,1,5,1235.1164304271886,0.8148691256013244,0.8148691256013244,0.8353005148703937,0.8753307639513275,P
Cr,total,18,1,5,1311.1431067385347,0.7182202333670042,0.7182202333670042,0.7266730447257275,0.8070458574339013,P
Cr,F1,18,1,5,48.53223719725399,0.8900143367285314,0.8900143367285314,0.39300477182119864,0.577128441718992,M
Cr,F123,18,1,5,338.43301127464156,0.6482938321773195,0.6482938321773195,0.61291115286887,0.7493975294634048,overlap
Cu,total,18,1,5,654.0328648384065,0.9365934602525533,0.9365934602525533,0.9210558543321066,0.9325657273567944,M
Cu,F1,18,1,5,55.48144301935866,0.8766217628429153,0.8766217628429153,0.8671807767319187,0.8980618855563327,overlap
Cu,F123,18,1,5,242.74532439731342,0.817823293853832,0.817823293853832,0.8477054487325385,0.8833242771024946,P
Fe,total,18,1,5,353242.0754064744,0.8635964364858041,0.8635964364858041,0.8413590358839377,0.8729268871610846,overlap
Fe,F1,18,1,5,765.3277172876141,0.8729593039110557,0.8729593039110557,0.7793180713227514,0.8351786591207389,M
Fe,F123,18,1,5,95410.14411031146,0.6851993036986458,0.6851993036986458,0.6348363271815283,0.7200082637086074,overlap
Mn,total,18,1,5,24355.365788976877,0.9059810867513765,0.9059810867513765,0.8004210686968597,0.857248803036364,M
Mn,F1,18,1,5,1564.2967473381336,0.8339708027055958,0.8339708027055958,0.7531633782912774,0.7745596451953849,M
Mn,F123,18,1,5,20121.185775585564,0.8884106395729038,0.8884106395729038,0.7781335105776878,0.8405364712516562,M
Ni,total,18,1,5,1933.0990861787523,0.9140633616617176,0.9140633616617176,0.880130685088544,0.9030543905570635,M
Ni,F1,18,1,5,240.58043807355392,0.8606813380455723,0.8606813380455723,0.77546327247796,0.8092071134736658,M
Ni,F123,18,1,5,1133.4471599414642,0.8881560273222867,0.8881560273222867,0.863271883455287,0.8987712742763534,overlap
Pb,total,18,1,5,18531.746779610356,0.8801106806817374,0.8801106806817374,0.3529871271612528,0.37363178619487336,M
Pb,F1,18,1,5,3140.14744576328,0.772112135927651,0.772112135927651,0.5936023085369745,0.636965517969171,M
Pb,F123,18,1,5,13669.998638309722,0.9059062190857041,0.9059062190857041,0.29934860691286463,0.3174672020173938,M
Zn,total,18,1,5,7695.3789830931155,0.9575115191069854,0.9575115191069854,0.9204607682716135,0.9351516608397958,M
Zn,F1,18,1,5,1092.4445368272877,0.9065990460575962,0.9065990460575962,0.8851392393532933,0.8987306197498504,M
Zn,F123,18,1,5,4187.619511936308,0.9140955818898835,0.9140955818898835,0.8872212800999902,0.9034989457272622,M
Cd,total,19,1,1,82.81588113313568,0.7356378052478362,0.7356378052478362,0.7509144492305531,0.7509144492305531,P
Cd,F1,19,1,1,26.8654547153712,0.7651013578558856,0.7651013578558856,0.7189908858014863,0.7189908858014863,M
Cd,F123,19,1,1,65.12158438723004,0.7369785403883555,0.7369785403883555,0.7858642887714832,0.7858642887714832,P
Co,total,19,1,1,1960.599800447611,0.8740400570041724,0.8740400570041724,0.8895656594100547,0.8895656594100547,P
Co,F1,19,1,1,349.87149941263704,0.8116099362608118,0.8116099362608118,0.8737535372189332,0.8737535372189332,P
Co,F123,19,1,1,1272.0384752299938,0.8475249297765882,0.8475249297765882,0.8762706926539022,0.8762706926539022,P
Cr,total,19,1,1,1344.8827671651784,0.7020895186311417,0.7020895186311417,0.8031123362152871,0.8031123362152871,P
Cr,F1,19,1,1,48.62767211862045,0.889740643068713,0.889740643068713,0.5763153739973372,0.5763153739973372,M
Cr,F123,19,1,1,341.9254046253036,0.643721890474817,0.643721890474817,0.7547340649079137,0.7547340649079137,P
Cu,total,19,1,1,685.9830723072861,0.9243524268209555,0.9243524268209555,0.9332696722930931,0.9332696722930931,P
Cu,F1,19,1,1,57.9480605451012,0.8689520572142568,0.8689520572142568,0.8945379850294407,0.8945379850294407,P
Cu,F123,19,1,1,251.02522860101067,0.8414470188240265,0.8414470188240265,0.8845039863395279,0.8845039863395279,P
Fe,total,19,1,1,364117.40156433487,0.890893040863653,0.890893040863653,0.8761276683609999,0.8761276683609999,M
Fe,F1,19,1,1,791.9251799103525,0.8714731117022555,0.8714731117022555,0.832312895015621,0.832312895015621,M
Fe,F123,19,1,1,96258.47669843005,0.7661641490645044,0.7661641490645044,0.7209771368823412,0.7209771368823412,M
Mn,total,19,1,1,25281.604147729744,0.8939466569979031,0.8939466569979031,0.8593747011232261,0.8593747011232261,M
Mn,F1,19,1,1,1624.5851271956399,0.8181084877851289,0.8181084877851289,0.7810150918353853,0.7810150918353853,M
Mn,F123,19,1,1,20883.698066371773,0.8760658116738923,0.8760658116738923,0.8427973463691052,0.8427973463691052,M
Ni,total,19,1,1,2010.8999160542708,0.9069767085440363,0.9069767085440363,0.9053038834936175,0.9053038834936175,M
Ni,F1,19,1,1,249.71623572232426,0.8514443738225936,0.8514443738225936,0.8152251767778815,0.8152251767778815,M
Ni,F123,19,1,1,1174.4698735880609,0.8920625926309724,0.8920625926309724,0.8974988231018258,0.8974988231018258,P
Pb,total,19,1,1,18717.662131976096,0.9218214504758471,0.9218214504758471,0.37433417977601346,0.37433417977601346,M
Pb,F1,19,1,1,3208.0815720036057,0.8417118356806236,0.8417118356806236,0.6307732715954436,0.6307732715954436,M
Pb,F123,19,1,1,13794.189362332661,0.9460142234256994,0.9460142234256994,0.31852170918807043,0.31852170918807043,M
Zn,total,19,1,1,7872.882874723626,0.968838456117065,0.968838456117065,0.9350162958315603,0.9350162958315603,M
Zn,F1,19,1,1,1101.623005607463,0.9314211814545992,0.9314211814545992,0.8980325940137484,0.8980325940137484,M
Zn,F123,19,1,1,4253.45614348017,0.9466054450181745,0.9466054450181745,0.9034651569868465,0.9034651569868465,M
Cd,total,20,1,1,82.95088113313567,0.7591944309006537,0.7591944309006537,0.7963081709063259,0.7963081709063259,P
Cd,F1,20,1,1,26.927415954462322,0.7981532295240161,0.7981532295240161,0.7704536554690815,0.7704536554690815,M
Cd,F123,20,1,1,65.24923947017682,0.7651073503576036,0.7651073503576036,0.8258927571762006,0.8258927571762006,P
Co,total,20,1,1,2023.4561493298206,0.8779528584378735,0.8779528584378735,0.8890608776685432,0.8890608776685432,P
Co,F1,20,1,1,360.72671013104895,0.8308179633741061,0.8308179633741061,0.8686324642097603,0.8686324642097603,P
Co,F123,20,1,1,1306.239204516955,0.8592294353457983,0.8592294353457983,0.8728096013900875,0.8728096013900875,P
Cr,total,20,1,1,1371.64991893233,0.7137706427870716,0.7137706427870716,0.8234729661525972,0.8234729661525972,P
Cr,F1,20,1,1,48.69930148131056,0.8891665547998935,0.8891665547998935,0.5780845383643178,0.5780845383643178,M
Cr,F123,20,1,1,344.3335781761159,0.6796267988312249,0.6796267988312249,0.7530767954101875,0.7530767954101875,P
Cu,total,20,1,1,717.4186294152149,0.9330252164687693,0.9330252164687693,0.9346592040283058,0.9346592040283058,P
Cu,F1,20,1,1,60.38302187699887,0.8884212868192422,0.8884212868192422,0.8952124668708248,0.8952124668708248,P
Cu,F123,20,1,1,258.8707934966684,0.8487103031461194,0.8487103031461194,0.883411721523777,0.883411721523777,P
Fe,total,20,1,1,374776.2263076666,0.892572842055275,0.892572842055275,0.8791353129064765,0.8791353129064765,M
Fe,F1,20,1,1,817.0375386291357,0.8692168478720615,0.8692168478720615,0.8392845730200301,0.8392845730200301,M
Fe,F123,20,1,1,97032.4523528801,0.7680293318087629,0.7680293318087629,0.7257994196257448,0.7257994196257448,M
Mn,total,20,1,1,26181.10786981411,0.9039499984971177,0.9039499984971177,0.8652273035871597,0.8652273035871597,M
Mn,F1,20,1,1,1681.7694959082241,0.8299455255810798,0.8299455255810798,0.8629298793664028,0.8629298793664028,P
Mn,F123,20,1,1,21584.676519733202,0.8884148132814306,0.8884148132814306,0.8507534308753647,0.8507534308753647,M
Ni,total,20,1,1,2085.6818022196217,0.9079246949911859,0.9079246949911859,0.8999267563115138,0.8999267563115138,M
Ni,F1,20,1,1,258.8417590737221,0.8402045165626694,0.8402045165626694,0.8163009100076057,0.8163009100076057,M
Ni,F123,20,1,1,1214.629743307669,0.8952481063740425,0.8952481063740425,0.8903858329473129,0.8903858329473129,M
Pb,total,20,1,1,18900.874190188155,0.917593273297641,0.917593273297641,0.38246596234043767,0.38246596234043767,M
Pb,F1,20,1,1,3273.3984388553386,0.8364002081849138,0.8364002081849138,0.6411079468600701,0.6411079468600701,M
Pb,F123,20,1,1,13916.995962472241,0.9420936005721969,0.9420936005721969,0.32565738029449953,0.32565738029449953,M
Zn,total,20,1,1,8049.121009677356,0.9666434861559023,0.9666434861559023,0.9485328549651914,0.9485328549651914,M
Zn,F1,20,1,1,1110.5464086081133,0.9288492685929206,0.9288492685929206,0.9102136782948289,0.9102136782948289,M
Zn,F123,20,1,1,4319.136084143411,0.9436220134604478,0.9436220134604478,0.9183112039773595,0.9183112039773595,M
Cd,total,21,2,1,83.08588113313567,0.7693350341212011,0.8379364696257751,0.7966391344413165,0.7966391344413165,overlap
Cd,F1,21,2,1,26.98490121005943,0.810743974598713,0.8433490654574499,0.7703640412416953,0.7703640412416953,M
Cd,F123,21,2,1,65.37471979132481,0.7762887679975422,0.8185889543369065,0.8256745282754676,0.8256745282754676,P
Co,total,21,2,1,2086.1958301791715,0.8989223163507329,0.9068731278515355,0.8778778351112413,0.8778778351112413,M
Co,F1,21,2,1,371.5367557893525,0.85212959772522,0.8650027323247459,0.8648425802400604,0.8648425802400604,overlap
Co,F123,21,2,1,1339.9944077820924,0.8838953580817333,0.8924703291767342,0.8662221211220485,0.8662221211220485,M
Cr,total,21,2,1,1397.8699531789052,0.7699227075759274,0.7914634901680534,0.8267841074089061,0.8267841074089061,P
Cr,F1,21,2,1,48.77048688326253,0.8941534420515177,0.896196754647693,0.5778464054704353,0.5778464054704353,M
Cr,F123,21,2,1,346.71098058290704,0.7661113293149757,0.8210057564553612,0.7865745022537679,0.7865745022537679,overlap
Cu,total,21,2,1,748.5044437759856,0.9355681933452127,0.9438595588113201,0.934160695755179,0.934160695755179,M
Cu,F1,21,2,1,62.601914532243136,0.8890548220271963,0.8979205586845473,0.9065103434429892,0.9065103434429892,P
Cu,F123,21,2,1,266.4816665285556,0.8584734697286353,0.8632315911204516,0.8775183830457695,0.8775183830457695,P
Fe,total,21,2,1,385371.5386793213,0.9134400869786385,0.9234581237807674,0.8831849448694704,0.8831849448694704,M
Fe,F1,21,2,1,841.0687280148086,0.8769975031095556,0.9087324597382453,0.8618472195119163,0.8618472195119163,M
Fe,F123,21,2,1,97736.52108251638,0.7757303510794791,0.7849293199262786,0.7241255907926375,0.7241255907926375,M
Mn,total,21,2,1,27071.09116347796,0.919844633143742,0.9208724645945428,0.8681218643294172,0.8681218643294172,M
Mn,F1,21,2,1,1736.019860984255,0.8475194098645369,0.8483685199928898,0.8657103883615548,0.8657103883615548,P
Mn,F123,21,2,1,22280.699936100737,0.9066670570154609,0.907303632448607,0.8548565054007212,0.8548565054007212,M
Ni,total,21,2,1,2158.2228732672,0.9271968388708287,0.9315444326923861,0.9197621047306699,0.9197621047306699,M
Ni,F1,21,2,1,267.73731963303044,0.8754823305897359,0.8757358571560984,0.8699232310386,0.8699232310386,M
Ni,F123,21,2,1,1254.5687221313194,0.9153841889068897,0.9181018576819178,0.913904109197244,0.913904109197244,M
Pb,total,21,2,1,19077.173235787308,0.929513510986461,0.9362243137595636,0.38475170110369267,0.38475170110369267,M
Pb,F1,21,2,1,3326.388607831722,0.8710480984317864,0.8852695354691421,0.6395817059154437,0.6395817059154437,M
Pb,F123,21,2,1,14033.993624330582,0.9483095720701931,0.9528027406462642,0.3284711727370473,0.3284711727370473,M
Zn,total,21,2,1,8218.23556372472,0.9661366287707474,0.9717831760470124,0.9424644108531806,0.9424644108531806,M
Zn,F1,21,2,1,1118.0264183338788,0.9280898525491793,0.9351993160781703,0.9106489352841081,0.9106489352841081,M
Zn,F123,21,2,1,4380.97502012133,0.9397808106394945,0.9438473119344959,0.9123079145096842,0.9123079145096842,M
Cd,total,22,1,4,83.22088113313568,0.8479328884000719,0.8479328884000719,0.7969690242054792,0.7969690242054792,M
Cd,F1,22,1,4,27.03968032632726,0.8559026213352915,0.8559026213352915,0.7692927741650563,0.7712431837528615,M
Cd,F123,22,1,4,65.48610615132775,0.8298250525018179,0.8298250525018179,0.8256055340552848,0.8258645397960724,M
Co,total,22,1,4,2146.152152906494,0.9275874559627478,0.9275874559627478,0.8789373783351297,0.9054527110699297,M
Co,F1,22,1,4,381.8625164552946,0.8858673735830248,0.8858673735830248,0.8649542476444714,0.8755278001211533,M
Co,F123,22,1,4,1373.5090349396246,0.9158737809351125,0.9158737809351125,0.8682289750409029,0.8898324356068568,M
Cr,total,22,1,4,1420.934640347516,0.8470279861183817,0.8470279861183817,0.8137339487381764,0.8228056317402269,M
Cr,F1,22,1,4,48.83652563971826,0.9012610968678443,0.9012610968678443,0.5770840547637802,0.6196660657519536,M
Cr,F123,22,1,4,347.9578576597611,0.9088818852041026,0.9088818852041026,0.783782022167685,0.7965066117765294,M
Cu,total,22,1,4,779.411721941489,0.9460857868539655,0.9460857868539655,0.9340870127344677,0.9447594532589495,M
Cu,F1,22,1,4,64.79676194485315,0.8985405490801089,0.8985405490801089,0.9019356334429471,0.9214284952908812,P
Cu,F123,22,1,4,274.09164370467334,0.8723232895020298,0.8723232895020298,0.8739221385083438,0.8817785276210408,P
Fe,total,22,1,4,395837.2236219937,0.9432493614698902,0.9432493614698902,0.886269083219215,0.9125361722897438,M
Fe,F1,22,1,4,864.7937233295456,0.9155233359715998,0.9155233359715998,0.856052459885905,0.8924157984688268,M
Fe,F123,22,1,4,98437.74155392472,0.7924773167495425,0.7924773167495425,0.7275852485886016,0.7748216035816592,M
Mn,total,22,1,4,27958.397951112365,0.9358121300520859,0.9358121300520859,0.8821532242359209,0.8937061472747946,M
Mn,F1,22,1,4,1789.829979062681,0.8650643235169344,0.8650643235169344,0.8691279745114975,0.8927510213283117,P
Mn,F123,22,1,4,22976.618935152397,0.9244349799576344,0.9244349799576344,0.8725067722018315,0.8824848707103977,M
Ni,total,22,1,4,2230.2185669827163,0.9496539688977431,0.9496539688977431,0.9221542580209819,0.9313181161411935,M
Ni,F1,22,1,4,275.87463686125676,0.9112343617051782,0.9112343617051782,0.8646472750071685,0.8916490867930642,M
Ni,F123,22,1,4,1294.2630593731635,0.9370886854022907,0.9370886854022907,0.9085834134524688,0.927398655207492,M
Pb,total,22,1,4,19239.460315139197,0.9485551247255559,0.9485551247255559,0.38604553669240094,0.40049120239176506,M
Pb,F1,22,1,4,3375.2612416285147,0.9197284628295748,0.9197284628295748,0.6386040108272388,0.6702730435941813,M
Pb,F123,22,1,4,14147.554912073032,0.9591116857080046,0.9591116857080046,0.3305814592920075,0.3435072163839975,M
Zn,total,22,1,4,8386.108058668162,0.9713267476794465,0.9713267476794465,0.9396971645364651,0.954486053829869,M
Zn,F1,22,1,4,1125.3214543128274,0.9345563368724781,0.9345563368724781,0.9055395375446577,0.9500617189370464,overlap
Zn,F123,22,1,4,4440.314628385941,0.9405855696274772,0.9405855696274772,0.9081657383134603,0.934528568696007,M
Cd,total,23,2,6,83.35588113313567,0.8481791704834344,0.8929489289075981,0.7972978454159285,0.7972978454159285,M
Cd,F1,23,2,6,27.093835020693334,0.8562136873544011,0.9069827960416389,0.7695934519824932,0.7718233458704447,M
Cd,F123,23,2,6,65.59615294036576,0.8299853269933359,0.8697790283306039,0.8256672749994595,0.8259416257092136,M
Co,total,23,2,6,2205.8510053618857,0.9273687372237039,0.9561331511246568,0.8841748782120918,0.9099927015358116,M
Co,F1,23,2,6,391.8822304958869,0.8827065596413065,0.9170015454280909,0.868407121277672,0.8794912931128458,M
Co,F123,23,2,6,1406.612551199602,0.9124111650550178,0.9468102335890143,0.8708399350323675,0.8952515225356924,M
Cr,total,23,2,6,1442.8739686248728,0.8620840888606208,0.8684030069556504,0.8024698980308141,0.8152169369726795,M
Cr,F1,23,2,6,48.87941422057443,0.9030774926617737,0.9049841572997983,0.5766307155098844,0.6195819391474254,M
Cr,F123,23,2,6,348.8916094083826,0.9100232340256738,0.9175818090845272,0.7817570278396629,0.8012772455905661,M
Cu,total,23,2,6,809.7464499749618,0.9481055215412546,0.9579615718009469,0.9386169964184659,0.9526327891927019,overlap
Cu,F1,23,2,6,66.97814484996024,0.8995980802985284,0.9024049687727593,0.9089154379843468,0.9282460797262124,P
Cu,F123,23,2,6,281.39652770036633,0.873334167395598,0.924448401697936,0.8769759875550291,0.8848474856802813,overlap
Fe,total,23,2,6,406301.50479899195,0.9447144271838896,0.9679569329987417,0.8891982190399172,0.916187645733066,M
Fe,F1,23,2,6,887.9286778464814,0.921623906908198,0.9294203987266125,0.8646527108631616,0.9127364417015023,M
Fe,F123,23,2,6,99006.89765295284,0.7982839159598234,0.8783710944837883,0.7334808245949773,0.8004393138945951,overlap
Mn,total,23,2,6,28814.148929420644,0.9401647213174134,0.9494812594186636,0.9035871185310405,0.9168103615198125,M
Mn,F1,23,2,6,1842.8071933356619,0.8866624826142575,0.9391876221355805,0.8769646842224562,0.9118598380267224,overlap
Mn,F123,23,2,6,23664.753758654435,0.9297752590200241,0.9393865708841351,0.8953847239469744,0.9057463565227237,M
Ni,total,23,2,6,2301.772502449167,0.9446725369164192,0.9690272041435518,0.9250030646567617,0.9369155624257736,M
Ni,F1,23,2,6,284.0011677683418,0.9123351559986361,0.9246563543135937,0.8634852117626018,0.9045481551815227,M
Ni,F123,23,2,6,1332.5218042291306,0.9307487887554496,0.9554997955303566,0.9098215605461478,0.9343814325047494,overlap
Pb,total,23,2,6,19394.429321337957,0.9524368419174996,0.9665265657945741,0.39093653252754745,0.4068771406778419,M
Pb,F1,23,2,6,3422.1042919605648,0.9290638758591085,0.9450282548938708,0.6435509350195818,0.6818704832054868,M
Pb,F123,23,2,6,14259.861244836953,0.9612652380808911,0.971214904863204,0.3349968399952374,0.34867755400145406,M
Zn,total,23,2,6,8551.035404876786,0.9734179198941473,0.9845863823394627,0.9413499228039066,0.9566866391638622,M
Zn,F1,23,2,6,1132.0275353911022,0.9348207654345051,0.9480489022921448,0.9060991171486096,0.9792653784077361,overlap
Zn,F123,23,2,6,4497.600620258308,0.9454552238443967,0.956055875629186,0.9112365882190444,0.9510906381602319,overlap
Cd,total,24,1,4,83.49088113313567,0.8931220243930131,0.8931220243930131,0.7976256032560358,0.7976256032560358,M
Cd,F1,24,1,4,27.145795957660557,0.9072646606951672,0.9072646606951672,0.7702379885720833,0.7721807738137433,M
Cd,F123,24,1,4,65.70056493522581,0.8699467226133638,0.8699467226133638,0.8258153819886321,0.8260735422868236,M
Co,total,24,1,4,2260.7592731300238,0.9571920124846811,0.9571920124846811,0.8910400582225131,0.9162112204555608,M
Co,F1,24,1,4,401.7826089792435,0.9134145523780606,0.9134145523780606,0.8727084560020435,0.8827577793584617,M
Co,F123,24,1,4,1439.0265922869257,0.9431675891797999,0.9431675891797999,0.8769911047214695,0.8976109795954584,M
Cr,total,24,1,4,1464.3212839256398,0.8832101199184822,0.8832101199184822,0.7955666642213124,0.804369560665806,M
Cr,F1,24,1,4,48.915188078116806,0.90692759043865,0.90692759043865,0.5766682546468287,0.6191817878278456,M
Cr,F123,24,1,4,349.59244346060234,0.9193089759917211,0.9193089759917211,0.7870783431024448,0.7997434364782177,M
Cu,total,24,1,4,840.0250127525154,0.9595437014078488,0.9595437014078488,0.9464911110494936,0.9563934652892176,M
Cu,F1,24,1,4,69.11265197025482,0.9039199249815003,0.9039199249815003,0.916533884630641,0.9348094722803251,P
Cu,F123,24,1,4,288.6397700612961,0.924312156238999,0.924312156238999,0.8802767606013557,0.887737169141126,M
Fe,total,24,1,4,416765.4569397364,0.9687656130749327,0.9687656130749327,0.8933446918565403,0.9182927566185707,M
Fe,F1,24,1,4,910.9341551882778,0.9351460625071653,0.9351460625071653,0.8852881567194871,0.9198096276586445,M
Fe,F123,24,1,4,99531.48787148943,0.8840492150420952,0.8840492150420952,0.7595283363298948,0.8062456134870464,M
Mn,total,24,1,4,29662.54569256691,0.9535504156146632,0.9535504156146632,0.9259694791113628,0.9368586732879889,M
Mn,F1,24,1,4,1895.508069702314,0.958250548214624,0.958250548214624,0.8961112762081439,0.918417294349325,M
Mn,F123,24,1,4,24348.317440413637,0.9443307214642358,0.9443307214642358,0.917796680231098,0.9272126477898338,M
Ni,total,24,1,4,2373.3213239979887,0.9636139468965124,0.9636139468965124,0.9306241514361837,0.9392354618045851,M
Ni,F1,24,1,4,291.7189688371516,0.9266496675065085,0.9266496675065085,0.8780374271163826,0.903572671021582,M
Ni,F123,24,1,4,1370.7706763651443,0.948829822748529,0.948829822748529,0.9171066324901904,0.9348717282692126,M
Pb,total,24,1,4,19549.112487542352,0.970249238389386,0.970249238389386,0.39735339937044645,0.4115702499883859,M
Pb,F1,24,1,4,3467.8728429646867,0.9541915291043879,0.9541915291043879,0.6555556681452971,0.6863789606068349,M
Pb,F123,24,1,4,14359.950352380973,0.9740850847789512,0.9740850847789512,0.34048270840603373,0.3532172829520192,M
Zn,total,24,1,4,8710.343413572411,0.9870234314286431,0.9870234314286431,0.9443662853074929,0.9586046703852746,M
Zn,F1,24,1,4,1138.594086371743,0.9483485169974046,0.9483485169974046,0.9355043212736219,0.9795075060023579,overlap
Zn,F123,24,1,4,4552.077231238528,0.9612626091504781,0.9612626091504781,0.9284559552852734,0.954171525440798,M
Cd,total,25,1,1,83.62588113313566,0.8932945610110008,0.8932945610110008,0.7979523028757018,0.7979523028757018,M
Cd,F1,25,1,1,27.195934345145375,0.9077057732649964,0.9077057732649964,0.7712437676997006,0.7712437676997006,M
Cd,F123,25,1,1,65.80487274283836,0.8701544543346599,0.8701544543346599,0.8260930666358393,0.8260930666358393,M
Co,total,25,1,1,2315.6527188526043,0.9621500657191105,0.9621500657191105,0.9182038667751384,0.9182038667751384,M
Co,F1,25,1,1,411.28392970543837,0.9174193673704772,0.9174193673704772,0.8841812103894775,0.8841812103894775,M
Co,F123,25,1,1,1470.8141357012885,0.9479935949479941,0.9479935949479941,0.8998238325673341,0.8998238325673341,M
Cr,total,25,1,1,1483.6033254415415,0.8720858526427084,0.8720858526427084,0.7942699654911106,0.7942699654911106,M
Cr,F1,25,1,1,48.94542659973464,0.9063862844743912,0.9063862844743912,0.6188182514383387,0.6188182514383387,M
Cr,F123,25,1,1,350.288933724305,0.9175070537425236,0.9175070537425236,0.7981792500697164,0.7981792500697164,M
Cu,total,25,1,1,868.8399478174505,0.9704593722252746,0.9704593722252746,0.957839668895825,0.957839668895825,M
Cu,F1,25,1,1,71.22744352921858,0.9112676420781128,0.9112676420781128,0.9308264331567769,0.9308264331567769,P
Cu,F123,25,1,1,295.835930999868,0.9265207620689615,0.9265207620689615,0.8853841579711711,0.8853841579711711,M
Fe,total,25,1,1,427102.07744233194,0.969820439783752,0.969820439783752,0.920568344719467,0.920568344719467,M
Fe,F1,25,1,1,932.9757046128884,0.9295982024308216,0.9295982024308216,0.9146240908293474,0.9146240908293474,M
Fe,F123,25,1,1,99975.4914748655,0.9099035858405868,0.9099035858405868,0.8111503818786824,0.8111503818786824,M
Mn,total,25,1,1,30510.308530824637,0.965159611885277,0.965159611885277,0.948931668173947,0.948931668173947,M
Mn,F1,25,1,1,1947.1493495321865,0.9638999552613603,0.9638999552613603,0.9211251666909258,0.9211251666909258,M
Mn,F123,25,1,1,25026.784346624863,0.9587056083833622,0.9587056083833622,0.942051599381645,0.942051599381645,M
Ni,total,25,1,1,2443.6405934774257,0.9684276234855835,0.9684276234855835,0.9414893054908746,0.9414893054908746,M
Ni,F1,25,1,1,299.2614647384114,0.9397489585625716,0.9397489585625716,0.8995900188354247,0.8995900188354247,M
Ni,F123,25,1,1,1407.181795359956,0.9561052550941277,0.9561052550941277,0.9315677573155873,0.9315677573155873,M
Pb,total,25,1,1,19695.51317312605,0.9724766593401805,0.9724766593401805,0.4129451195492283,0.4129451195492283,M
Pb,F1,25,1,1,3506.605593526296,0.9639236812931321,0.9639236812931321,0.686770427810788,0.686770427810788,M
Pb,F123,25,1,1,14457.998072353133,0.9752470375651104,0.9752470375651104,0.3554668928127916,0.3554668928127916,M
Zn,total,25,1,1,8863.42211731993,0.9890567641930413,0.9890567641930413,0.9572807421344056,0.9572807421344056,M
Zn,F1,25,1,1,1144.6928407351786,0.9878451588046492,0.9878451588046492,0.9750693950583609,0.9750693950583609,M
Zn,F123,25,1,1,4601.4273293806655,0.9787759935886878,0.9787759935886878,0.9517059796641141,0.9517059796641141,M
Cd,total,26,1,1,83.76088113313567,0.8934665414637926,0.8934665414637926,0.7982779493916264,0.7982779493916264,M
Cd,F1,26,1,1,27.245741675388334,0.907783296689251,0.907783296689251,0.7718444312245615,0.7718444312245615,M
Cd,F123,26,1,1,65.9072016443315,0.8701453204340268,0.8701453204340268,0.8263555535276753,0.8263555535276753,M
Co,total,26,1,1,2370.4522545722825,0.9629202554842287,0.9629202554842287,0.9469014755618745,0.9469014755618745,M
Co,F1,26,1,1,420.39740710889026,0.9192095704419176,0.9192095704419176,0.9151497672047334,0.9151497672047334,M
Co,F123,26,1,1,1500.8027610438094,0.9455842756053534,0.9455842756053534,0.9310403032580771,0.9310403032580771,M
Cr,total,26,1,1,1497.019688341501,0.8821504707673162,0.8821504707673162,0.8140766987603038,0.8140766987603038,M
Cr,F1,26,1,1,48.97496392278275,0.9064570613948684,0.9064570613948684,0.6229500888433748,0.6229500888433748,M
Cr,F123,26,1,1,350.9842730532945,0.9224628987795878,0.9224628987795878,0.8076639914823586,0.8076639914823586,M
Cu,total,26,1,1,897.5214546667654,0.9693283571313668,0.9693283571313668,0.9699211012244574,0.9699211012244574,P
Cu,F1,26,1,1,73.34081926033545,0.9149354016696056,0.9149354016696056,0.9316950691955671,0.9316950691955671,P
Cu,F123,26,1,1,303.01125309294696,0.9217949233781171,0.9217949233781171,0.9338547324300537,0.9338547324300537,P
Fe,total,26,1,1,437227.4997814947,0.9701952296536225,0.9701952296536225,0.9447845862721802,0.9447845862721802,M
Fe,F1,26,1,1,954.5479498823554,0.9263720484412858,0.9263720484412858,0.9290704013367136,0.9290704013367136,P
Fe,F123,26,1,1,100370.25382550308,0.9101734277828794,0.9101734277828794,0.897180931755247,0.897180931755247,M
Mn,total,26,1,1,31357.837565891416,0.96775873650178,0.96775873650178,0.9613827606071138,0.9613827606071138,M
Mn,F1,26,1,1,1998.3338887364598,0.9648246076258206,0.9648246076258206,0.940382496001405,0.940382496001405,M
Mn,F123,26,1,1,25675.023535735527,0.961802310790528,0.961802310790528,0.9568241994509908,0.9568241994509908,M
Ni,total,26,1,1,2513.4432205319613,0.9680016239266274,0.9680016239266274,0.9601194586324785,0.9601194586324785,M
Ni,F1,26,1,1,306.3469498560921,0.9445759691421445,0.9445759691421445,0.9153989051010316,0.9153989051010316,M
Ni,F123,26,1,1,1443.0299766626824,0.9571957014459506,0.9571957014459506,0.9502714801657031,0.9502714801657031,M
Pb,total,26,1,1,19841.859559884222,0.9745376361749145,0.9745376361749145,0.43487398469064703,0.43487398469064703,M
Pb,F1,26,1,1,3544.503895576143,0.9645448344360896,0.9645448344360896,0.7160083645224251,0.7160083645224251,M
Pb,F123,26,1,1,14556.014854578923,0.97721187119652,0.97721187119652,0.3723302186154139,0.3723302186154139,M
Zn,total,26,1,1,8998.429542728327,0.987182626684891,0.987182626684891,0.9627083583446905,0.9627083583446905,M
Zn,F1,26,1,1,1150.7134282420088,0.9858459920611574,0.9858459920611574,0.9756742896788426,0.9756742896788426,M
Zn,F123,26,1,1,4650.71447194541,0.9720691422807005,0.9720691422807005,0.9579151909580298,0.9579151909580298,M
Cd,total,27,2,1,83.89588113313567,0.8936379684362271,0.9983817125281922,0.7986025478875752,0.7986025478875752,M
Cd,F1,27,2,1,27.293064259791812,0.9086264758189466,0.9957812192923794,0.7723431921592906,0.7723431921592906,M
Cd,F123,27,2,1,66.00903461688067,0.8701277657597122,0.9965383517556556,0.8271133726277327,0.8271133726277327,M
Co,total,27,2,1,2425.00332953152,0.963901669696105,0.9907386152728839,0.9409785481290913,0.9409785481290913,M
Co,F1,27,2,1,429.3702062022194,0.9303015362581558,0.9591042808094796,0.9212018654158626,0.9212018654158626,M
Co,F123,27,2,1,1526.7276351088117,0.9503483147071472,0.9838638553448045,0.9321368362692104,0.9321368362692104,M
Cr,total,27,2,1,1504.1219610687735,0.886904799109811,0.9067297797534019,0.8105825004203735,0.8105825004203735,M
Cr,F1,27,2,1,48.997428461797874,0.9064999493393964,0.9322980143956173,0.6226841888417562,0.6226841888417562,M
Cr,F123,27,2,1,351.6304076488325,0.9333853957881915,0.9616975902515946,0.8063085086000336,0.8063085086000336,M
Cu,total,27,2,1,924.3405814858924,0.9748342002409568,0.9791060158593525,0.9674136465479917,0.9674136465479917,M
Cu,F1,27,2,1,75.37171173277498,0.9292886690730408,0.9295053825084287,0.9471545493939492,0.9471545493939492,P
Cu,F123,27,2,1,309.96060205317065,0.9264396759492635,0.9535744675068513,0.9428882969175909,0.9428882969175909,overlap
Fe,total,27,2,1,447297.3472838558,0.9717472936996756,0.9971128943962733,0.9434394826048027,0.9434394826048027,M
Fe,F1,27,2,1,974.5892430308768,0.949859519186909,0.9554275124463137,0.9276220739492244,0.9276220739492244,M
Fe,F123,27,2,1,100756.53360814374,0.9151036390206067,0.9943243366158985,0.8955311147186986,0.8955311147186986,M
Mn,total,27,2,1,32193.59101374066,0.9689687642220025,0.9852682838541253,0.9494727063929027,0.9494727063929027,M
Mn,F1,27,2,1,2049.443130320781,0.9664784336622013,0.9754172011093263,0.9364182070753908,0.9364182070753908,M
Mn,F123,27,2,1,26319.407861873027,0.9643998042426822,0.9816368396320608,0.9449474608067701,0.9449474608067701,M
Ni,total,27,2,1,2579.9712870600274,0.970774778444458,0.9882944683344876,0.9563575549608231,0.9563575549608231,M
Ni,F1,27,2,1,313.29224179151674,0.9450107058082599,0.9520297276044544,0.9287145254120799,0.9287145254120799,M
Ni,F123,27,2,1,1478.4055577110141,0.9541715541625879,0.9854362004218521,0.9502725193181184,0.9502725193181184,M
Pb,total,27,2,1,19971.60374105428,0.9725794729837698,0.9914993214381814,0.4385452878601308,0.4385452878601308,M
Pb,F1,27,2,1,3582.094802322584,0.9622277408852205,0.9856904031213911,0.7178149988593558,0.7178149988593558,M
Pb,F123,27,2,1,14651.65939065164,0.9754163085858215,0.9914210977461638,0.37659160412009424,0.37659160412009424,M
Zn,total,27,2,1,9118.1021479777,0.9890326507734936,0.9969867073578501,0.9631978009763356,0.9631978009763356,M
Zn,F1,27,2,1,1156.321522915598,0.9818374047323474,0.9887817545427146,0.9791006596375477,0.9791006596375477,M
Zn,F123,27,2,1,4692.23883961733,0.9710842973232547,0.9880035601348208,0.9599554271611508,0.9599554271611508,M
Cd,total,28,1,1,84.03088113313567,0.9983843123915491,0.9983843123915491,0.7989261034146453,0.7989261034146453,M
Cd,F1,28,1,1,27.337906868671972,0.9965610217184546,0.9965610217184546,0.7730572486806107,0.7730572486806107,M
Cd,F123,28,1,1,66.10497489701353,0.996414950283705,0.996414950283705,0.8275979484313133,0.8275979484313133,M
Co,total,28,1,1,2477.749078918143,0.9918085448641653,0.9918085448641653,0.9572123468922226,0.9572123468922226,M
Co,F1,28,1,1,437.3520816056913,0.9713484012945791,0.9713484012945791,0.9415925817650694,0.9415925817650694,M
Co,F123,28,1,1,1552.5388449711252,0.9879815152596082,0.9879815152596082,0.9548987729956578,0.9548987729956578,M
Cr,total,28,1,1,1506.6605475838019,0.9141067240333375,0.9141067240333375,0.8440704857439169,0.8440704857439169,M
Cr,F1,28,1,1,49.01714909427876,0.9323812308328427,0.9323812308328427,0.6356336783606331,0.6356336783606331,M
Cr,F123,28,1,1,351.83132627906116,0.9737587513483954,0.9737587513483954,0.8157743824458744,0.8157743824458744,M
Cu,total,28,1,1,950.6212899223807,0.9847383477735646,0.9847383477735646,0.9745357497429082,0.9745357497429082,M
Cu,F1,28,1,1,77.38268371780238,0.943342541128083,0.943342541128083,0.9433916805216572,0.9433916805216572,P
Cu,F123,28,1,1,316.6172800189035,0.9583055003457098,0.9583055003457098,0.9613734483280788,0.9613734483280788,P
Fe,total,28,1,1,457281.05726756575,0.998226140121159,0.998226140121159,0.9665964315777451,0.9665964315777451,M
Fe,F1,28,1,1,994.5334054456234,0.9779517720797153,0.9779517720797153,0.9422440603059052,0.9422440603059052,M
Fe,F123,28,1,1,101129.59116281851,0.999044936957083,0.999044936957083,0.9774219727645236,0.9774219727645236,M
Mn,total,28,1,1,32975.61456890247,0.9876112222084208,0.9876112222084208,0.9623963189659125,0.9623963189659125,M
Mn,F1,28,1,1,2094.9927189598707,0.979365197696511,0.979365197696511,0.9567681619855877,0.9567681619855877,M
Mn,F123,28,1,1,26900.911759674702,0.9859976277004461,0.9859976277004461,0.9598186746030221,0.9598186746030221,M
Ni,total,28,1,1,2642.8164594081513,0.9918680798275035,0.9918680798275035,0.9665466991698782,0.9665466991698782,M
Ni,F1,28,1,1,319.98879727711176,0.9530336239704814,0.9530336239704814,0.9378292485645424,0.9378292485645424,M
Ni,F123,28,1,1,1512.02349976424,0.9829640833423493,0.9829640833423493,0.9605209251306732,0.9605209251306732,M
Pb,total,28,1,1,20082.63755954743,0.9903661521861788,0.9903661521861788,0.9659299603764243,0.9659299603764243,M
Pb,F1,28,1,1,3618.2955621706146,0.9835555096954139,0.9835555096954139,0.9334062253803699,0.9334062253803699,M
Pb,F123,28,1,1,14729.249287911913,0.9907579779465003,0.9907579779465003,0.9729345270628504,0.9729345270628504,M
Zn,total,28,1,1,9234.926164402816,0.9989938088335334,0.9989938088335334,0.9927315729096498,0.9927315729096498,M
Zn,F1,28,1,1,1161.7767408892691,0.9849079309510089,0.9849079309510089,0.9882007877518004,0.9882007877518004,P
Zn,F123,28,1,1,4727.982268323593,0.9880942529227196,0.9880942529227196,0.9864157581061469,0.9864157581061469,M
Cd,total,29,1,1,84.16588113313567,0.9983869039146723,0.9983869039146723,0.799248620991525,0.799248620991525,M
Cd,F1,29,1,1,27.37977836290931,0.9973693331226103,0.9973693331226103,0.7742073611329975,0.7742073611329975,M
Cd,F123,29,1,1,66.19988010346509,0.9968819504433968,0.9968819504433968,0.8283069673437323,0.8283069673437323,M
Co,total,29,1,1,2528.360476369447,0.9919725171281913,0.9919725171281913,0.958068847750263,0.958068847750263,M
Co,F1,29,1,1,445.15253045657425,0.9797699759444968,0.9797699759444968,0.9505355703852009,0.9505355703852009,M
Co,F123,29,1,1,1577.9869286134733,0.9910527632004001,0.9910527632004001,0.9585035439821641,0.9585035439821641,M
Cr,total,29,1,1,1508.2607182686752,0.9273568128780987,0.9273568128780987,0.8573948786755193,0.8573948786755193,M
Cr,F1,29,1,1,49.032689711153694,0.9334325493974502,0.9334325493974502,0.6367790492819176,0.6367790492819176,M
Cr,F123,29,1,1,352.02427635225547,0.9750605018354365,0.9750605018354365,0.8171627266640615,0.8171627266640615,M
Cu,total,29,1,1,974.3159848269728,0.9945602436704015,0.9945602436704015,0.9846057658095212,0.9846057658095212,M
Cu,F1,29,1,1,79.10052975534543,0.9624738260890565,0.9624738260890565,0.9625218983100997,0.9625218983100997,P
Cu,F123,29,1,1,323.26709066289806,0.9608532722840335,0.9608532722840335,0.9638581106157835,0.9638581106157835,P
Fe,total,29,1,1,467065.21711837954,1.0,1.0,0.9690328758518291,0.9690328758518291,M
Fe,F1,29,1,1,1013.4834127178945,0.9830754890115696,0.9830754890115696,0.9480354363126872,0.9480354363126872,M
Fe,F123,29,1,1,101477.00963112965,0.9983318493288724,0.9983318493288724,0.9767829138954126,0.9767829138954126,M
Mn,total,29,1,1,33723.68668794233,0.9904860273553595,0.9904860273553595,0.9658304510415631,0.9658304510415631,M
Mn,F1,29,1,1,2139.454418136907,0.9901654735806376,0.9901654735806376,0.9680380447917193,0.9680380447917193,M
Mn,F123,29,1,1,27448.879410081194,0.9899301884487597,0.9899301884487597,0.9642738512004049,0.9642738512004049,M
Ni,total,29,1,1,2699.6807973447885,0.9976442338272574,0.9976442338272574,0.9728562064268591,0.9728562064268591,M
Ni,F1,29,1,1,325.61213611800935,0.9746968817665458,0.9746968817665458,0.9597550867293579,0.9597550867293579,M
Ni,F123,29,1,1,1541.4972529783938,0.990222110489126,0.990222110489126,0.9682080702049708,0.9682080702049708,M
Pb,total,29,1,1,20171.610119894038,0.9932529308900823,0.9932529308900823,0.9689245217777679,0.9689245217777679,M
Pb,F1,29,1,1,3651.6825012990653,0.9879465611790619,0.9879465611790619,0.9382557863598914,0.9382557863598914,M
Pb,F123,29,1,1,14797.193090685963,0.9928327577636739,0.9928327577636739,0.9750911462548413,0.9750911462548413,M
Zn,total,29,1,1,9351.591877398805,0.9990232895297175,0.9990232895297175,0.9928391780822422,0.9928391780822422,M
Zn,F1,29,1,1,1166.3286658266056,0.9893617772362145,0.9893617772362145,0.9926417827392322,0.9926417827392322,P
Zn,F123,29,1,1,4762.059581557056,0.988179450485976,0.988179450485976,0.9865129669835513,0.9865129669835513,M
Cd,total,30,1,2,84.30088113313568,1.0000000000000007,1.0000000000000007,0.7995701056047564,0.8011806184671267,M
Cd,F1,30,1,2,27.420152388171175,0.9986128592728785,0.9986128592728785,0.7745398230966111,0.7757794757960881,M
Cd,F123,30,1,2,66.28924673863357,0.9986124436624682,0.9986124436624682,0.8292071825102727,0.8302647218420365,M
Co,total,30,1,2,2565.6518509967627,0.9981127620036888,0.9981127620036888,0.9557117079106673,0.9647018775043955,M
Co,F1,30,1,2,452.7900014001037,0.9872176801459271,0.9872176801459271,0.9517298570293464,0.95847638822059,M
Co,F123,30,1,2,1602.8000402378068,0.9967703200984409,0.9967703200984409,0.9578334627196168,0.9647249986774792,M
Cr,total,30,1,2,1509.3129068208636,0.9850669845923532,0.9850669845923532,0.8720787430964799,0.9151538230106958,M
Cr,F1,30,1,2,49.035281070123624,0.9985672417449014,0.9985672417449014,0.6381971155667077,0.7019294188252918,M
Cr,F123,30,1,2,352.0695070002495,0.997991106113264,0.997991106113264,0.8190360200079768,0.8401136161939368,M
Cu,total,30,1,2,997.4641329751208,0.9978270083249147,0.9978270083249147,0.9834441057556934,0.9881035440119338,M
Cu,F1,30,1,2,80.79375524231602,0.9687221048812034,0.9687221048812034,0.968769169634409,0.9693493603270184,P
Cu,F123,30,1,2,328.95928495307317,0.9644417015754327,0.9644417015754327,0.967394545255026,0.9860195269399812,P
Fe,total,30,1,2,476621.83836801164,1.0,1.0,0.9628793664513232,0.969653789651515,M
Fe,F1,30,1,2,1030.6916606944637,0.9963634090083003,0.9963634090083003,0.9505929212464949,0.9619083789102102,M
Fe,F123,30,1,2,101751.73429278552,1.0000000000000002,1.0000000000000002,0.9753884266142215,0.9785092456288795,M
Mn,total,30,1,2,34258.5914336251,1.0,1.0,0.9570608766978186,0.9757293894488311,M
Mn,F1,30,1,2,2179.3920696006835,0.9929206937851697,0.9929206937851697,0.9651425399110567,0.9711987530913436,M
Mn,F123,30,1,2,27868.497783496492,0.9999999999999999,0.9999999999999999,0.9549391035481595,0.9747299724331926,M
Ni,total,30,1,2,2756.166152993324,1.0000000000000004,1.0000000000000004,0.9602286417124027,0.9757199828086444,M
Ni,F1,30,1,2,331.16852672720256,0.9828822438636523,0.9828822438636523,0.9532839284215049,0.9681911442969839,M
Ni,F123,30,1,2,1570.8876909429498,0.9960441757324161,0.9960441757324161,0.9597384380932291,0.9744420059397358,M
Pb,total,30,1,2,20258.943048205096,0.9932013129595323,0.9932013129595323,0.9689777795657523,0.9734499320907226,M
Pb,F1,30,1,2,3680.578049244271,0.9904872068871229,0.9904872068871229,0.9411865452912047,0.9452869520003181,M
Pb,F123,30,1,2,14864.350094964764,0.9929180712153,0.9929180712153,0.9752566161527566,0.9789475139730465,M
Zn,total,30,1,2,9462.130684947713,0.99878520178637,0.99878520178637,0.9923193345728019,0.9926733345646314,M
Zn,F1,30,1,2,1169.9756060313568,0.9901684450761458,0.9901684450761458,0.993438226448097,0.9946935197738059,P
Zn,F123,30,1,2,4792.546708111175,0.9871678793198684,0.9871678793198684,0.9855119969229796,0.9916043446569741,overlap
Cd,total,31,1,1,84.43588113313567,1.0000000000000009,1.0000000000000009,0.8014985001087552,0.8014985001087552,M
Cd,F1,31,1,1,27.459396048709063,0.9990115994129501,0.9990115994129501,0.7761410860384931,0.7761410860384931,M
Cd,F123,31,1,1,66.37768669824418,0.9993032767978796,0.9993032767978796,0.831172692824197,0.831172692824197,M
Co,total,31,1,1,2598.1012299655717,0.9999999999999998,0.9999999999999998,0.9640768546343726,0.9640768546343726,M
Co,F1,31,1,1,459.22161429843214,0.9969311682621905,0.9969311682621905,0.9620387199983731,0.9620387199983731,M
Co,F123,31,1,1,1625.509489392382,0.9987236184211934,0.9987236184211934,0.965217813917371,0.965217813917371,M
Cr,total,31,1,1,1509.8390010969579,0.985072187911333,0.985072187911333,0.9301111992370162,0.9301111992370162,M
Cr,F1,31,1,1,49.03624694039163,0.9985672699660375,0.9985672699660375,0.7033672823159826,0.7033672823159826,M
Cr,F123,31,1,1,352.09486130384016,0.9980477024476585,0.9980477024476585,0.8420312521558101,0.8420312521558101,M
Cu,total,31,1,1,1019.0972188711972,0.999896111728425,0.999896111728425,0.9883560783624189,0.9883560783624189,M
Cu,F1,31,1,1,82.4072756148224,0.9868555418261504,0.9868555418261504,0.9762715911018492,0.9762715911018492,M
Cu,F123,31,1,1,334.175387543215,0.977186819265696,0.977186819265696,0.9905280326281738,0.9905280326281738,P
Fe,total,31,1,1,485534.01377211406,1.0,1.0,0.9648880237547529,0.9648880237547529,M
Fe,F1,31,1,1,1047.665662442641,0.9966459168167098,0.9966459168167098,0.9644116324395358,0.9644116324395358,M
Fe,F123,31,1,1,101932.06730240301,1.0000000000000002,1.0000000000000002,0.9780186967534827,0.9780186967534827,M
Mn,total,31,1,1,34678.64297618153,1.0,1.0,0.9701448973454141,0.9701448973454141,M
Mn,F1,31,1,1,2211.7427952628445,0.9964545343888738,0.9964545343888738,0.9716200232496397,0.9716200232496397,M
Mn,F123,31,1,1,28172.471572045655,0.9999999999999999,0.9999999999999999,0.9693413528570509,0.9693413528570509,M
Ni,total,31,1,1,2810.33544075456,1.0000000000000002,1.0000000000000002,0.9640823705525859,0.9640823705525859,M
Ni,F1,31,1,1,336.0290578180406,0.9999999999999997,0.9999999999999997,0.963679055430097,0.963679055430097,M
Ni,F123,31,1,1,1598.2914773466948,1.0,1.0,0.9672141739927148,0.9672141739927148,M
Pb,total,31,1,1,20344.64101049799,0.9953949546403938,0.9953949546403938,0.9735617692431887,0.9735617692431887,M
Pb,F1,31,1,1,3708.536115403256,0.9920228080223038,0.9920228080223038,0.9483797914792046,0.9483797914792046,M
Pb,F123,31,1,1,14925.963593004788,0.9953883013017992,0.9953883013017992,0.979458531033557,0.979458531033557,M
Zn,total,31,1,1,9570.308710743877,0.9999999999999998,0.9999999999999998,0.9924061530075909,0.9924061530075909,M
Zn,F1,31,1,1,1173.0336713714798,0.9956292084535241,0.9956292084535241,0.995980854653721,0.995980854653721,P
Zn,F123,31,1,1,4817.825458014172,0.9922315181795861,0.9922315181795861,0.9916483959978823,0.9916483959978823,M
