element,target,statistic,printed_pct,recomputed_pct,rounded_match
Cd,total,magnetic,35.14,35.13862010971961,True
Cd,total,proximity_min,31.32,31.318922493019734,True
Cd,total,proximity_max,50.03,50.03345328367522,True
Cd,F1,magnetic,35.18,35.18040095583393,True
Cd,F1,proximity_min,29.69,29.685735628975035,True
Cd,F1,proximity_max,50.97,50.97040466923987,True
Cd,F123,magnetic,36.21,36.2131422456225,True
Cd,F123,proximity_min,32.91,32.9086815417267,True
Cd,F123,proximity_max,53.05,53.0467468246931,True
Co,total,magnetic,66.83,66.82676925803854,True
Co,total,proximity_min,82.24,82.24069191637557,True
Co,total,proximity_max,86.13,86.12938016612634,True
Co,F1,magnetic,51.25,51.25291407578126,True
Co,F1,proximity_min,74.83,74.83416961579104,True
Co,F1,proximity_max,80.93,80.93315364556997,True
Co,F123,magnetic,60.26,60.26196883467443,True
Co,F123,proximity_min,81.57,81.57292702985183,True
Co,F123,proximity_max,87.16,87.16272047730064,True
Cr,total,magnetic,49.71,49.711364160552186,True
Cr,total,proximity_min,54.27,54.270631298026295,True
Cr,total,proximity_max,59.13,59.13287320691576,True
Cr,F1,magnetic,7.31,7.3109976702288835,True
Cr,F1,proximity_min,5.41,5.405757264347909,True
Cr,F1,proximity_max,36.34,36.33905814036079,True
Cr,F123,magnetic,27.46,27.45697022741916,True
Cr,F123,proximity_min,30.99,30.992220703249053,True
Cr,F123,proximity_max,43.49,43.48781290025633,True
Cu,total,magnetic,91.68,91.6778166756478,True
Cu,total,proximity_min,84.66,84.65787147468589,True
Cu,total,proximity_max,87.6,87.60145499948327,True
Cu,F1,magnetic,84.32,84.32435750738719,True
Cu,F1,proximity_min,74.14,74.14268148068228,True
Cu,F1,proximity_max,77.3,77.30323629130463,True
Cu,F123,magnetic,60.35,60.34608003959458,True
Cu,F123,proximity_min,80.75,80.75266952986846,True
Cu,F123,proximity_max,86.65,86.64897139788135,True
Fe,total,magnetic,66.46,66.45721762251372,True
Fe,total,proximity_min,86.16,86.15825084658194,True
Fe,total,proximity_max,90.46,90.46201170738041,True
Fe,F1,magnetic,57.29,57.29329998984481,True
Fe,F1,proximity_min,64.14,64.1448893822395,True
Fe,F1,proximity_max,73.34,73.34146857875086,True
Fe,F123,magnetic,27.59,27.59169919703206,True
Fe,F123,proximity_min,45.57,45.56798081717412,True
Fe,F123,proximity_max,65.71,65.71117573676777,True
Mn,total,magnetic,76.53,76.52845051509203,True
Mn,total,proximity_min,56.99,56.98507696627671,True
Mn,total,proximity_max,62.74,62.744896623666534,True
Mn,F1,magnetic,72.03,72.03312701651939,True
Mn,F1,proximity_min,50.55,50.55264302085385,True
Mn,F1,proximity_max,54.53,54.53230121766679,True
Mn,F123,magnetic,73.08,73.07605395252654,True
Mn,F123,proximity_min,52.82,52.81585613306273,True
Mn,F123,proximity_max,59.1,59.09585273610406,True
Ni,total,magnetic,71.22,71.22005730807167,True
Ni,total,proximity_min,76.96,76.9607442748353,True
Ni,total,proximity_max,79.86,79.86451610064005,True
Ni,F1,magnetic,63.4,63.395153294093156,True
Ni,F1,proximity_min,63.13,63.12610038685595,True
Ni,F1,proximity_max,72.54,72.53849541195892,True
Ni,F123,magnetic,63.06,63.055075528157055,True
Ni,F123,proximity_min,73.44,73.43969406861413,True
Ni,F123,proximity_max,79.63,79.63167436208889,True
Pb,total,magnetic,14.42,14.415106755773627,True
Pb,total,proximity_min,25.73,25.731125005180814,True
Pb,total,proximity_max,27.33,27.331295148012753,True
Pb,F1,magnetic,29.21,29.213467169222508,True
Pb,F1,proximity_min,46.91,46.91189313722106,True
Pb,F1,proximity_max,52.36,52.36006672695602,True
Pb,F123,magnetic,12.3,12.297119376413917,True
Pb,F123,proximity_min,21.62,21.623660208220688,True
Pb,F123,proximity_max,23.03,23.033037931539848,True
Zn,total,magnetic,60.39,60.390682775509276,True
Zn,total,proximity_min,64.34,64.34130653159015,True
Zn,total,proximity_max,94.72,94.72159493340169,True
Zn,F1,magnetic,77.56,77.5569697478803,True
Zn,F1,proximity_min,76.12,76.11981223887537,True
Zn,F1,proximity_max,86.53,86.533442571012,True
Zn,F123,magnetic,69.0,68.99700025350187,True
Zn,F123,proximity_min,72.84,72.84295726955683,True
Zn,F123,proximity_max,95.62,95.6235448091641,True
