element,total_min,total_median,total_max,rho_XLF_total,rho_distance_total,rho_XLF_F1_vs_rest_balance,fraction_share_unique_vectors_10decimals,F1_share_min,F1_share_median,F1_share_max,F2_share_min,F2_share_median,F2_share_max,F3_share_min,F3_share_median,F3_share_max,F4_share_min,F4_share_median,F4_share_max,rho_XLF_log_F1_over_F4,rho_XLF_log_F2_over_F4,rho_XLF_log_F3_over_F4
Cd,0.13499999999999998,0.28305737756648564,16.895649049566277,0.42503698623234565,-0.30081539383845435,-0.2931793376439026,32,0.0980232747206801,0.3694178783847788,0.4886784729403654,0.13069307997242333,0.3428830844350842,0.6633730069615988,0.003218688917505393,0.059364887345263836,0.3250662701867303,0.006124817723968976,0.21363931160023777,0.4934983555944418,-0.28547856704912844,-0.11514485555995675,-0.14338101440746207
Co,29.680104127698648,76.9624644737464,126.73241390685106,0.3683535267833648,-0.32532077961183375,-0.49926662689452583,32,0.08024739787645799,0.18042170660848966,0.2898805894483,0.2181727975898717,0.29237042665781765,0.3973619962586004,0.029405882555773935,0.1328667806793924,0.20730006906527318,0.2348595187918535,0.3723624548078449,0.5451398227647323,-0.38705539822781637,-0.002750275212419349,-0.20407042076151566
Cr,0.5260942760942761,37.56131673206179,142.8715670436187,0.2279270279671701,-0.17834374075633477,0.01613494791286018,32,0.0007028617131628743,0.0031980171557237508,0.29293259348282796,0.0006876920359003663,0.005247373647398287,0.2968333286061256,0.007983305775326967,0.051463532414382854,0.3976028993151697,0.47542960506481763,0.8032922912406466,0.9899932757101891,0.04070407314380637,-0.06288962652398912,0.10029336941289227
Cu,21.5272136474411,32.09907630299045,50.080775444264944,0.43674370373219273,-0.18616089938127597,-0.03557022608062358,32,0.04744154523890207,0.08152921340805197,0.12903225806451613,0.04194044456871243,0.11925078388392851,0.48288715689596756,0.015765907800971184,0.058645594024046135,0.2544895803322769,0.39588688946015416,0.7445731307974975,0.8221379024129958,-0.10772898546316367,0.017601761359483836,-0.10891089841180622
Fe,6327.783210073772,14265.682302961548,23375.84196789973,0.3714705053574401,-0.3052301478964287,-0.23890724011882744,32,0.0011402141233275752,0.002122661511461298,0.004480413884485149,0.008079936278684348,0.05885670751553211,0.41201350797362596,0.006219825506819294,0.024877832107828228,0.2223908541785899,0.46894218045612857,0.9142431008509782,0.9822998895895071,-0.023469015145978447,0.26347636534977364,0.11441144883664493
Mn,216.1940272979168,1144.6578085723936,2231.823095055153,0.3569857225720315,0.0700407344206781,-0.24000735020379518,32,0.03839764280083012,0.06108103533972856,0.19695108088667368,0.38328748350940356,0.6410825284557192,0.7416653841361975,0.06685098461696311,0.10397317207443965,0.18096909822141308,0.12907237474326846,0.1894869954801377,0.33170387490668113,-0.3023469216853005,0.036670336165591316,-0.07480748577780628
Ni,20.14846235418876,83.96306179116112,132.37847222222223,0.4204254041385045,-0.21749491214842143,-0.2698936741787521,32,0.057245080500894455,0.12217128786787337,0.19999999999999998,0.15602836879432622,0.23701687805852395,0.4297029702970297,0.11438474870017329,0.19481340923466162,0.2765957446808511,0.24802110817941952,0.43844190136022737,0.5892547660311959,-0.3144481326199456,-0.052805284078451496,-0.21397141152622537
Pb,82.61105092091007,293.77003749388683,10639.968590498625,0.22882289767328987,-0.33177189988742256,-0.11881188917651588,32,0.07575757575757577,0.30772874725485827,0.4422310756972112,0.014749262536873154,0.2044658036452051,0.4937842294885542,0.007220216606498195,0.15724599248560073,0.45202020202020204,0.17171717171717174,0.34541746335245377,0.49702380952380953,-0.26347636534977364,-0.05885588954577407,-0.07260726560787081
Zn,104.8284316110014,195.7850942595958,1746.4642262895175,0.608544228667988,-0.5387607018727422,0.1448478278540857,32,0.006618168219747533,0.05688326247952788,0.3878170534334782,0.08408870866042759,0.22741860747810627,0.47994332549616475,0.030790641465535618,0.10357024318952317,0.275584720979087,0.11679595870811388,0.5869215817416789,0.8538609068775953,0.2312064695240533,0.39273930033348303,0.17015035980834373
