element,nearest_IDs,all_four_nearest_at_least_magnetic,all_four_nearest_strictly_more,delta_F1,delta_F2,delta_F3,delta_F4
Cd,"2,3,5,8,12,14,15,31",True,True,0.15790003713405937,0.1524450794523593,0.2272117945265383,0.07538188226610981
Cd,"2,3,8,9,12,14,15,31",False,False,0.03145878958149856,0.06195051210595148,0.052645962671101915,-0.028921928550871334
Cd,"2,3,8,11,12,14,15,31",False,False,0.014812715383235198,0.050137604798699276,0.03975375535911266,-0.03458251436140991
Cd,"2,5,8,9,12,14,15,31",True,True,0.08814066848223512,0.07405296509508219,0.20601998207071656,0.05714033987698691
Cd,"2,5,8,11,12,14,15,31",True,True,0.07149459428397176,0.06224005778782998,0.19312777475872725,0.051479754066448336
Cd,"2,8,9,11,12,14,15,31",False,False,-0.05494665326858905,-0.02825450955857778,0.018561942903290884,-0.05282405675053278
Co,"2,3,5,8,12,14,15,31",True,True,0.29680239569788736,0.19140087032417918,0.20582429422281012,0.032575839751458724
Co,"2,3,8,9,12,14,15,31",True,True,0.2819213374265579,0.1998538631629757,0.18962133573080975,0.026637024429668865
Co,"2,3,8,11,12,14,15,31",True,True,0.2855377708729758,0.2409572164995354,0.2342412941983556,0.04525541513803777
Co,"2,5,8,9,12,14,15,31",True,True,0.24707718022500924,0.1588997343111398,0.22885763453112773,0.039176028890368086
Co,"2,5,8,11,12,14,15,31",True,True,0.2506936136714272,0.20000308764769947,0.2734775929986736,0.05779441959873677
Co,"2,8,9,11,12,14,15,31",True,True,0.2358125554000977,0.2084560804864961,0.2572746345066732,0.05185560427694713
Cr,"2,3,5,8,12,14,15,31",False,False,0.10946978510151543,0.210782719527807,-0.029711086383714003,0.03928026117412731
Cr,"2,3,8,9,12,14,15,31",False,False,-0.019052404058809702,0.07235759447470452,0.1065956330127501,0.08052201295151273
Cr,"2,3,8,11,12,14,15,31",False,False,0.1624582286820377,0.07129434635869175,-0.027820174890722027,0.04605042427035022
Cr,"2,5,8,9,12,14,15,31",True,True,0.10876997196047168,0.1422887368945963,0.1448723736192722,0.058145980046168666
Cr,"2,5,8,11,12,14,15,31",True,True,0.2902806047013191,0.1412254887785835,0.010456565715800059,0.023674391365006153
Cr,"2,8,9,11,12,14,15,31",True,True,0.1617584155409939,0.0028003637254810365,0.1467632851122641,0.06491614314239169
Cu,"2,3,5,8,12,14,15,31",False,False,-0.10181676026704911,0.30713514276606757,0.2799786289339916,-0.24661977878965824
Cu,"2,3,8,9,12,14,15,31",False,False,-0.10114805454965003,0.3063233024610845,0.2877700505759777,-0.2497582560126067
Cu,"2,3,8,11,12,14,15,31",False,False,-0.08663826605858638,0.31438576228425075,0.2693962219172974,-0.22224061252300686
Cu,"2,5,8,9,12,14,15,31",False,False,-0.08538970636928833,0.23379769237220904,0.2547127375168483,-0.22564150137865324
Cu,"2,5,8,11,12,14,15,31",False,False,-0.07087991787822467,0.24186015219537527,0.236338908858168,-0.1981238578890535
Cu,"2,8,9,11,12,14,15,31",False,False,-0.0702112121608256,0.24104831189039222,0.2441303305001541,-0.20126233511200176
Fe,"2,3,5,8,12,14,15,31",True,True,0.08587801996565203,0.2360486648605737,0.7625985458012869,0.07197097709903211
Fe,"2,3,8,9,12,14,15,31",True,True,0.08351763842775095,0.18922495775602993,0.6088999703000357,0.10265499157666891
Fe,"2,3,8,11,12,14,15,31",True,True,0.16048168588906053,0.20300384420355072,0.6167329399498216,0.12182405303506716
Fe,"2,5,8,9,12,14,15,31",True,True,0.06851589392394686,0.11958330365272224,0.5741088393568787,0.10867616030819494
Fe,"2,5,8,11,12,14,15,31",True,True,0.14547994138525633,0.13336219010024303,0.5819418090066644,0.1278452217665932
Fe,"2,8,9,11,12,14,15,31",True,True,0.14311955984735536,0.08653848299569927,0.4282432335054133,0.15852923624423
Mn,"2,3,5,8,12,14,15,31",False,False,-0.21480483995665556,-0.20142756696318742,-0.15383523313868164,-0.14776937341197915
Mn,"2,3,8,9,12,14,15,31",False,False,-0.2046397475371502,-0.20320793260244435,-0.15029499213251651,-0.15089859614055834
Mn,"2,3,8,11,12,14,15,31",False,False,-0.2128706117425645,-0.16255320511414673,-0.17102642980055716,-0.13996332024404623
Mn,"2,5,8,9,12,14,15,31",False,False,-0.1769424862026171,-0.1736830538974382,-0.09968824873607018,-0.13260173479683224
Mn,"2,5,8,11,12,14,15,31",False,False,-0.1851733504080314,-0.13302832640914053,-0.12041968640411083,-0.12166645890032002
Mn,"2,8,9,11,12,14,15,31",False,False,-0.17500825798852604,-0.1348086920483974,-0.1168794453979457,-0.1247956816288992
Ni,"2,3,5,8,12,14,15,31",False,False,0.04677567338591371,0.19049723014441078,0.1612455091915912,-0.03491940071733701
Ni,"2,3,8,9,12,14,15,31",False,False,0.07501139343591878,0.1525301172372855,0.12854400534373234,-0.04067460499214748
Ni,"2,3,8,11,12,14,15,31",False,False,-0.0026905290723721054,0.21676105155293068,0.13028501557582406,-0.0298377198134685
Ni,"2,5,8,9,12,14,15,31",False,False,0.09143342117865771,0.07805985366021939,0.14499885321017403,-0.019094034894610368
Ni,"2,5,8,11,12,14,15,31",False,False,0.013731498670366937,0.14229078797586459,0.14673986344226564,-0.008257149715931389
Ni,"2,8,9,11,12,14,15,31",False,False,0.0419672187203719,0.1043236750687393,0.11403835959440678,-0.014012353990741855
Pb,"2,3,5,8,12,14,15,31",True,True,0.17698425967998543,0.12517506057467445,0.0489822155309689,0.16790191454833647
Pb,"2,3,8,9,12,14,15,31",True,True,0.2203334596902699,0.1228762888759132,0.040219187377241186,0.19668235939671597
Pb,"2,3,8,11,12,14,15,31",True,True,0.19447526849397928,0.13455523656941,0.03622239880976813,0.18430515996264868
Pb,"2,5,8,9,12,14,15,31",True,True,0.21397498676334142,0.10291823139903988,0.03383054782682206,0.18733325171667015
Pb,"2,5,8,11,12,14,15,31",True,True,0.1881167955670508,0.11459717909253672,0.029833759259349016,0.17495605228260286
Pb,"2,8,9,11,12,14,15,31",True,True,0.23146599557733522,0.11229840739377545,0.021070731105621285,0.2037364971309824
Zn,"2,3,5,8,12,14,15,31",False,False,-0.010577262570777068,0.0768605567239905,0.168085794432015,0.038599982975802305
Zn,"2,3,8,9,12,14,15,31",False,False,-0.007376601954153017,0.0677952135527945,0.14699454550078528,0.03763865703150432
Zn,"2,3,8,11,12,14,15,31",True,True,0.08976472823131709,0.2900849373223985,0.4392060965068605,0.42334570412810385
Zn,"2,5,8,9,12,14,15,31",False,False,-0.01437157509004916,0.03073554445208926,0.13841643609484489,0.039085577814808536
Zn,"2,5,8,11,12,14,15,31",True,True,0.08276975509542095,0.25302526822169336,0.4306279871009201,0.42479262491140796
Zn,"2,8,9,11,12,14,15,31",True,True,0.085970415712045,0.24395992505049746,0.4095367381696905,0.42383129896710986
