ID,Excel_row,LF,HF,mass_g,stored_XLF,stored_XHF,LF_div_mass,HF_div_mass,stored_XLF_minus_LF_div_mass,stored_XHF_minus_HF_div_mass,raw_LF_HF_contrast_percent,stored_XLF_XHF_contrast_percent
1,4,124,120,13.04,9.5,9.2,9.509202453987731,9.202453987730062,-0.009202453987731118,-0.0024539877300622237,3.225806451612903,3.157894736842113
2,5,123,120,12.32,10,9.7,9.983766233766234,9.74025974025974,0.016233766233765934,-0.04025974025974044,2.4390243902439024,3.000000000000007
3,6,139,135,13.17,10.6,10.3,10.554290053151101,10.250569476082005,0.0457099468488984,0.04943052391799618,2.8776978417266186,2.830188679245273
4,7,96,94,12.33,7.8,7.6,7.785888077858881,7.623682076236821,0.014111922141118782,-0.02368207623682128,2.0833333333333335,2.5641025641025665
5,8,133,130,12.62,10.5,10.3,10.538827258320127,10.301109350237718,-0.038827258320127456,-0.0011093502377175213,2.255639097744361,1.904761904761898
6,9,123,119,12.72,9.7,9.4,9.669811320754716,9.355345911949685,0.030188679245283012,0.04465408805031501,3.252032520325203,3.0927835051546286
7,10,106,102,12.18,8.7,8.4,8.70279146141215,8.374384236453203,-0.0027914614121513637,0.02561576354679751,3.7735849056603774,3.4482758620689538
8,11,238,235,11.92,20,14.7,19.966442953020135,19.71476510067114,0.03355704697986539,-5.014765100671141,1.2605042016806722,26.500000000000007
9,12,110,108,12.69,8.7,8.5,8.668242710795903,8.51063829787234,0.03175728920409604,-0.010638297872340274,1.8181818181818181,2.2988505747126355
10,13,138,133,14.45,9.55,9.2,9.550173010380623,9.204152249134948,-0.0001730103806227845,-0.004152249134948605,3.6231884057971016,3.664921465968601
11,14,131,128,13,10.1,9.8,10.076923076923077,9.846153846153847,0.023076923076922995,-0.04615384615384599,2.2900763358778624,2.97029702970296
12,15,441,439,12.96,34,33.87,34.02777777777778,33.873456790123456,-0.027777777777778567,-0.00345679012345812,0.45351473922902497,0.3823529411764781
13,16,98,95,11.72,8.4,8.1,8.361774744027302,8.10580204778157,0.03822525597269788,-0.005802047781569897,3.061224489795918,3.5714285714285796
14,17,110,109,12.44,8.84,8.76,8.842443729903538,8.762057877813506,-0.0024437299035380278,-0.0020578778135060816,0.9090909090909091,0.9049773755656116
15,18,121,120,12.81,9.44,9.36,9.44574551131928,9.36768149882904,-0.005745511319281249,-0.007681498829040123,0.8264462809917356,0.8474576271186449
16,19,142,138,13.18,10.8,10.5,10.773899848254931,10.47040971168437,0.02610015174506941,0.02959028831562982,2.816901408450704,2.7777777777777843
17,20,106,104,13.28,8,7.8,7.981927710843374,7.83132530120482,0.018072289156625843,-0.03132530120482002,1.8867924528301887,2.500000000000002
18,21,131,122,13.45,9.7,9.1,9.739776951672862,9.070631970260223,-0.03977695167286299,0.029368029739776702,6.870229007633588,6.185567010309275
19,22,194,191,13.38,14.5,14.3,14.499252615844544,14.275037369207771,0.0007473841554563876,0.02496263079222949,1.5463917525773196,1.3793103448275814
20,23,97,95,12.6,7.7,7.5,7.698412698412699,7.5396825396825395,0.0015873015873015817,-0.03968253968253954,2.0618556701030926,2.5974025974025996
21,24,62,59,11.1,5.6,5.3,5.585585585585585,5.315315315315315,0.014414414414414267,-0.015315315315315381,4.838709677419355,5.357142857142854
22,25,110,107,14.14,7.8,7.6,7.779349363507779,7.567185289957567,0.020650636492220542,0.03281471004243297,2.727272727272727,2.5641025641025665
23,26,118,114,13.27,8.9,8.6,8.892238131122834,8.590806330067823,0.007761868877166123,0.009193669932177073,3.389830508474576,3.3707865168539404
24,27,163,159,13.5,12.1,11.8,12.074074074074074,11.777777777777779,0.02592592592592524,0.022222222222222143,2.4539877300613497,2.479338842975198
25,28,119,114,13.53,8.8,8.4,8.795269770879527,8.425720620842572,0.00473022912047405,-0.025720620842571762,4.201680672268908,4.545454545454549
26,29,155,150,13.44,11.53,11.2,11.532738095238095,11.160714285714286,-0.0027380952380955392,0.039285714285712814,3.225806451612903,2.8620988725065057
27,30,44,42,12.74,3.5,3.3,3.4536891679748822,3.2967032967032965,0.046310832025117765,0.003296703296703285,4.545454545454546,5.71428571428572
28,31,96,93,12.99,7.4,7.2,7.390300230946882,7.159353348729792,0.009699769053118423,0.04064665127020817,3.125,2.702702702702705
29,32,142,139,12.44,11.4,11.2,11.414790996784566,11.17363344051447,-0.014790996784565635,0.02636655948552935,2.112676056338028,1.75438596491229
30,33,107,103,12.72,8.4,8.1,8.41194968553459,8.09748427672956,-0.011949685534590415,0.002515723270439807,3.7383177570093458,3.5714285714285796
31,34,196,184,11.93,16.4,15.4,16.429170159262362,15.4233025984912,-0.02917015926236388,-0.023302598491198978,6.122448979591836,6.097560975609746
32,35,96,94,12.1,7.9,7.8,7.933884297520661,7.768595041322314,-0.03388429752066102,0.03140495867768589,2.0833333333333335,1.2658227848101333
