element,target,magnetic_retention,nearest_min_retention,nearest_max_retention,uniform_expected_retention
Cd,total,0.35138620109719604,0.31318922493019724,0.500334532836752,0.32276316716832065
Cd,F1,0.35180400955833935,0.2968573562897503,0.5097040466923987,0.3354696067836762
Cd,F1_plus_F2_plus_F3,0.3621314224562251,0.3290868154172671,0.530467468246931,0.3254867841935139
Cd,minimum_four_fraction,0.20129504091503228,0.21985698381832317,0.3689781983989531,
Co,total,0.6682676925803855,0.8224069191637556,0.8612938016612635,0.6874108285899637
Co,F1,0.5125291407578126,0.7483416961579106,0.8093315364557001,0.6453772357150731
Co,F1_plus_F2_plus_F3,0.6026196883467443,0.8157292702985183,0.8716272047730064,0.6567569437791378
Co,minimum_four_fraction,0.4951752493199969,0.6847965850508066,0.7632227544292398,
Cr,total,0.4971136416055218,0.5427063129802627,0.5913287320691574,0.4716462217310054
Cr,F1,0.07310997670228883,0.05405757264347911,0.3633905814036079,0.27005436421143564
Cr,F1_plus_F2_plus_F3,0.27456970227419164,0.30992220703249046,0.43487812900256323,0.34704637181073467
Cr,minimum_four_fraction,0.0559666594993579,0.054057572643479115,0.1971921482779414,
Cu,total,0.9167781667564776,0.8465787147468588,0.8760145499948324,0.8177241797448808
Cu,F1,0.8432435750738719,0.7414268148068227,0.7730323629130462,0.7600683966667262
Cu,F1_plus_F2_plus_F3,0.6034608003959459,0.8075266952986846,0.8664897139788135,0.5829314085743806
Cu,minimum_four_fraction,0.4493547787760116,0.6342773426902176,0.6859117408137708,
Fe,total,0.6645721762251372,0.8615825084658191,0.9046201170738041,0.7064987432401629
Fe,F1,0.5729329998984481,0.641448893822395,0.7334146857875087,0.6085922434317779
Fe,F1_plus_F2_plus_F3,0.27591699197032055,0.45567980817174125,0.6571117573676778,0.3484314319625606
Fe,minimum_four_fraction,0.13393014092253147,0.3994041941605103,0.5489143760253847,
Mn,total,0.7652845051509201,0.569850769662767,0.6274489662366655,0.702231923815755
Mn,F1,0.7203312701651942,0.5055264302085386,0.545323012176668,0.6503886357542383
Mn,F1_plus_F2_plus_F3,0.7307605395252654,0.5281585613306273,0.5909585273610406,0.6799424170075569
Mn,minimum_four_fraction,0.7019320424142698,0.4987241098118254,0.545323012176668,
Ni,total,0.7122005730807167,0.769607442748353,0.7986451610064005,0.7292769164324747
Ni,F1,0.6339515329409317,0.6312610038685595,0.7253849541195896,0.6606674866992094
Ni,F1_plus_F2_plus_F3,0.6305507552815706,0.7343969406861413,0.7963167436208887,0.683028546024246
Ni,minimum_four_fraction,0.5349066329520056,0.6312610038685594,0.6807272063268452,
Pb,total,0.14415106755773627,0.25731125005180816,0.2733129514801275,0.3453829817618464
Pb,F1,0.292134671692225,0.46911893137221045,0.5236006672695601,0.44038118147786187
Pb,F1_plus_F2_plus_F3,0.12297119376413918,0.21623660208220688,0.23033037931539854,0.32638590978184273
Pb,minimum_four_fraction,0.04033337761582306,0.06140410872144435,0.08931559314679197,
Zn,total,0.6039068277550929,0.6434130653159015,0.9472159493340172,0.44383581641624076
Zn,F1,0.775569697478803,0.7611981223887538,0.8653344257101202,0.30892196154513274
Zn,F1_plus_F2_plus_F3,0.6899700025350186,0.7284295726955683,0.9562354480916412,0.3940716731453155
Zn,minimum_four_fraction,0.4717649848826632,0.5094036419141675,0.8653344257101201,
