ID,direction,recorded_distance_m,latitude_deg,longitude_deg,east_relative_m,north_relative_m,centroid_distance_m,LF,HF,mass_g,stored_XLF,stored_XHF,LF_div_mass,HF_div_mass,raw_LF_HF_contrast_percent,stored_XLF_XHF_contrast_percent
1,شمال,800.0,32.395475,36.26928888888889,5.633894507373901,901.112575203737,901.1301870194068,124.0,120.0,13.04,9.5,9.2,9.509202453987731,9.202453987730062,3.225806451612903,3.157894736842113
2,جنوب,0.0,32.38687222222222,36.269102777777775,-11.841611604258729,-55.47399002714204,56.723781035096465,123.0,120.0,12.32,10.0,9.7,9.983766233766234,9.74025974025974,2.4390243902439024,3.000000000000007
3,جنوب,200.0,32.38460555555555,36.269308333333335,7.459693653634236,-307.5161718902827,307.6066368000859,139.0,135.0,13.17,10.6,10.3,10.554290053151101,10.250569476082005,2.8776978417266186,2.830188679245273
4,شمال,400.0,32.391863888888885,36.269275,4.32975226042634,499.57478547137333,499.5935478300389,96.0,94.0,12.33,7.8,7.6,7.785888077858881,7.623682076236821,2.0833333333333335,2.5641025641025665
5,غرب,200.0,32.387391666666666,36.266325,-272.67006102913183,2.28567664953141,272.67964078635697,133.0,130.0,12.62,10.5,10.3,10.538827258320127,10.301109350237718,2.255639097744361,1.904761904761898
6,شرق,1200.0,32.38768611111111,36.28270277777778,1265.17447678253,35.0264502736195,1265.6592388635731,123.0,119.0,12.72,9.7,9.4,9.669811320754716,9.355345911949685,3.252032520325203,3.0927835051546286
7,شرق,400.0,32.38751944444444,36.27430833333333,476.95090261880614,16.493936901538888,477.2360144241064,106.0,102.0,12.18,8.7,8.4,8.70279146141215,8.374384236453203,3.7735849056603774,3.4482758620689538
8,شرق,0.0,32.387547222222224,36.26976111111111,49.974730909595664,19.582689130614032,53.67453253706795,238.0,235.0,11.92,20.0,14.7,19.966442953020135,19.71476510067114,1.2605042016806722,26.500000000000007
9,شمال,200.0,32.390119444444444,36.26925555555555,2.5039531141660043,305.6011455088407,305.6114034480938,110.0,108.0,12.69,8.7,8.5,8.668242710795903,8.51063829787234,1.8181818181818181,2.2988505747126355
10,جنوب,400.0,32.38276388888889,36.269244444444446,1.4606393168748306,-512.3004446533931,512.3025268913656,138.0,133.0,14.45,9.55,9.2,9.550173010380623,9.204152249134948,3.6231884057971016,3.664921465968601
11,شرق,200.0,32.38741944444445,36.27200555555555,260.724118045144,5.374428878606556,260.7795049772688,131.0,128.0,13.0,10.1,9.8,10.076923076923077,9.846153846153847,2.2900763358778624,2.97029702970296
12,شمال,0.0,32.38809166666667,36.269191666666664,-3.4951012225934006,80.12223281321808,80.19842843554787,441.0,439.0,12.96,34.0,33.87,34.02777777777778,33.873456790123456,0.45351473922902497,0.3823529411764781
13,شرق,700.0,32.38762222222222,36.27735833333333,763.3405400879881,27.92232014761576,763.851056230367,98.0,95.0,11.72,8.4,8.1,8.361774744027302,8.10580204778157,3.061224489795918,3.5714285714285796
14,غرب,0.0,32.387502777777776,36.26849444444444,-68.96304202830127,14.640685564251816,70.5000059545284,110.0,109.0,12.44,8.84,8.76,8.842443729903538,8.762057877813506,0.9090909090909091,0.9049773755656116
15,جنوب شرق,0.0,32.38684166666667,36.269594444444444,34.32502394422337,-58.871617478571636,68.14744759207618,121.0,120.0,12.81,9.44,9.36,9.44574551131928,9.36768149882904,0.8264462809917356,0.8474576271186449
16,غرب,600.0,32.38740833333333,36.26202222222222,-676.6933291892631,4.13892798681848,676.7059867432299,142.0,138.0,13.18,10.8,10.5,10.773899848254931,10.47040971168437,2.816901408450704,2.7777777777777843
17,جنوب غرب,600.0,32.382377777777776,36.266352777777776,-270.06177653523673,-555.2341006325601,617.428756740902,106.0,104.0,13.28,8.0,7.8,7.981927710843374,7.83132530120482,1.8867924528301887,2.500000000000002
18,شرق,600.0,32.38735833333333,36.27568055555555,605.8001566349724,-1.42082602504273,605.8018228146483,131.0,122.0,13.45,9.7,9.1,9.739776951672862,9.070631970260223,6.870229007633588,6.185567010309275
19,شرق,360.0,32.38671388888889,36.27303055555556,356.969815883618,-73.07987773057911,364.3735967123586,194.0,191.0,13.38,14.5,14.3,14.499252615844544,14.275037369207771,1.5463917525773196,1.3793103448275814
20,شمال,930.0,32.395325,36.26585277777778,-317.0108974313536,884.4333131689434,939.5308374573059,97.0,95.0,12.6,7.7,7.5,7.698412698412699,7.5396825396825395,2.0618556701030926,2.5974025974025996
21,غرب,770.0,32.38654722222222,36.26094444444445,-777.894767565871,-91.61239110344981,783.2707703023597,62.0,59.0,11.1,5.6,5.3,5.585585585585585,5.315315315315315,4.838709677419355,5.357142857142854
22,جنوب شرق,600.0,32.38560555555556,36.27534166666666,573.979085804915,-196.32109165621884,606.6250588053015,110.0,107.0,14.14,7.8,7.6,7.779349363507779,7.567185289957567,2.727272727272727,2.5641025641025665
23,شرق,500.0,32.38673333333333,36.274633333333334,507.46783120191594,-70.91775117093759,512.3991872904555,118.0,114.0,13.27,8.9,8.6,8.892238131122834,8.590806330067823,3.389830508474576,3.3707865168539404
24,جنوب شرق,400.0,32.38511666666667,36.27234722222222,292.80601732485775,-250.6831308814627,385.45738531020186,163.0,159.0,13.5,12.1,11.8,12.074074074074074,11.777777777777779,2.4539877300613497,2.479338842975198
25,شمال,260.0,32.38961111111111,36.270224999999996,93.53308196351544,249.0769797231653,266.05972872572767,119.0,114.0,13.53,8.8,8.4,8.795269770879527,8.425720620842572,4.201680672268908,4.545454545454549
26,شرق,400.0,32.387591666666665,36.27337222222222,389.0517151626646,24.52469269618616,389.8239315676418,155.0,150.0,13.44,11.53,11.2,11.532738095238095,11.160714285714286,3.225806451612903,2.8620988725065057
27,جنوب غرب,1150.0,32.38312777777778,36.25810833333333,-1044.200614429525,-471.8377904570122,1145.855934957948,44.0,42.0,12.74,3.5,3.3,3.4536891679748822,3.2967032967032965,4.545454545454546,5.71428571428572
28,غرب,1150.0,32.38679444444444,36.25686666666667,-1160.7909313225161,-64.1224962680784,1162.560656812471,96.0,93.0,12.99,7.4,7.2,7.390300230946882,7.159353348729792,3.125,2.702702702702705
29,جنوب,310.0,32.384594444444446,36.270180555555555,89.35982677301637,-308.75167278128066,321.423045356338,142.0,139.0,12.44,11.4,11.2,11.414790996784566,11.17363344051447,2.112676056338028,1.75438596491229
30,شمال,480.0,32.39179166666666,36.26864722222222,-54.61747730987654,491.54402967672604,494.5691073434824,107.0,103.0,12.72,8.4,8.1,8.41194968553459,8.09748427672956,3.7383177570093458,3.5714285714285796
31,جنوب غرب,150.0,32.38616388888889,36.268233333333335,-93.48091627398449,-134.23717185947226,163.57964426007652,196.0,184.0,11.93,16.4,15.4,16.429170159262362,15.4233025984912,6.122448979591836,6.097560975609746
32,شمال شرق,250.0,32.38823333333333,36.27168611111111,230.728846361347,95.87486917936809,249.8555404296631,96.0,94.0,12.1,7.9,7.8,7.933884297520661,7.768595041322314,2.0833333333333335,1.2658227848101333
