element,target,IDs,retention
Cd,total,"2,3,5,8,12,14,15,31",0.500334532836752
Cd,total,"2,3,8,9,12,14,15,31",0.38335306899469845
Cd,total,"2,3,8,11,12,14,15,31",0.3709871787254311
Cd,total,"2,5,8,9,12,14,15,31",0.44253657904151816
Cd,total,"2,5,8,11,12,14,15,31",0.43017068877225084
Cd,total,"2,8,9,11,12,14,15,31",0.31318922493019724
Cd,F1,"2,3,5,8,12,14,15,31",0.5097040466923987
Cd,F1,"2,3,8,9,12,14,15,31",0.3832627991398379
Cd,F1,"2,3,8,11,12,14,15,31",0.36661672494157455
Cd,F1,"2,5,8,9,12,14,15,31",0.4399446780405744
Cd,F1,"2,5,8,11,12,14,15,31",0.4232986038423111
Cd,F1,"2,8,9,11,12,14,15,31",0.2968573562897503
Cd,F1_plus_F2_plus_F3,"2,3,5,8,12,14,15,31",0.530467468246931
Cd,F1_plus_F2_plus_F3,"2,3,8,9,12,14,15,31",0.41189216188218675
Cd,F1_plus_F2_plus_F3,"2,3,8,11,12,14,15,31",0.39773599831671613
Cd,F1_plus_F2_plus_F3,"2,5,8,9,12,14,15,31",0.4618182853474818
Cd,F1_plus_F2_plus_F3,"2,5,8,11,12,14,15,31",0.4476621217820113
Cd,F1_plus_F2_plus_F3,"2,8,9,11,12,14,15,31",0.3290868154172671
Cd,minimum_four_fraction,"2,3,5,8,12,14,15,31",0.3689781983989531
Cd,minimum_four_fraction,"2,3,8,9,12,14,15,31",0.2539410035861342
Cd,minimum_four_fraction,"2,3,8,11,12,14,15,31",0.24104879627414494
Cd,minimum_four_fraction,"2,5,8,9,12,14,15,31",0.35073665600983017
Cd,minimum_four_fraction,"2,5,8,11,12,14,15,31",0.3450760701992916
Cd,minimum_four_fraction,"2,8,9,11,12,14,15,31",0.21985698381832317
Co,total,"2,3,5,8,12,14,15,31",0.8368370245748605
Co,total,"2,3,8,9,12,14,15,31",0.8320962537096869
Co,total,"2,3,8,11,12,14,15,31",0.8612938016612635
Co,total,"2,5,8,9,12,14,15,31",0.8224069191637556
Co,total,"2,5,8,11,12,14,15,31",0.8516044671153323
Co,total,"2,8,9,11,12,14,15,31",0.8468636962501586
Co,F1,"2,3,5,8,12,14,15,31",0.8093315364557001
Co,F1,"2,3,8,9,12,14,15,31",0.7944504781843706
Co,F1,"2,3,8,11,12,14,15,31",0.7980669116307886
Co,F1,"2,5,8,9,12,14,15,31",0.7596063209828221
Co,F1,"2,5,8,11,12,14,15,31",0.76322275442924
Co,F1,"2,8,9,11,12,14,15,31",0.7483416961579106
Co,F1_plus_F2_plus_F3,"2,3,5,8,12,14,15,31",0.8414393214511776
Co,F1_plus_F2_plus_F3,"2,3,8,9,12,14,15,31",0.8375401335880613
Co,F1_plus_F2_plus_F3,"2,3,8,11,12,14,15,31",0.8716272047730064
Co,F1_plus_F2_plus_F3,"2,5,8,9,12,14,15,31",0.8157292702985183
Co,F1_plus_F2_plus_F3,"2,5,8,11,12,14,15,31",0.8498163414834634
Co,F1_plus_F2_plus_F3,"2,8,9,11,12,14,15,31",0.8459171536203471
Co,minimum_four_fraction,"2,3,5,8,12,14,15,31",0.700999543542807
Co,minimum_four_fraction,"2,3,8,9,12,14,15,31",0.6847965850508066
Co,minimum_four_fraction,"2,3,8,11,12,14,15,31",0.7294165435183525
Co,minimum_four_fraction,"2,5,8,9,12,14,15,31",0.7240328838511246
Co,minimum_four_fraction,"2,5,8,11,12,14,15,31",0.7632227544292398
Co,minimum_four_fraction,"2,8,9,11,12,14,15,31",0.7483416961579104
Cr,total,"2,3,5,8,12,14,15,31",0.5491945966664726
Cr,total,"2,3,8,9,12,14,15,31",0.5855406757446218
Cr,total,"2,3,8,11,12,14,15,31",0.5427063129802627
Cr,total,"2,5,8,9,12,14,15,31",0.5913287320691574
Cr,total,"2,5,8,11,12,14,15,31",0.5484943693047983
Cr,total,"2,8,9,11,12,14,15,31",0.5848404483829475
Cr,F1,"2,3,5,8,12,14,15,31",0.18257976180380425
Cr,F1,"2,3,8,9,12,14,15,31",0.05405757264347911
Cr,F1,"2,3,8,11,12,14,15,31",0.2355682053843265
Cr,F1,"2,5,8,9,12,14,15,31",0.18187994866276053
Cr,F1,"2,5,8,11,12,14,15,31",0.3633905814036079
Cr,F1,"2,8,9,11,12,14,15,31",0.2348683922432827
Cr,F1_plus_F2_plus_F3,"2,3,5,8,12,14,15,31",0.34636041272025087
Cr,F1_plus_F2_plus_F3,"2,3,8,9,12,14,15,31",0.363862939015748
Cr,F1_plus_F2_plus_F3,"2,3,8,11,12,14,15,31",0.30992220703249046
Cr,F1_plus_F2_plus_F3,"2,5,8,9,12,14,15,31",0.43487812900256323
Cr,F1_plus_F2_plus_F3,"2,5,8,11,12,14,15,31",0.38093739701930573
Cr,F1_plus_F2_plus_F3,"2,8,9,11,12,14,15,31",0.3984399233148029
Cr,minimum_four_fraction,"2,3,5,8,12,14,15,31",0.18257976180380425
Cr,minimum_four_fraction,"2,3,8,9,12,14,15,31",0.054057572643479115
Cr,minimum_four_fraction,"2,3,8,11,12,14,15,31",0.12726100585804964
Cr,minimum_four_fraction,"2,5,8,9,12,14,15,31",0.1818799486627605
Cr,minimum_four_fraction,"2,5,8,11,12,14,15,31",0.1971921482779414
Cr,minimum_four_fraction,"2,8,9,11,12,14,15,31",0.058767023224838934
Cu,total,"2,3,5,8,12,14,15,31",0.8558413916824019
Cu,total,"2,3,8,9,12,14,15,31",0.8541809022632726
Cu,total,"2,3,8,11,12,14,15,31",0.8760145499948324
Cu,total,"2,5,8,9,12,14,15,31",0.8465787147468588
Cu,total,"2,5,8,11,12,14,15,31",0.8684123624784188
Cu,total,"2,8,9,11,12,14,15,31",0.8667518730592895
Cu,F1,"2,3,5,8,12,14,15,31",0.7414268148068227
Cu,F1,"2,3,8,9,12,14,15,31",0.7420955205242218
Cu,F1,"2,3,8,11,12,14,15,31",0.7566053090152856
Cu,F1,"2,5,8,9,12,14,15,31",0.7578538687045835
Cu,F1,"2,5,8,11,12,14,15,31",0.7723636571956474
Cu,F1,"2,8,9,11,12,14,15,31",0.7730323629130462
Cu,F1_plus_F2_plus_F3,"2,3,5,8,12,14,15,31",0.8610170489422871
Cu,F1_plus_F2_plus_F3,"2,3,8,9,12,14,15,31",0.8623599202536466
Cu,F1_plus_F2_plus_F3,"2,3,8,11,12,14,15,31",0.8664897139788135
Cu,F1_plus_F2_plus_F3,"2,5,8,9,12,14,15,31",0.8075266952986846
Cu,F1_plus_F2_plus_F3,"2,5,8,11,12,14,15,31",0.8116564890238517
Cu,F1_plus_F2_plus_F3,"2,8,9,11,12,14,15,31",0.8129993603352109
Cu,minimum_four_fraction,"2,3,5,8,12,14,15,31",0.6374158199131661
Cu,minimum_four_fraction,"2,3,8,9,12,14,15,31",0.6342773426902176
Cu,minimum_four_fraction,"2,3,8,11,12,14,15,31",0.6617949861798175
Cu,minimum_four_fraction,"2,5,8,9,12,14,15,31",0.6583940973241711
Cu,minimum_four_fraction,"2,5,8,11,12,14,15,31",0.6859117408137708
Cu,minimum_four_fraction,"2,8,9,11,12,14,15,31",0.6827732635908226
Fe,total,"2,3,5,8,12,14,15,31",0.8877260352972973
Fe,total,"2,3,8,9,12,14,15,31",0.8824426245650355
Fe,total,"2,3,8,11,12,14,15,31",0.9046201170738041
Fe,total,"2,5,8,9,12,14,15,31",0.8615825084658191
Fe,total,"2,5,8,11,12,14,15,31",0.8837600009745877
Fe,total,"2,8,9,11,12,14,15,31",0.8784765902423259
Fe,F1,"2,3,5,8,12,14,15,31",0.6588110198641002
Fe,F1,"2,3,8,9,12,14,15,31",0.6564506383261991
Fe,F1,"2,3,8,11,12,14,15,31",0.7334146857875087
Fe,F1,"2,5,8,9,12,14,15,31",0.641448893822395
Fe,F1,"2,5,8,11,12,14,15,31",0.7184129412837045
Fe,F1,"2,8,9,11,12,14,15,31",0.7160525597458035
Fe,F1_plus_F2_plus_F3,"2,3,5,8,12,14,15,31",0.6571117573676778
Fe,F1_plus_F2_plus_F3,"2,3,8,9,12,14,15,31",0.5809416412233114
Fe,F1_plus_F2_plus_F3,"2,3,8,11,12,14,15,31",0.5939137939963269
Fe,F1_plus_F2_plus_F3,"2,5,8,9,12,14,15,31",0.518877771543092
Fe,F1_plus_F2_plus_F3,"2,5,8,11,12,14,15,31",0.5318499243161074
Fe,F1_plus_F2_plus_F3,"2,8,9,11,12,14,15,31",0.45567980817174125
Fe,minimum_four_fraction,"2,3,5,8,12,14,15,31",0.5489143760253847
Fe,minimum_four_fraction,"2,3,8,9,12,14,15,31",0.502090668920841
Fe,minimum_four_fraction,"2,3,8,11,12,14,15,31",0.5158695553683618
Fe,minimum_four_fraction,"2,5,8,9,12,14,15,31",0.4324490148175333
Fe,minimum_four_fraction,"2,5,8,11,12,14,15,31",0.44622790126505407
Fe,minimum_four_fraction,"2,8,9,11,12,14,15,31",0.3994041941605103
Mn,total,"2,3,5,8,12,14,15,31",0.5704988709961922
Mn,total,"2,3,8,9,12,14,15,31",0.569850769662767
Mn,total,"2,3,8,11,12,14,15,31",0.5965901021553119
Mn,total,"2,5,8,9,12,14,15,31",0.6007096337441206
Mn,total,"2,5,8,11,12,14,15,31",0.6274489662366655
Mn,total,"2,8,9,11,12,14,15,31",0.6268008649032403
Mn,F1,"2,3,5,8,12,14,15,31",0.5055264302085386
Mn,F1,"2,3,8,9,12,14,15,31",0.5156915226280439
Mn,F1,"2,3,8,11,12,14,15,31",0.5074606584226296
Mn,F1,"2,5,8,9,12,14,15,31",0.543388783962577
Mn,F1,"2,5,8,11,12,14,15,31",0.5351579197571628
Mn,F1,"2,8,9,11,12,14,15,31",0.545323012176668
Mn,F1_plus_F2_plus_F3,"2,3,5,8,12,14,15,31",0.5282975981657503
Mn,F1_plus_F2_plus_F3,"2,3,8,9,12,14,15,31",0.5281585613306273
Mn,F1_plus_F2_plus_F3,"2,3,8,11,12,14,15,31",0.5578469349852802
Mn,F1_plus_F2_plus_F3,"2,5,8,9,12,14,15,31",0.5612701537063878
Mn,F1_plus_F2_plus_F3,"2,5,8,11,12,14,15,31",0.5909585273610406
Mn,F1_plus_F2_plus_F3,"2,8,9,11,12,14,15,31",0.5908194905259175
Mn,minimum_four_fraction,"2,3,5,8,12,14,15,31",0.5005044754510823
Mn,minimum_four_fraction,"2,3,8,9,12,14,15,31",0.4987241098118254
Mn,minimum_four_fraction,"2,3,8,11,12,14,15,31",0.5074606584226296
Mn,minimum_four_fraction,"2,5,8,9,12,14,15,31",0.5282489885168316
Mn,minimum_four_fraction,"2,5,8,11,12,14,15,31",0.5351579197571626
Mn,minimum_four_fraction,"2,8,9,11,12,14,15,31",0.545323012176668
Ni,total,"2,3,5,8,12,14,15,31",0.7986451610064005
Ni,total,"2,3,8,9,12,14,15,31",0.7809986081070943
Ni,total,"2,3,8,11,12,14,15,31",0.7952932455471349
Ni,total,"2,5,8,9,12,14,15,31",0.7729593582076186
Ni,total,"2,5,8,11,12,14,15,31",0.7872539956476591
Ni,total,"2,8,9,11,12,14,15,31",0.769607442748353
Ni,F1,"2,3,5,8,12,14,15,31",0.6807272063268454
Ni,F1,"2,3,8,9,12,14,15,31",0.7089629263768505
Ni,F1,"2,3,8,11,12,14,15,31",0.6312610038685595
Ni,F1,"2,5,8,9,12,14,15,31",0.7253849541195896
Ni,F1,"2,5,8,11,12,14,15,31",0.6476830316112986
Ni,F1,"2,8,9,11,12,14,15,31",0.6759187516613037
Ni,F1_plus_F2_plus_F3,"2,3,5,8,12,14,15,31",0.7963167436208887
Ni,F1_plus_F2_plus_F3,"2,3,8,9,12,14,15,31",0.7712338065533632
Ni,F1_plus_F2_plus_F3,"2,3,8,11,12,14,15,31",0.787355676016988
Ni,F1_plus_F2_plus_F3,"2,5,8,9,12,14,15,31",0.7433580082900421
Ni,F1_plus_F2_plus_F3,"2,5,8,11,12,14,15,31",0.7594798777536667
Ni,F1_plus_F2_plus_F3,"2,8,9,11,12,14,15,31",0.7343969406861413
Ni,minimum_four_fraction,"2,3,5,8,12,14,15,31",0.6807272063268452
Ni,minimum_four_fraction,"2,3,8,9,12,14,15,31",0.6634506382957377
Ni,minimum_four_fraction,"2,3,8,11,12,14,15,31",0.6312610038685594
Ni,minimum_four_fraction,"2,5,8,9,12,14,15,31",0.6635290429481142
Ni,minimum_four_fraction,"2,5,8,11,12,14,15,31",0.6476830316112985
Ni,minimum_four_fraction,"2,8,9,11,12,14,15,31",0.6489449925464121
Pb,total,"2,3,5,8,12,14,15,31",0.26431886555299516
Pb,total,"2,3,8,9,12,14,15,31",0.2733129514801275
Pb,total,"2,3,8,11,12,14,15,31",0.26875272890813934
Pb,total,"2,5,8,9,12,14,15,31",0.2618714726237964
Pb,total,"2,5,8,11,12,14,15,31",0.25731125005180816
Pb,total,"2,8,9,11,12,14,15,31",0.26630533597894057
Pb,F1,"2,3,5,8,12,14,15,31",0.46911893137221045
Pb,F1,"2,3,8,9,12,14,15,31",0.5124681313824949
Pb,F1,"2,3,8,11,12,14,15,31",0.4866099401862043
Pb,F1,"2,5,8,9,12,14,15,31",0.5061096584555664
Pb,F1,"2,5,8,11,12,14,15,31",0.4802514672592758
Pb,F1,"2,8,9,11,12,14,15,31",0.5236006672695601
Pb,F1_plus_F2_plus_F3,"2,3,5,8,12,14,15,31",0.22738594046372967
Pb,F1_plus_F2_plus_F3,"2,3,8,9,12,14,15,31",0.23033037931539854
Pb,F1_plus_F2_plus_F3,"2,3,8,11,12,14,15,31",0.228172030579678
Pb,F1_plus_F2_plus_F3,"2,5,8,9,12,14,15,31",0.2183949508179274
Pb,F1_plus_F2_plus_F3,"2,5,8,11,12,14,15,31",0.21623660208220688
Pb,F1_plus_F2_plus_F3,"2,8,9,11,12,14,15,31",0.21918104093387572
Pb,minimum_four_fraction,"2,3,5,8,12,14,15,31",0.08931559314679197
Pb,minimum_four_fraction,"2,3,8,9,12,14,15,31",0.08055256499306425
Pb,minimum_four_fraction,"2,3,8,11,12,14,15,31",0.0765557764255912
Pb,minimum_four_fraction,"2,5,8,9,12,14,15,31",0.07416392544264512
Pb,minimum_four_fraction,"2,5,8,11,12,14,15,31",0.07016713687517208
Pb,minimum_four_fraction,"2,8,9,11,12,14,15,31",0.06140410872144435
Zn,total,"2,3,5,8,12,14,15,31",0.660851781243517
Zn,total,"2,3,8,9,12,14,15,31",0.6559800669889153
Zn,total,"2,3,8,11,12,14,15,31",0.9472159493340172
Zn,total,"2,5,8,9,12,14,15,31",0.6434130653159015
Zn,total,"2,5,8,11,12,14,15,31",0.9346489476610031
Zn,total,"2,8,9,11,12,14,15,31",0.9297772334064016
Zn,F1,"2,3,5,8,12,14,15,31",0.7649924349080259
Zn,F1,"2,3,8,9,12,14,15,31",0.76819309552465
Zn,F1,"2,3,8,11,12,14,15,31",0.8653344257101202
Zn,F1,"2,5,8,9,12,14,15,31",0.7611981223887538
Zn,F1,"2,5,8,11,12,14,15,31",0.858339452574224
Zn,F1,"2,8,9,11,12,14,15,31",0.861540113190848
Zn,F1_plus_F2_plus_F3,"2,3,5,8,12,14,15,31",0.7598079455958346
Zn,F1_plus_F2_plus_F3,"2,3,8,9,12,14,15,31",0.7519326418482115
Zn,F1_plus_F2_plus_F3,"2,3,8,11,12,14,15,31",0.9562354480916412
Zn,F1_plus_F2_plus_F3,"2,5,8,9,12,14,15,31",0.7284295726955683
Zn,F1_plus_F2_plus_F3,"2,5,8,11,12,14,15,31",0.9327323789389979
Zn,F1_plus_F2_plus_F3,"2,8,9,11,12,14,15,31",0.9248570751913746
Zn,minimum_four_fraction,"2,3,5,8,12,14,15,31",0.5103649678584655
Zn,minimum_four_fraction,"2,3,8,9,12,14,15,31",0.5094036419141675
Zn,minimum_four_fraction,"2,3,8,11,12,14,15,31",0.8653344257101201
Zn,minimum_four_fraction,"2,5,8,9,12,14,15,31",0.5108505626974718
Zn,minimum_four_fraction,"2,5,8,11,12,14,15,31",0.858339452574224
Zn,minimum_four_fraction,"2,8,9,11,12,14,15,31",0.861540113190848
