sheet,cell,value,data_type,style_id,bold,number_format
All rsults,E1,Fraction A= Exchangeable + carbonate,s,1,True,General
All rsults,H1,F1,s,1,True,General
All rsults,O1,Fraction B = Fe-Mn Oxides,s,1,True,General
All rsults,R1,F2,s,1,True,General
All rsults,Y1,Fraction C = Organic + Sulfides,s,1,True,General
All rsults,AB1,F3,s,1,True,General
All rsults,AI1,Fraction D = Residual,s,1,True,General
All rsults,AN1,F4,s,1,True,General
All rsults,AQ1,Total concentration (in all phases) ,s,2,True,General
All rsults,AV1,(F1+F2+F3+F4),s,1,True,General
All rsults,AZ1,direction ,s,21,True,General
All rsults,BA1,distance(m),s,21,True,General
All rsults,BB1,Lat,s,21,True,General
All rsults,BC1,long,s,21,True,General
All rsults,BD1,LF(Kvol *10^-5 sr),s,21,True,General
All rsults,BE1,HF (Kvol *10^-5),s,21,True,General
All rsults,BF1,Mass(g),s,21,True,General
All rsults,BG1,XLF,s,22,True,General
All rsults,BH1,XHF,s,23,True,General
All rsults,A2,Sample,s,13,True,General
All rsults,B2,Cd,s,6,True,General
All rsults,C2,Co,s,6,True,General
All rsults,D2,Cr,s,6,True,General
All rsults,E2,Cu,s,6,True,General
All rsults,F2,Fe,s,6,True,General
All rsults,G2,Mn,s,6,True,General
All rsults,H2,Ni,s,6,True,General
All rsults,I2,Pb,s,6,True,General
All rsults,J2,Zn,s,6,True,General
All rsults,L2,Cd,s,6,True,General
All rsults,M2,Co,s,6,True,General
All rsults,N2,Cr,s,6,True,General
All rsults,O2,Cu,s,6,True,General
All rsults,P2,Fe,s,6,True,General
All rsults,Q2,Mn,s,6,True,General
All rsults,R2,Ni,s,6,True,General
All rsults,S2,Pb,s,6,True,General
All rsults,T2,Zn,s,6,True,General
All rsults,V2,Cd,s,6,True,General
All rsults,W2,Co,s,6,True,General
All rsults,X2,Cr,s,6,True,General
All rsults,Y2,Cu,s,6,True,General
All rsults,Z2,Fe,s,6,True,General
All rsults,AA2,Mn,s,6,True,General
All rsults,AB2,Ni,s,6,True,General
All rsults,AC2,Pb,s,6,True,General
All rsults,AD2,Zn,s,6,True,General
All rsults,AF2,Cd,s,6,True,General
All rsults,AG2,Co,s,6,True,General
All rsults,AH2,Cr,s,6,True,General
All rsults,AI2,Cu,s,6,True,General
All rsults,AJ2,Fe,s,6,True,General
All rsults,AK2,Mn,s,6,True,General
All rsults,AL2,Ni,s,6,True,General
All rsults,AM2,Pb,s,6,True,General
All rsults,AN2,Zn,s,6,True,General
All rsults,AP2,Cd,s,6,True,General
All rsults,AQ2,Co,s,6,True,General
All rsults,AR2,Cr,s,6,True,General
All rsults,AS2,Cu,s,6,True,General
All rsults,AT2,Fe,s,6,True,General
All rsults,AU2,Mn,s,6,True,General
All rsults,AV2,Ni,s,6,True,General
All rsults,AW2,Pb,s,6,True,General
All rsults,AX2,Zn,s,6,True,General
All rsults,A3,#,s,13,True,General
All rsults,B3,µg/g,s,6,True,General
All rsults,C3,µg/g,s,6,True,General
All rsults,D3,µg/g,s,6,True,General
All rsults,E3,µg/g,s,6,True,General
All rsults,F3,µg/g,s,6,True,General
All rsults,G3,µg/g,s,6,True,General
All rsults,H3,µg/g,s,6,True,General
All rsults,I3,µg/g,s,6,True,General
All rsults,J3,µg/g,s,6,True,General
All rsults,L3,µg/g,s,6,True,General
All rsults,M3,µg/g,s,6,True,General
All rsults,N3,µg/g,s,6,True,General
All rsults,O3,µg/g,s,6,True,General
All rsults,P3,µg/g,s,6,True,General
All rsults,Q3,µg/g,s,6,True,General
All rsults,R3,µg/g,s,6,True,General
All rsults,S3,µg/g,s,6,True,General
All rsults,T3,µg/g,s,6,True,General
All rsults,V3,µg/g,s,6,True,General
All rsults,W3,µg/g,s,6,True,General
All rsults,X3,µg/g,s,6,True,General
All rsults,Y3,µg/g,s,6,True,General
All rsults,Z3,µg/g,s,6,True,General
All rsults,AA3,µg/g,s,6,True,General
All rsults,AB3,µg/g,s,6,True,General
All rsults,AC3,µg/g,s,6,True,General
All rsults,AD3,µg/g,s,6,True,General
All rsults,AF3,µg/g,s,6,True,General
All rsults,AG3,µg/g,s,6,True,General
All rsults,AH3,µg/g,s,6,True,General
All rsults,AI3,µg/g,s,6,True,General
All rsults,AJ3,µg/g,s,6,True,General
All rsults,AK3,µg/g,s,6,True,General
All rsults,AL3,µg/g,s,6,True,General
All rsults,AM3,µg/g,s,6,True,General
All rsults,AN3,µg/g,s,6,True,General
All rsults,AP3,µg/g,s,6,True,General
All rsults,AQ3,µg/g,s,6,True,General
All rsults,AR3,µg/g,s,6,True,General
All rsults,AS3,µg/g,s,6,True,General
All rsults,AT3,µg/g,s,6,True,General
All rsults,AU3,µg/g,s,6,True,General
All rsults,AV3,µg/g,s,6,True,General
All rsults,AW3,µg/g,s,6,True,General
All rsults,AX3,µg/g,s,6,True,General
All rsults,A4,1,n,26,True,General
All rsults,B4,0.0541546943660694,n,15,False,0.000
All rsults,C4,16.270840751952235,n,15,False,0.000
All rsults,D4,0.6470267844813883,n,15,False,0.000
All rsults,E4,1.6135203725063514,n,15,False,0.000
All rsults,F4,33.04269918803673,n,15,False,0.000
All rsults,G4,85.28647149446198,n,15,False,0.000
All rsults,H4,9.135797648770337,n,15,False,0.000
All rsults,I4,806.0582265529264,n,15,False,0.000
All rsults,J4,15.913524698739336,n,15,False,0.000
All rsults,L4,0.029538924199674216,n,15,False,0.000
All rsults,M4,34.698057989102956,n,15,False,0.000
All rsults,N4,0.3169286265360984,n,15,False,0.000
All rsults,O4,9.180374533225791,n,15,False,0.000
All rsults,P4,8105.250893955193,n,15,False,0.000
All rsults,Q4,772.5447247219239,n,15,False,0.000
All rsults,R4,23.5607413047235,n,15,False,0.000
All rsults,S4,3197.3642986599402,n,15,False,0.000
All rsults,T4,112.89241639223316,n,15,False,0.000
All rsults,V4,0.027692741437194576,n,15,False,0.000
All rsults,W4,8.42947171486682,n,15,False,0.000
All rsults,X4,2.528437939644608,n,15,False,0.000
All rsults,Y4,1.3353272048328424,n,15,False,0.000
All rsults,Z4,477.38004879558326,n,15,False,0.000
All rsults,AA4,91.70864555277991,n,15,False,0.000
All rsults,AB4,14.745497959418792,n,15,False,0.000
All rsults,AC4,4809.480751765793,n,15,False,0.000
All rsults,AD4,30.610132802869185,n,15,False,0.000
All rsults,AF4,0.023613639997061835,n,15,False,0.000
All rsults,AG4,30.457528154573875,n,15,False,0.000
All rsults,AH4,49.02036675927116,n,15,False,0.000
All rsults,AI4,20.065516797954846,n,15,False,0.000
All rsults,AJ4,11392.586649006997,n,15,False,0.000
All rsults,AK4,219.13424665871256,n,15,False,0.000
All rsults,AL4,39.588456478004794,n,15,False,0.000
All rsults,AM4,1827.0653135199661,n,15,False,0.000
All rsults,AN4,225.85076498852075,n,15,False,0.000
All rsults,AP4,0.135,n,17,True,0.000
All rsults,AQ4,89.85589861049587,n,15,False,0.000
All rsults,AR4,52.512760109933254,n,15,False,0.000
All rsults,AS4,32.19473890851983,n,15,False,0.000
All rsults,AT4,20008.260290945807,n,15,False,0.000
All rsults,AU4,1168.6740884278784,n,15,False,0.000
All rsults,AV4,87.03049339091741,n,15,False,0.000
All rsults,AW4,10639.968590498627,n,15,False,0.000
All rsults,AX4,385.26683888236244,n,15,False,0.000
All rsults,AZ4,شمال,s,8,False,General
All rsults,BA4,800,n,8,False,General
All rsults,BB4,"32°23'43.71""",s,8,False,General
All rsults,BC4," 36°16'9.44""",s,8,False,General
All rsults,BD4,124,n,8,False,General
All rsults,BE4,120,n,8,False,General
All rsults,BF4,13.04,n,18,False,0.00
All rsults,BG4,9.5,n,18,False,0.00
All rsults,BH4,9.2,n,18,False,0.00
All rsults,A5,2,n,26,True,General
All rsults,B5,0.6617852846371289,n,15,False,0.000
All rsults,C5,21.468266065996026,n,15,False,0.000
All rsults,D5,0.5292612370362386,n,15,False,0.000
All rsults,E5,3.198576715376445,n,15,False,0.000
All rsults,F5,25.112358718783277,n,15,False,0.000
All rsults,G5,54.25036507603084,n,15,False,0.000
All rsults,H5,12.308079178374319,n,15,False,0.000
All rsults,I5,65.3168668517327,n,15,False,0.000
All rsults,J5,11.73176882548277,n,15,False,0.000
All rsults,L5,0.5046112795358106,n,15,False,0.000
All rsults,M5,40.08870091915585,n,15,False,0.000
All rsults,N5,1.0342786515118707,n,15,False,0.000
All rsults,O5,14.270573037833369,n,15,False,0.000
All rsults,P5,6941.865104558875,n,15,False,0.000
All rsults,Q5,737.7722840912026,n,15,False,0.000
All rsults,R5,32.74828209960311,n,15,False,0.000
All rsults,S5,111.97177174582747,n,15,False,0.000
All rsults,T5,108.0779618269148,n,15,False,0.000
All rsults,V5,0.16544632115928223,n,15,False,0.000
All rsults,W5,8.981621517406502,n,15,False,0.000
All rsults,X5,4.131283756721718,n,15,False,0.000
All rsults,Y5,4.264768953835259,n,15,False,0.000
All rsults,Z5,3942.79166232313,n,15,False,0.000
All rsults,AA5,99.84028030558687,n,15,False,0.000
All rsults,AB5,25.49530686948966,n,15,False,0.000
All rsults,AC5,142.76400897593004,n,15,False,0.000
All rsults,AD5,34.160150403611595,n,15,False,0.000
All rsults,AF5,0.17091937955592582,n,15,False,0.000
All rsults,AG5,36.927533669089264,n,15,False,0.000
All rsults,AH5,87.44825998532866,n,15,False,0.000
All rsults,AI5,16.316021839922815,n,15,False,0.000
All rsults,AJ5,9633.698504668268,n,15,False,0.000
All rsults,AK5,234.86792089732265,n,15,False,0.000
All rsults,AL5,47.69380681620049,n,15,False,0.000
All rsults,AM5,167.95765761874122,n,15,False,0.000
All rsults,AN5,87.99365684181402,n,15,False,0.000
All rsults,AP5,1.5027622648881476,n,15,False,0.000
All rsults,AQ5,107.46612217164764,n,15,False,0.000
All rsults,AR5,93.14308363059848,n,15,False,0.000
All rsults,AS5,38.04994054696789,n,15,False,0.000
All rsults,AT5,20543.467630269057,n,15,False,0.000
All rsults,AU5,1126.730850370143,n,15,False,0.000
All rsults,AV5,118.24547496366759,n,15,False,0.000
All rsults,AW5,488.01030519223144,n,15,False,0.000
All rsults,AX5,241.9635378978232,n,15,False,0.000
All rsults,AZ5,جنوب,s,8,False,General
All rsults,BA5,0,n,8,False,General
All rsults,BB5,"32°23'12.74""",s,8,False,General
All rsults,BC5,"36°16'8.77""",s,8,False,General
All rsults,BD5,123,n,8,False,General
All rsults,BE5,120,n,8,False,General
All rsults,BF5,12.32,n,18,False,0.00
All rsults,BG5,10,n,18,False,0.00
All rsults,BH5,9.7,n,18,False,0.00
All rsults,A6,3,n,26,True,General
All rsults,B6,1.8138439159178705,n,15,False,0.000
All rsults,C6,25.86790346053625,n,15,False,0.000
All rsults,D6,0.3382770722874179,n,15,False,0.000
All rsults,E6,2.1147915589637547,n,15,False,0.000
All rsults,F6,35.01451209051252,n,15,False,0.000
All rsults,G6,44.461699177036344,n,15,False,0.000
All rsults,H6,11.186913145539906,n,15,False,0.000
All rsults,I6,128.51130529225912,n,15,False,0.000
All rsults,J6,9.703424089568133,n,15,False,0.000
All rsults,L6,2.2470006719579585,n,15,False,0.000
All rsults,M6,41.80103240362016,n,15,False,0.000
All rsults,N6,6.170171321304059,n,15,False,0.000
All rsults,O6,11.084424722844503,n,15,False,0.000
All rsults,P6,7237.747226467156,n,15,False,0.000
All rsults,Q6,566.7932575761693,n,15,False,0.000
All rsults,R6,51.45980046948357,n,15,False,0.000
All rsults,S6,115.39790679304899,n,15,False,0.000
All rsults,T6,99.09680447027552,n,15,False,0.000
All rsults,V6,0.2707229725250552,n,15,False,0.000
All rsults,W6,10.497120244855287,n,15,False,0.000
All rsults,X6,2.6405080822435134,n,15,False,0.000
All rsults,Y6,3.6461923430409566,n,15,False,0.000
All rsults,Z6,4143.131300753285,n,15,False,0.000
All rsults,AA6,84.66404229845743,n,15,False,0.000
All rsults,AB6,29.64531983568075,n,15,False,0.000
All rsults,AC6,119.76903962611905,n,15,False,0.000
All rsults,AD6,28.969642934072976,n,15,False,0.000
All rsults,AF6,0.3995409177455081,n,15,False,0.000
All rsults,AG6,34.453396433910264,n,15,False,0.000
All rsults,AH6,54.32760602416501,n,15,False,0.000
All rsults,AI6,17.00875804181745,n,15,False,0.000
All rsults,AJ6,10633.093853425944,n,15,False,0.000
All rsults,AK6,191.3877885827456,n,15,False,0.000
All rsults,AL6,40.086438771518004,n,15,False,0.000
All rsults,AM6,189.7071649552396,n,15,False,0.000
All rsults,AN6,116.57438819007926,n,15,False,0.000
All rsults,AP6,4.731108478146393,n,15,False,0.000
All rsults,AQ6,112.61945254292196,n,15,False,0.000
All rsults,AR6,63.4765625,n,15,False,0.000
All rsults,AS6,33.854166666666664,n,15,False,0.000
All rsults,AT6,22048.986892736895,n,15,False,0.000
All rsults,AU6,887.3067876344086,n,15,False,0.000
All rsults,AV6,132.37847222222223,n,15,False,0.000
All rsults,AW6,553.3854166666667,n,15,False,0.000
All rsults,AX6,254.34425968399592,n,15,False,0.000
All rsults,AZ6,جنوب,s,8,False,General
All rsults,BA6,200,n,8,False,General
All rsults,BB6," 32°23'4.58""",s,8,False,General
All rsults,BC6,"36°16'9.51""",s,8,False,General
All rsults,BD6,139,n,8,False,General
All rsults,BE6,135,n,8,False,General
All rsults,BF6,13.17,n,18,False,0.00
All rsults,BG6,10.6,n,18,False,0.00
All rsults,BH6,10.3,n,18,False,0.00
All rsults,A7,4,n,26,True,General
All rsults,B7,2.4446916080130197,n,15,False,0.000
All rsults,C7,25.377482817138624,n,15,False,0.000
All rsults,D7,1.286503386060125,n,15,False,0.000
All rsults,E7,2.939965753174408,n,15,False,0.000
All rsults,F7,41.456330122094776,n,15,False,0.000
All rsults,G7,71.02037190469781,n,15,False,0.000
All rsults,H7,8.89556055930837,n,15,False,0.000
All rsults,I7,112.00354660382287,n,15,False,0.000
All rsults,J7,8.923403000650062,n,15,False,0.000
All rsults,L7,5.438191536192228,n,15,False,0.000
All rsults,M7,43.93076857420636,n,15,False,0.000
All rsults,N7,11.063929120117075,n,15,False,0.000
All rsults,O7,11.15457594586761,n,15,False,0.000
All rsults,P7,7818.868421526957,n,15,False,0.000
All rsults,Q7,541.6506779050676,n,15,False,0.000
All rsults,R7,42.031523642732054,n,15,False,0.000
All rsults,S7,117.5006531856056,n,15,False,0.000
All rsults,T7,83.00840000604707,n,15,False,0.000
All rsults,V7,0.5488083201661881,n,15,False,0.000
All rsults,W7,13.648394120141779,n,15,False,0.000
All rsults,X7,2.0417132421026114,n,15,False,0.000
All rsults,Y7,2.1617395243929476,n,15,False,0.000
All rsults,Z7,970.0107161901525,n,15,False,0.000
All rsults,AA7,75.46377369227014,n,15,False,0.000
All rsults,AB7,24.685180552080734,n,15,False,0.000
All rsults,AC7,72.14952388589818,n,15,False,0.000
All rsults,AD7,23.20084780169016,n,15,False,0.000
All rsults,AF7,0.49087723940758576,n,15,False,0.000
All rsults,AG7,37.031304634796456,n,15,False,0.000
All rsults,AH7,28.843405915468008,n,15,False,0.000
All rsults,AI7,14.829533137335618,n,15,False,0.000
All rsults,AJ7,12979.58257675485,n,15,False,0.000
All rsults,AK7,159.62801475569,n,15,False,0.000
All rsults,AL7,41.14196758680122,n,15,False,0.000
All rsults,AM7,163.53892080803587,n,15,False,0.000
All rsults,AN7,92.40067502696783,n,15,False,0.000
All rsults,AP7,8.922568703779021,n,15,False,0.000
All rsults,AQ7,119.98795014628321,n,15,False,0.000
All rsults,AR7,43.23555166374781,n,15,False,0.000
All rsults,AS7,31.085814360770577,n,15,False,0.000
All rsults,AT7,21809.918044594055,n,15,False,0.000
All rsults,AU7,847.7628382577255,n,15,False,0.000
All rsults,AV7,116.75423234092237,n,15,False,0.000
All rsults,AW7,465.1926444833625,n,15,False,0.000
All rsults,AX7,207.53332583535513,n,15,False,0.000
All rsults,AZ7,شمال,s,8,False,General
All rsults,BA7,400,n,8,False,General
All rsults,BB7," 32°23'30.71""",s,8,False,General
All rsults,BC7," 36°16'9.39""",s,8,False,General
All rsults,BD7,96,n,8,False,General
All rsults,BE7,94,n,8,False,General
All rsults,BF7,12.33,n,18,False,0.00
All rsults,BG7,7.8,n,18,False,0.00
All rsults,BH7,7.6,n,18,False,0.00
All rsults,A8,5,n,26,True,General
All rsults,B8,2.9743068978011302,n,15,False,0.000
All rsults,C8,19.583251505424077,n,15,False,0.000
All rsults,D8,6.140857276393535,n,15,False,0.000
All rsults,E8,2.5476171152042872,n,15,False,0.000
All rsults,F8,28.4631715024072,n,15,False,0.000
All rsults,G8,68.26979208169392,n,15,False,0.000
All rsults,H8,13.29487988359042,n,15,False,0.000
All rsults,I8,115.04033011396406,n,15,False,0.000
All rsults,J8,3.058065340123071,n,15,False,0.000
All rsults,L8,2.544286623420244,n,15,False,0.000
All rsults,M8,28.20706868212459,n,15,False,0.000
All rsults,N8,12.163621143625653,n,15,False,0.000
All rsults,O8,3.770473330502345,n,15,False,0.000
All rsults,P8,3373.8111965982434,n,15,False,0.000
All rsults,Q8,817.3495129426697,n,15,False,0.000
All rsults,R8,29.297976039764077,n,15,False,0.000
All rsults,S8,26.8055138129625,n,15,False,0.000
All rsults,T8,38.70506579737857,n,15,False,0.000
All rsults,V8,1.3617308688728067,n,15,False,0.000
All rsults,W8,16.70864577985724,n,15,False,0.000
All rsults,X8,8.85700568710606,n,15,False,0.000
All rsults,Y8,2.5476171152042872,n,15,False,0.000
All rsults,Z8,3468.8601922384482,n,15,False,0.000
All rsults,AA8,155.04190613243102,n,15,False,0.000
All rsults,AB8,33.23719970897605,n,15,False,0.000
All rsults,AC8,84.88412707438127,n,15,False,0.000
All rsults,AD8,23.91680952573865,n,15,False,0.000
All rsults,AF8,1.7276217374060543,n,15,False,0.000
All rsults,AG8,38.86057554392445,n,15,False,0.000
All rsults,AH8,40.948889626720344,n,15,False,0.000
All rsults,AI8,22.569849547017824,n,15,False,0.000
All rsults,AJ8,11547.168524397794,n,15,False,0.000
All rsults,AK8,230.0000622649489,n,15,False,0.000
All rsults,AL8,48.7478929064982,n,15,False,0.000
All rsults,AM8,157.4823936511547,n,15,False,0.000
All rsults,AN8,120.17758352227115,n,15,False,0.000
All rsults,AP8,8.607946127500236,n,15,False,0.000
All rsults,AQ8,103.35954151133035,n,15,False,0.000
All rsults,AR8,68.1103737338456,n,15,False,0.000
All rsults,AS8,31.43555710792874,n,15,False,0.000
All rsults,AT8,18418.303084736894,n,15,False,0.000
All rsults,AU8,1270.6612734217435,n,15,False,0.000
All rsults,AV8,124.57794853882875,n,15,False,0.000
All rsults,AW8,384.2123646524625,n,15,False,0.000
All rsults,AX8,185.8575241855114,n,15,False,0.000
All rsults,AZ8,غرب,s,8,False,General
All rsults,BA8,200,n,8,False,General
All rsults,BB8,"32°23'14.61""",s,8,False,General
All rsults,BC8,"36°15'58.77""",s,8,False,General
All rsults,BD8,133,n,8,False,General
All rsults,BE8,130,n,8,False,General
All rsults,BF8,12.62,n,18,False,0.00
All rsults,BG8,10.5,n,18,False,0.00
All rsults,BH8,10.3,n,18,False,0.00
All rsults,A9,6,n,26,True,General
All rsults,B9,6.160263719590202,n,15,False,0.000
All rsults,C9,23.823815269417818,n,15,False,0.000
All rsults,D9,14.546684893160604,n,15,False,0.000
All rsults,E9,3.053577449538281,n,15,False,0.000
All rsults,F9,52.72076016764748,n,15,False,0.000
All rsults,G9,87.27827674823709,n,15,False,0.000
All rsults,H9,15.394622970883942,n,15,False,0.000
All rsults,I9,214.84187201160833,n,15,False,0.000
All rsults,J9,5.608094673589213,n,15,False,0.000
All rsults,L9,4.293517137896202,n,15,False,0.000
All rsults,M9,35.735722904126725,n,15,False,0.000
All rsults,N9,25.736442503284138,n,15,False,0.000
All rsults,O9,4.738309835490436,n,15,False,0.000
All rsults,P9,1591.3062099581757,n,15,False,0.000
All rsults,Q9,808.0163901615193,n,15,False,0.000
All rsults,R9,28.721311512843176,n,15,False,0.000
All rsults,S9,42.06693997430092,n,15,False,0.000
All rsults,T9,39.9518810630901,n,15,False,0.000
All rsults,V9,0.8400359617623003,n,15,False,0.000
All rsults,W9,17.61391415171991,n,15,False,0.000
All rsults,X9,15.345953293883714,n,15,False,0.000
All rsults,Y9,0.5264788706100485,n,15,False,0.000
All rsults,Z9,723.027568013451,n,15,False,0.000
All rsults,AA9,112.91682887387071,n,15,False,0.000
All rsults,AB9,23.436590194480026,n,15,False,0.000
All rsults,AC9,103.66495922238444,n,15,False,0.000
All rsults,AD9,11.726016135686537,n,15,False,0.000
All rsults,AF9,5.601832230317573,n,15,False,0.000
All rsults,AG9,45.83861996110241,n,15,False,0.000
All rsults,AH9,50.417850717613774,n,15,False,0.000
All rsults,AI9,25.075135649415387,n,15,False,0.000
All rsults,AJ9,21008.787429760458,n,15,False,0.000
All rsults,AK9,243.31697748992627,n,15,False,0.000
All rsults,AL9,53.536524659939666,n,15,False,0.000
All rsults,AM9,259.913593412645,n,15,False,0.000
All rsults,AN9,120.21789975814455,n,15,False,0.000
All rsults,AP9,16.895649049566277,n,15,False,0.000
All rsults,AQ9,123.01207228636686,n,15,False,0.000
All rsults,AR9,106.04693140794224,n,15,False,0.000
All rsults,AS9,33.39350180505415,n,15,False,0.000
All rsults,AT9,23375.84196789973,n,15,False,0.000
All rsults,AU9,1251.5284732735533,n,15,False,0.000
All rsults,AV9,121.08904933814681,n,15,False,0.000
All rsults,AW9,620.4873646209387,n,15,False,0.000
All rsults,AX9,177.5038916305104,n,15,False,0.000
All rsults,AZ9,شرق,s,8,False,General
All rsults,BA9,1200,n,8,False,General
All rsults,BB9," 32°23'15.67""",s,8,False,General
All rsults,BC9," 36°16'57.73""",s,8,False,General
All rsults,BD9,123,n,8,False,General
All rsults,BE9,119,n,8,False,General
All rsults,BF9,12.72,n,18,False,0.00
All rsults,BG9,9.7,n,18,False,0.00
All rsults,BH9,9.4,n,18,False,0.00
All rsults,A10,7,n,26,True,General
All rsults,B10,1.265487210174613,n,15,False,0.000
All rsults,C10,21.682078271142167,n,15,False,0.000
All rsults,D10,0.4061619480695,n,15,False,0.000
All rsults,E10,2.0109719850273993,n,15,False,0.000
All rsults,F10,54.12366009744922,n,15,False,0.000
All rsults,G10,75.53345990671272,n,15,False,0.000
All rsults,H10,16.987156052740616,n,15,False,0.000
All rsults,I10,159.5733357662014,n,15,False,0.000
All rsults,J10,14.047322409029004,n,15,False,0.000
All rsults,L10,1.102198537894018,n,15,False,0.000
All rsults,M10,30.56817592324961,n,15,False,0.000
All rsults,N10,15.945149673284206,n,15,False,0.000
All rsults,O10,6.946994130094651,n,15,False,0.000
All rsults,P10,1405.2821746730565,n,15,False,0.000
All rsults,Q10,770.3479438271638,n,15,False,0.000
All rsults,R10,18.230118690746025,n,15,False,0.000
All rsults,S10,5.740048049143935,n,15,False,0.000
All rsults,T10,28.86931333326181,n,15,False,0.000
All rsults,V10,1.2246650421044647,n,15,False,0.000
All rsults,W10,21.295821890227025,n,15,False,0.000
All rsults,X10,34.282071797561045,n,15,False,0.000
All rsults,Y10,1.3711172625186814,n,15,False,0.000
All rsults,Z10,733.0856461413434,n,15,False,0.000
All rsults,AA10,179.14887555629187,n,15,False,0.000
All rsults,AB10,29.209621993127154,n,15,False,0.000
All rsults,AC10,32.14426907520603,n,15,False,0.000
All rsults,AD10,16.422972522320677,n,15,False,0.000
All rsults,AF10,3.0524921276946917,n,15,False,0.000
All rsults,AG10,41.86975151298872,n,15,False,0.000
All rsults,AH10,76.68620420995124,n,15,False,0.000
All rsults,AI10,26.78431868421493,n,15,False,0.000
All rsults,AJ10,19166.905136216727,n,15,False,0.000
All rsults,AK10,209.75522120866802,n,15,False,0.000
All rsults,AL10,52.41159123589483,n,15,False,0.000
All rsults,AM10,191.71760484140745,n,15,False,0.000
All rsults,AN10,146.37305606906867,n,15,False,0.000
All rsults,AP10,6.644842917867788,n,15,False,0.000
All rsults,AQ10,115.41582759760753,n,15,False,0.000
All rsults,AR10,127.31958762886597,n,15,False,0.000
All rsults,AS10,37.113402061855666,n,15,False,0.000
All rsults,AT10,21359.396617128576,n,15,False,0.000
All rsults,AU10,1234.7855004988362,n,15,False,0.000
All rsults,AV10,116.83848797250862,n,15,False,0.000
All rsults,AW10,389.17525773195877,n,15,False,0.000
All rsults,AX10,205.71266433368015,n,15,False,0.000
All rsults,AZ10,شرق,s,8,False,General
All rsults,BA10,400,n,8,False,General
All rsults,BB10," 32°23'15.07""",s,8,False,General
All rsults,BC10,"36°16'27.51""",s,8,False,General
All rsults,BD10,106,n,8,False,General
All rsults,BE10,102,n,8,False,General
All rsults,BF10,12.18,n,18,False,0.00
All rsults,BG10,8.7,n,18,False,0.00
All rsults,BH10,8.4,n,18,False,0.00
All rsults,A11,8,n,26,True,General
All rsults,B11,2.7373865856336503,n,15,False,0.000
All rsults,C11,21.4847211929533,n,15,False,0.000
All rsults,D11,0.45803716012868256,n,15,False,0.000
All rsults,E11,4.7345054676233875,n,15,False,0.000
All rsults,F11,64.56494997373328,n,15,False,0.000
All rsults,G11,53.81011807842603,n,15,False,0.000
All rsults,H11,13.967420570813145,n,15,False,0.000
All rsults,I11,168.553598415759,n,15,False,0.000
All rsults,J11,109.73797144600847,n,15,False,0.000
All rsults,L11,3.4543211675853214,n,15,False,0.000
All rsults,M11,39.54102942958427,n,15,False,0.000
All rsults,N11,3.148751450361435,n,15,False,0.000
All rsults,O11,9.160238839532205,n,15,False,0.000
All rsults,P11,328.20516236647745,n,15,False,0.000
All rsults,Q11,444.8971223934048,n,15,False,0.000
All rsults,R11,24.232633279483043,n,15,False,0.000
All rsults,S11,74.16358330293397,n,15,False,0.000
All rsults,T11,148.3447586125432,n,15,False,0.000
All rsults,V11,0.8798742596679593,n,15,False,0.000
All rsults,W11,13.229640584396778,n,15,False,0.000
All rsults,X11,33.28680104667803,n,15,False,0.000
All rsults,Y11,3.80818918047968,n,15,False,0.000
All rsults,Z11,131.82010619637214,n,15,False,0.000
All rsults,AA11,82.79665732984176,n,15,False,0.000
All rsults,AB11,16.82821755519656,n,15,False,0.000
All rsults,AC11,87.6478711761947,n,15,False,0.000
All rsults,AD11,110.94227386024936,n,15,False,0.000
All rsults,AF11,2.116146244736969,n,15,False,0.000
All rsults,AG11,45.25929673609425,n,15,False,0.000
All rsults,AH11,105.97797738645056,n,15,False,0.000
All rsults,AI11,32.377841956629666,n,15,False,0.000
All rsults,AJ11,20623.8897344668,n,15,False,0.000
All rsults,AK11,200.51965736013892,n,15,False,0.000
All rsults,AL11,47.28729133010233,n,15,False,0.000
All rsults,AM11,192.1511021939653,n,15,False,0.000
All rsults,AN11,276.6227558594742,n,15,False,0.000
All rsults,AP11,9.1877282576239,n,15,False,0.000
All rsults,AQ11,119.51468794302859,n,15,False,0.000
All rsults,AR11,142.8715670436187,n,15,False,0.000
All rsults,AS11,50.08077544426494,n,15,False,0.000
All rsults,AT11,21148.47995300338,n,15,False,0.000
All rsults,AU11,782.0235551618115,n,15,False,0.000
All rsults,AV11,102.31556273559507,n,15,False,0.000
All rsults,AW11,522.516155088853,n,15,False,0.000
All rsults,AX11,645.6477597782751,n,15,False,0.000
All rsults,AZ11,شرق,s,8,False,General
All rsults,BA11,0,n,8,False,General
All rsults,BB11," 32°23'15.17""",s,8,False,General
All rsults,BC11,"36°16'11.14""",s,8,False,General
All rsults,BD11,238,n,8,False,General
All rsults,BE11,235,n,8,False,General
All rsults,BF11,11.92,n,18,False,0.00
All rsults,BG11,20,n,18,False,0.00
All rsults,BH11,14.7,n,18,False,0.00
All rsults,A12,9,n,26,True,General
All rsults,B12,0.38564205440657806,n,15,False,0.000
All rsults,C12,16.899235605194693,n,15,False,0.000
All rsults,D12,0.3065085978993245,n,15,False,0.000
All rsults,E12,2.5659840735162707,n,15,False,0.000
All rsults,F12,27.432380492152078,n,15,False,0.000
All rsults,G12,77.00753195369604,n,15,False,0.000
All rsults,H12,16.919277529406944,n,15,False,0.000
All rsults,I12,206.87936191425723,n,15,False,0.000
All rsults,J12,6.098754363435738,n,15,False,0.000
All rsults,L12,0.32136837867214846,n,15,False,0.000
All rsults,M12,31.012882923818832,n,15,False,0.000
All rsults,N12,0.2998933044194829,n,15,False,0.000
All rsults,O12,3.6886021056796405,n,15,False,0.000
All rsults,P12,775.8859855616148,n,15,False,0.000
All rsults,Q12,802.2408396027262,n,15,False,0.000
All rsults,R12,17.999231414262702,n,15,False,0.000
All rsults,S12,16.601430277070023,n,15,False,0.000
All rsults,T12,23.932353329620238,n,15,False,0.000
All rsults,V12,0.11997752803760209,n,15,False,0.000
All rsults,W12,14.14354424141086,n,15,False,0.000
All rsults,X12,30.99448085421594,n,15,False,0.000
All rsults,Y12,2.806545080408421,n,15,False,0.000
All rsults,Z12,490.0979022254632,n,15,False,0.000
All rsults,AA12,159.96525394636748,n,15,False,0.000
All rsults,AB12,26.098885550680926,n,15,False,0.000
All rsults,AC12,37.03395984884852,n,15,False,0.000
All rsults,AD12,11.493259978863877,n,15,False,0.000
All rsults,AF12,0.11804424085595353,n,15,False,0.000
All rsults,AG12,36.773215027668236,n,15,False,0.000
All rsults,AH12,65.60749211883913,n,15,False,0.000
All rsults,AI12,21.846146905899154,n,15,False,0.000
All rsults,AJ12,16205.314091866883,n,15,False,0.000
All rsults,AK12,223.39639390136352,n,15,False,0.000
All rsults,AL12,46.43801704879777,n,15,False,0.000
All rsults,AM12,256.68365274546727,n,15,False,0.000
All rsults,AN12,117.7836410237058,n,15,False,0.000
All rsults,AP12,0.9450322019722822,n,15,False,0.000
All rsults,AQ12,98.82887779809262,n,15,False,0.000
All rsults,AR12,97.20837487537388,n,15,False,0.000
All rsults,AS12,30.907278165503485,n,15,False,0.000
All rsults,AT12,17498.730360146114,n,15,False,0.000
All rsults,AU12,1262.6100194041533,n,15,False,0.000
All rsults,AV12,107.45541154314834,n,15,False,0.000
All rsults,AW12,517.1984047856431,n,15,False,0.000
All rsults,AX12,159.30800869562566,n,15,False,0.000
All rsults,AZ12,شمال,s,8,False,General
All rsults,BA12,200,n,8,False,General
All rsults,BB12," 32°23'24.43""",s,8,False,General
All rsults,BC12,"36°16'9.32""",s,8,False,General
All rsults,BD12,110,n,8,False,General
All rsults,BE12,108,n,8,False,General
All rsults,BF12,12.69,n,18,False,0.00
All rsults,BG12,8.7,n,18,False,0.00
All rsults,BH12,8.5,n,18,False,0.00
All rsults,A13,10,n,26,True,General
All rsults,B13,1.4374219480375832,n,15,False,0.000
All rsults,C13,15.936278519559217,n,15,False,0.000
All rsults,D13,8.95147423798354,n,15,False,0.000
All rsults,E13,3.7243004646437265,n,15,False,0.000
All rsults,F13,62.69581856052475,n,15,False,0.000
All rsults,G13,90.6544794358582,n,15,False,0.000
All rsults,H13,17.013668608339586,n,15,False,0.000
All rsults,I13,115.57219274467965,n,15,False,0.000
All rsults,J13,9.178468780175443,n,15,False,0.000
All rsults,L13,1.8520628945868864,n,15,False,0.000
All rsults,M13,43.02795200280989,n,15,False,0.000
All rsults,N13,0.28346028074334023,n,15,False,0.000
All rsults,O13,3.6079160751236095,n,15,False,0.000
All rsults,P13,680.6258062930565,n,15,False,0.000
All rsults,Q13,1641.2070912027164,n,15,False,0.000
All rsults,R13,33.81729192521819,n,15,False,0.000
All rsults,S13,66.91021685218294,n,15,False,0.000
All rsults,T13,70.94956367075616,n,15,False,0.000
All rsults,V13,1.7414919755070721,n,15,False,0.000
All rsults,W13,19.621851291729726,n,15,False,0.000
All rsults,X13,7.849754331770185,n,15,False,0.000
All rsults,Y13,1.0474595056810478,n,15,False,0.000
All rsults,Z13,285.8929326359929,n,15,False,0.000
All rsults,AA13,211.8948175309385,n,15,False,0.000
All rsults,AB13,19.534212105871376,n,15,False,0.000
All rsults,AC13,23.114438548935926,n,15,False,0.000
All rsults,AD13,9.18654969224209,n,15,False,0.000
All rsults,AF13,0.3263676227625982,n,15,False,0.000
All rsults,AG13,41.46886097736693,n,15,False,0.000
All rsults,AH13,51.54672011195753,n,15,False,0.000
All rsults,AI13,21.89888673210511,n,15,False,0.000
All rsults,AJ13,19623.12462533003,n,15,False,0.000
All rsults,AK13,288.06670688564,n,15,False,0.000
All rsults,AL13,48.73050761894794,n,15,False,0.000
All rsults,AM13,203.1637493511737,n,15,False,0.000
All rsults,AN13,117.48090267803772,n,15,False,0.000
All rsults,AP13,5.35734444089414,n,15,False,0.000
All rsults,AQ13,120.05494279146576,n,15,False,0.000
All rsults,AR13,68.63140896245459,n,15,False,0.000
All rsults,AS13,30.278562777553493,n,15,False,0.000
All rsults,AT13,20652.339182819604,n,15,False,0.000
All rsults,AU13,2231.823095055153,n,15,False,0.000
All rsults,AV13,119.09568025837709,n,15,False,0.000
All rsults,AW13,408.76059749697214,n,15,False,0.000
All rsults,AX13,206.79548482121143,n,15,False,0.000
All rsults,AZ13,جنوب,s,8,False,General
All rsults,BA13,400,n,8,False,General
All rsults,BB13," 32°22'57.95""",s,8,False,General
All rsults,BC13," 36°16'9.28""",s,8,False,General
All rsults,BD13,138,n,8,False,General
All rsults,BE13,133,n,8,False,General
All rsults,BF13,14.45,n,18,False,0.00
All rsults,BG13,9.55,n,18,False,0.00
All rsults,BH13,9.2,n,18,False,0.00
All rsults,A14,11,n,26,True,General
All rsults,B14,0.04484260888015825,n,15,False,0.000
All rsults,C14,17.551512123122745,n,15,False,0.000
All rsults,D14,8.546302264525751,n,15,False,0.000
All rsults,E14,2.9645161533191295,n,15,False,0.000
All rsults,F14,61.042984100971125,n,15,False,0.000
All rsults,G14,69.93242162703721,n,15,False,0.000
All rsults,H14,6.945291935424661,n,15,False,0.000
All rsults,I14,152.0965460142918,n,15,False,0.000
All rsults,J14,98.38488269293879,n,15,False,0.000
All rsults,L14,0.03119485835141443,n,15,False,0.000
All rsults,M14,44.65637894617304,n,15,False,0.000
All rsults,N14,0.2087676054606754,n,15,False,0.000
All rsults,O14,4.50167267726238,n,15,False,0.000
All rsults,P14,1540.3815519229431,n,15,False,0.000
All rsults,Q14,1147.2480582331023,n,15,False,0.000
All rsults,R14,37.11390377992553,n,15,False,0.000
All rsults,S14,68.4434457064313,n,15,False,0.000
All rsults,T14,386.1714999092884,n,15,False,0.000
All rsults,V14,0.02827034038096933,n,15,False,0.000
All rsults,W14,21.20736065290279,n,15,False,0.000
All rsults,X14,9.164107247503516,n,15,False,0.000
All rsults,Y14,2.195937891347503,n,15,False,0.000
All rsults,Z14,641.9051296867743,n,15,False,0.000
All rsults,AA14,131.13442628662267,n,15,False,0.000
All rsults,AB14,26.478925503806522,n,15,False,0.000
All rsults,AC14,15.20965460142918,n,15,False,0.000
All rsults,AD14,183.61700162783418,n,15,False,0.000
All rsults,AF14,0.03069219238745799,n,15,False,0.000
All rsults,AG14,43.317162184652496,n,15,False,0.000
All rsults,AH14,44.996796260213884,n,15,False,0.000
All rsults,AI14,28.191450649119243,n,15,False,0.000
All rsults,AJ14,19115.372641410915,n,15,False,0.000
All rsults,AK14,246.47334998549067,n,15,False,0.000
All rsults,AL14,50.78744727779283,n,15,False,0.000
All rsults,AM14,214.0215683201106,n,15,False,0.000
All rsults,AN14,1078.290842059456,n,15,False,0.000
All rsults,AP14,0.135,n,17,True,0.000
All rsults,AQ14,126.73241390685108,n,15,False,0.000
All rsults,AR14,62.91597337770383,n,15,False,0.000
All rsults,AS14,37.85357737104825,n,15,False,0.000
All rsults,AT14,21358.702307121606,n,15,False,0.000
All rsults,AU14,1594.7882561322526,n,15,False,0.000
All rsults,AV14,121.32556849694953,n,15,False,0.000
All rsults,AW14,449.77121464226286,n,15,False,0.000
All rsults,AX14,1746.4642262895175,n,15,False,0.000
All rsults,AZ14,شرق,s,8,False,General
All rsults,BA14,200,n,8,False,General
All rsults,BB14,"32°23'14.71""",s,8,False,General
All rsults,BC14,"36°16'19.22""",s,8,False,General
All rsults,BD14,131,n,8,False,General
All rsults,BE14,128,n,8,False,General
All rsults,BF14,13,n,18,False,0.00
All rsults,BG14,10.1,n,18,False,0.00
All rsults,BH14,9.8,n,18,False,0.00
All rsults,A15,12,n,26,True,General
All rsults,B15,0.883651103169214,n,15,False,0.000
All rsults,C15,18.125369220034166,n,15,False,0.000
All rsults,D15,0.23728462715608675,n,15,False,0.000
All rsults,E15,2.8394506494364036,n,15,False,0.000
All rsults,F15,35.260589423134455,n,15,False,0.000
All rsults,G15,52.97721427298058,n,15,False,0.000
All rsults,H15,10.356455758766996,n,15,False,0.000
All rsults,I15,72.05448776780368,n,15,False,0.000
All rsults,J15,487.7924286714603,n,15,False,0.000
All rsults,L15,3.421797888868022,n,15,False,0.000
All rsults,M15,42.36532082754973,n,15,False,0.000
All rsults,N15,0.2321633762102719,n,15,False,0.000
All rsults,O15,17.190187715506877,n,15,False,0.000
All rsults,P15,8118.517509720206,n,15,False,0.000
All rsults,Q15,499.67613773426046,n,15,False,0.000
All rsults,R15,42.40284716325355,n,15,False,0.000
All rsults,S15,243.18389621633742,n,15,False,0.000
All rsults,T15,536.69815185719,n,15,False,0.000
All rsults,V15,0.11280652380883584,n,15,False,0.000
All rsults,W15,17.74067247318798,n,15,False,0.000
All rsults,X15,6.8866065755680435,n,15,False,0.000
All rsults,Y15,5.218449842207443,n,15,False,0.000
All rsults,Z15,1100.5874717165393,n,15,False,0.000
All rsults,AA15,91.73097413025823,n,15,False,0.000
All rsults,AB15,15.046171574057714,n,15,False,0.000
All rsults,AC15,3.8707094392962,n,15,False,0.000
All rsults,AD15,86.3946693591964,n,15,False,0.000
All rsults,AF15,0.7399252556939756,n,15,False,0.000
All rsults,AG15,28.385075957100764,n,15,False,0.000
All rsults,AH15,26.383605847709042,n,15,False,0.000
All rsults,AI15,16.54555567617536,n,15,False,0.000
All rsults,AJ15,12616.812155781496,n,15,False,0.000
All rsults,AK15,203.14470892927793,n,15,False,0.000
All rsults,AL15,30.873962450663875,n,15,False,0.000
All rsults,AM15,173.3811111912776,n,15,False,0.000
All rsults,AN15,146.9047940332898,n,15,False,0.000
All rsults,AP15,5.158180771540048,n,15,False,0.000
All rsults,AQ15,106.61643847787265,n,15,False,0.000
All rsults,AR15,33.73966042664345,n,15,False,0.000
All rsults,AS15,41.79364388332608,n,15,False,0.000
All rsults,AT15,21871.177726641377,n,15,False,0.000
All rsults,AU15,847.5290350667773,n,15,False,0.000
All rsults,AV15,98.67943694674213,n,15,False,0.000
All rsults,AW15,492.4902046147149,n,15,False,0.000
All rsults,AX15,1257.7900439211364,n,15,False,0.000
All rsults,AZ15,شمال,s,8,False,General
All rsults,BA15,0,n,8,False,General
All rsults,BB15,"32°23'17.13""",s,8,False,General
All rsults,BC15,"36°16'9.09""",s,8,False,General
All rsults,BD15,441,n,8,False,General
All rsults,BE15,439,n,8,False,General
All rsults,BF15,12.96,n,18,False,0.00
All rsults,BG15,34,n,18,False,0.00
All rsults,BH15,33.87,n,18,False,0.00
All rsults,A16,13,n,26,True,General
All rsults,B16,0.05477911626783168,n,15,False,0.000
All rsults,C16,21.07706646847919,n,15,False,0.000
All rsults,D16,0.22063482244724938,n,15,False,0.000
All rsults,E16,2.0308924724395423,n,15,False,0.000
All rsults,F16,33.520191294904244,n,15,False,0.000
All rsults,G16,85.62994097422262,n,15,False,0.000
All rsults,H16,11.21703577856311,n,15,False,0.000
All rsults,I16,129.66141368508204,n,15,False,0.000
All rsults,J16,6.566550980640735,n,15,False,0.000
All rsults,L16,0.03722170720762923,n,15,False,0.000
All rsults,M16,32.81316029751874,n,15,False,0.000
All rsults,N16,0.21587291980450302,n,15,False,0.000
All rsults,O16,17.62814666077523,n,15,False,0.000
All rsults,P16,8202.838744858514,n,15,False,0.000
All rsults,Q16,807.356184291776,n,15,False,0.000
All rsults,R16,26.54698467593269,n,15,False,0.000
All rsults,S16,143.92416919044106,n,15,False,0.000
All rsults,T16,51.969560618213826,n,15,False,0.000
All rsults,V16,0.009832149073713383,n,15,False,0.000
All rsults,W16,19.944018425844934,n,15,False,0.000
All rsults,X16,3.447492751719786,n,15,False,0.000
All rsults,Y16,1.381006881258889,n,15,False,0.000
All rsults,Z16,718.7608231759795,n,15,False,0.000
All rsults,AA16,96.9754940820258,n,15,False,0.000
All rsults,AB16,22.621022153435607,n,15,False,0.000
All rsults,AC16,6.718959026360479,n,15,False,0.000
All rsults,AD16,17.248025524550794,n,15,False,0.000
All rsults,AF16,0.0331670274508257,n,15,False,0.000
All rsults,AG16,44.50921185280027,n,15,False,0.000
All rsults,AH16,36.423283269306154,n,15,False,0.000
All rsults,AI16,17.27558372755972,n,15,False,0.000
All rsults,AJ16,10954.030271216685,n,15,False,0.000
All rsults,AK16,204.72485576088945,n,15,False,0.000
All rsults,AL16,52.159216370318475,n,15,False,0.000
All rsults,AM16,215.23794671723624,n,15,False,0.000
All rsults,AN16,102.29589331841879,n,15,False,0.000
All rsults,AP16,0.135,n,17,True,0.000
All rsults,AQ16,118.34345704464315,n,15,False,0.000
All rsults,AR16,40.3072837632777,n,15,False,0.000
All rsults,AS16,38.31562974203338,n,15,False,0.000
All rsults,AT16,19909.150030546083,n,15,False,0.000
All rsults,AU16,1194.6864751089138,n,15,False,0.000
All rsults,AV16,112.54425897824987,n,15,False,0.000
All rsults,AW16,495.54248861911987,n,15,False,0.000
All rsults,AX16,178.08003044182414,n,15,False,0.000
All rsults,AZ16,شرق,s,8,False,General
All rsults,BA16,700,n,8,False,General
All rsults,BB16,"32°23'15.44""",s,8,False,General
All rsults,BC16," 36°16'38.49""",s,8,False,General
All rsults,BD16,98,n,8,False,General
All rsults,BE16,95,n,8,False,General
All rsults,BF16,11.72,n,18,False,0.00
All rsults,BG16,8.4,n,18,False,0.00
All rsults,BH16,8.1,n,18,False,0.00
All rsults,A17,14,n,26,True,General
All rsults,B17,0.05196093696722434,n,15,False,0.000
All rsults,C17,17.887481828353646,n,15,False,0.000
All rsults,D17,0.0716293626901146,n,15,False,0.000
All rsults,E17,1.7178460375430589,n,15,False,0.000
All rsults,F17,22.04154942461055,n,15,False,0.000
All rsults,G17,24.509067640900426,n,15,False,0.000
All rsults,H17,5.556390609193207,n,15,False,0.000
All rsults,I17,275.7342775082924,n,15,False,0.000
All rsults,J17,35.66582644201813,n,15,False,0.000
All rsults,L17,0.056291015047826375,n,15,False,0.000
All rsults,M17,36.52027539955537,n,15,False,0.000
All rsults,N17,0.07008340522198264,n,15,False,0.000
All rsults,O17,8.276894544525645,n,15,False,0.000
All rsults,P17,4053.7367348708003,n,15,False,0.000
All rsults,Q17,340.88570479895424,n,15,False,0.000
All rsults,R17,23.053109974312246,n,15,False,0.000
All rsults,S17,375.74152841803584,n,15,False,0.000
All rsults,T17,124.37139478065042,n,15,False,0.000
All rsults,V17,0.0017948370229640264,n,15,False,0.000
All rsults,W17,17.218316486477676,n,15,False,0.000
All rsults,X17,0.5591212843077291,n,15,False,0.000
All rsults,Y17,2.7069089076436073,n,15,False,0.000
All rsults,Z17,4299.051295429783,n,15,False,0.000
All rsults,AA17,54.223600975443425,n,15,False,0.000
All rsults,AB17,12.413213063091208,n,15,False,0.000
All rsults,AC17,14.28675012996334,n,15,False,0.000
All rsults,AD17,38.42302984481619,n,15,False,0.000
All rsults,AF17,0.024953210961985266,n,15,False,0.000
All rsults,AG17,22.516260020778496,n,15,False,0.000
All rsults,AH17,1.8377524628086062,n,15,False,0.000
All rsults,AI17,8.825564157728794,n,15,False,0.000
All rsults,AJ17,10956.231993415986,n,15,False,0.000
All rsults,AK17,115.28637226746697,n,15,False,0.000
All rsults,AL17,15.84162429004021,n,15,False,0.000
All rsults,AM17,278.5916275342851,n,15,False,0.000
All rsults,AN17,60.67741826477533,n,15,False,0.000
All rsults,AP17,0.135,n,17,True,0.000
All rsults,AQ17,94.14233373516518,n,15,False,0.000
All rsults,AR17,2.5385865150284324,n,15,False,0.000
All rsults,AS17,21.527213647441105,n,15,False,0.000
All rsults,AT17,19331.06157314118,n,15,False,0.000
All rsults,AU17,534.9047456827651,n,15,False,0.000
All rsults,AV17,56.86433793663687,n,15,False,0.000
All rsults,AW17,944.3541835905767,n,15,False,0.000
All rsults,AX17,259.1376693322601,n,15,False,0.000
All rsults,AZ17,غرب,s,8,False,General
All rsults,BA17,0,n,8,False,General
All rsults,BB17," 32°23'15.01""",s,8,False,General
All rsults,BC17," 36°16'6.58""",s,8,False,General
All rsults,BD17,110,n,8,False,General
All rsults,BE17,109,n,8,False,General
All rsults,BF17,12.44,n,18,False,0.00
All rsults,BG17,8.84,n,18,False,0.00
All rsults,BH17,8.76,n,18,False,0.00
All rsults,A18,15,n,26,True,General
All rsults,B18,0.06196123909112352,n,15,False,0.000
All rsults,C18,15.126140569965402,n,15,False,0.000
All rsults,D18,0.14349933129124998,n,15,False,0.000
All rsults,E18,1.0981839175671775,n,15,False,0.000
All rsults,F18,53.217910795261275,n,15,False,0.000
All rsults,G18,51.109241584321055,n,15,False,0.000
All rsults,H18,13.166970632248407,n,15,False,0.000
All rsults,I18,132.45742936789742,n,15,False,0.000
All rsults,J18,53.29927243873899,n,15,False,0.000
All rsults,L18,0.0559890714678827,n,15,False,0.000
All rsults,M18,27.908794572753067,n,15,False,0.000
All rsults,N18,0.006395597588432065,n,15,False,0.000
All rsults,O18,11.177943446665914,n,15,False,0.000
All rsults,P18,170.29731454483607,n,15,False,0.000
All rsults,Q18,407.79181518174073,n,15,False,0.000
All rsults,R18,15.775521417882526,n,15,False,0.000
All rsults,S18,133.84441815709008,n,15,False,0.000
All rsults,T18,72.58940363011794,n,15,False,0.000
All rsults,V18,0.009704772387766333,n,15,False,0.000
All rsults,W18,20.9851867777447,n,15,False,0.000
All rsults,X18,0.05102370134888816,n,15,False,0.000
All rsults,Y18,1.6472758763507658,n,15,False,0.000
All rsults,Z18,149.5423293346842,n,15,False,0.000
All rsults,AA18,89.06659364042918,n,15,False,0.000
All rsults,AB18,9.316252805836138,n,15,False,0.000
All rsults,AC18,3.487941708328029,n,15,False,0.000
All rsults,AD18,70.78161832537506,n,15,False,0.000
All rsults,AF18,0.007344917053227457,n,15,False,0.000
All rsults,AG18,37.210846657444215,n,15,False,0.000
All rsults,AH18,0.851269921959982,n,15,False,0.000
All rsults,AI18,9.224744907564292,n,15,False,0.000
All rsults,AJ18,20703.508976437206,n,15,False,0.000
All rsults,AK18,200.1044686333701,n,15,False,0.000
All rsults,AL18,33.29007669285447,n,15,False,0.000
All rsults,AM18,98.47620403267767,n,15,False,0.000
All rsults,AN18,312.85281642857296,n,15,False,0.000
All rsults,AP18,0.135,n,17,True,0.000
All rsults,AQ18,101.23096857790738,n,15,False,0.000
All rsults,AR18,1.0521885521885521,n,15,False,0.000
All rsults,AS18,23.148148148148145,n,15,False,0.000
All rsults,AT18,21076.56653111199,n,15,False,0.000
All rsults,AU18,748.072119039861,n,15,False,0.000
All rsults,AV18,71.54882154882155,n,15,False,0.000
All rsults,AW18,368.26599326599325,n,15,False,0.000
All rsults,AX18,509.52311082280494,n,15,False,0.000
All rsults,AZ18,جنوب شرق,s,8,False,General
All rsults,BA18,0,n,8,False,General
All rsults,BB18," 32°23'12.63""",s,8,False,General
All rsults,BC18,"36°16'10.54""",s,8,False,General
All rsults,BD18,121,n,8,False,General
All rsults,BE18,120,n,8,False,General
All rsults,BF18,12.81,n,18,False,0.00
All rsults,BG18,9.44,n,18,False,0.00
All rsults,BH18,9.36,n,18,False,0.00
All rsults,A19,16,n,26,True,General
All rsults,B19,0.013233142087291816,n,15,False,0.000
All rsults,C19,8.972799093329105,n,15,False,0.000
All rsults,D19,2.0804871696223572,n,15,False,0.000
All rsults,E19,1.6932254869705898,n,15,False,0.000
All rsults,F19,38.68928078635074,n,15,False,0.000
All rsults,G19,94.98211375618749,n,15,False,0.000
All rsults,H19,13.072453861927546,n,15,False,0.000
All rsults,I19,134.84932501710958,n,15,False,0.000
All rsults,J19,6.706081078274856,n,15,False,0.000
All rsults,L19,0.061203282153724656,n,15,False,0.000
All rsults,M19,32.58542828630043,n,15,False,0.000
All rsults,N19,0.036499056381515106,n,15,False,0.000
All rsults,O19,3.6686552217696113,n,15,False,0.000
All rsults,P19,5004.292179979487,n,15,False,0.000
All rsults,Q19,986.2406597076522,n,15,False,0.000
All rsults,R19,22.110199741778686,n,15,False,0.000
All rsults,S19,111.14853455955698,n,15,False,0.000
All rsults,T19,38.2665751529059,n,15,False,0.000
All rsults,V19,0.0215038558918492,n,15,False,0.000
All rsults,W19,19.90186430803255,n,15,False,0.000
All rsults,X19,0.2911873248084109,n,15,False,0.000
All rsults,Y19,1.8813616521895442,n,15,False,0.000
All rsults,Z19,455.1912321088001,n,15,False,0.000
All rsults,AA19,148.49453162904973,n,15,False,0.000
All rsults,AB19,18.559656717551455,n,15,False,0.000
All rsults,AC19,4.027002941180035,n,15,False,0.000
All rsults,AD19,20.86397531268135,n,15,False,0.000
All rsults,AF19,0.039059719867134336,n,15,False,0.000
All rsults,AG19,50.354114514299226,n,15,False,0.000
All rsults,AH19,4.694099176460442,n,15,False,0.000
All rsults,AI19,21.57169270400532,n,15,False,0.000
All rsults,AJ19,15363.271058179507,n,15,False,0.000
All rsults,AK19,255.86868150116177,n,15,False,0.000
All rsults,AL19,38.24903167008429,n,15,False,0.000
All rsults,AM19,115.23487774189363,n,15,False,0.000
All rsults,AN19,110.40150340986918,n,15,False,0.000
All rsults,AP19,0.135,n,17,True,0.000
All rsults,AQ19,111.81420620196131,n,15,False,0.000
All rsults,AR19,7.102272727272726,n,15,False,0.000
All rsults,AS19,28.814935064935064,n,15,False,0.000
All rsults,AT19,20861.443751054143,n,15,False,0.000
All rsults,AU19,1485.585986594051,n,15,False,0.000
All rsults,AV19,91.99134199134198,n,15,False,0.000
All rsults,AW19,365.25974025974017,n,15,False,0.000
All rsults,AX19,176.2381349537313,n,15,False,0.000
All rsults,AZ19,غرب,s,8,False,General
All rsults,BA19,600,n,8,False,General
All rsults,BB19," 32°23'14.67""",s,8,False,General
All rsults,BC19,"36°15'43.28""",s,8,False,General
All rsults,BD19,142,n,8,False,General
All rsults,BE19,138,n,8,False,General
All rsults,BF19,13.18,n,18,False,0.00
All rsults,BG19,10.8,n,18,False,0.00
All rsults,BH19,10.5,n,18,False,0.00
All rsults,A20,17,n,26,True,General
All rsults,B20,0.057485255597107134,n,15,False,0.000
All rsults,C20,10.3257606659421,n,15,False,0.000
All rsults,D20,0.000929698207659724,n,15,False,0.000
All rsults,E20,2.4349613318976657,n,15,False,0.000
All rsults,F20,15.436049492161194,n,15,False,0.000
All rsults,G20,60.48552396377548,n,15,False,0.000
All rsults,H20,10.909364347543859,n,15,False,0.000
All rsults,I20,71.08528178690122,n,15,False,0.000
All rsults,J20,50.99526776593006,n,15,False,0.000
All rsults,L20,0.022290201149898686,n,15,False,0.000
All rsults,M20,20.2913203784211,n,15,False,0.000
All rsults,N20,0.000909632778717428,n,15,False,0.000
All rsults,O20,3.9568121643337064,n,15,False,0.000
All rsults,P20,2690.8999904829952,n,15,False,0.000
All rsults,Q20,862.248877640808,n,15,False,0.000
All rsults,R20,18.947843340470907,n,15,False,0.000
All rsults,S20,34.07046050141419,n,15,False,0.000
All rsults,T20,59.41805453843815,n,15,False,0.000
All rsults,V20,0.02463653811304591,n,15,False,0.000
All rsults,W20,6.4620571465453756,n,15,False,0.000
All rsults,X20,0.0072569968007971265,n,15,False,0.000
All rsults,Y20,0.9131104994616246,n,15,False,0.000
All rsults,Z20,270.988424417941,n,15,False,0.000
All rsults,AA20,77.71993635956737,n,15,False,0.000
All rsults,AB20,14.92860384400739,n,15,False,0.000
All rsults,AC20,7.150590475605449,n,15,False,0.000
All rsults,AD20,17.61164758150379,n,15,False,0.000
All rsults,AF20,0.030588005139948277,n,15,False,0.000
All rsults,AG20,26.945559045028837,n,15,False,0.000
All rsults,AH20,0.5169979483071018,n,15,False,0.000
All rsults,AI20,29.82827631574641,n,15,False,0.000
All rsults,AJ20,7486.956712605187,n,15,False,0.000
All rsults,AK20,162.13042881049338,n,15,False,0.000
All rsults,AL20,34.73771279086333,n,15,False,0.000
All rsults,AM20,73.60901960182079,n,15,False,0.000
All rsults,AN20,41.08958416149104,n,15,False,0.000
All rsults,AP20,0.135,n,17,True,0.000
All rsults,AQ20,64.02469723593741,n,15,False,0.000
All rsults,AR20,0.5260942760942761,n,17,True,0.000
All rsults,AS20,37.133160311439404,n,15,False,0.000
All rsults,AT20,10464.281176998285,n,15,False,0.000
All rsults,AU20,1162.5847667746443,n,15,False,0.000
All rsults,AV20,79.52352432288548,n,15,False,0.000
All rsults,AW20,185.91535236574165,n,15,False,0.000
All rsults,AX20,169.11455404736304,n,15,False,0.000
All rsults,AZ20,جنوب غرب,s,8,False,General
All rsults,BA20,600,n,8,False,General
All rsults,BB20," 32°22'56.56""",s,8,False,General
All rsults,BC20," 36°15'58.87""",s,8,False,General
All rsults,BD20,106,n,8,False,General
All rsults,BE20,104,n,8,False,General
All rsults,BF20,13.28,n,18,False,0.00
All rsults,BG20,8,n,18,False,0.00
All rsults,BH20,7.8,n,18,False,0.00
All rsults,A21,18,n,26,True,General
All rsults,B21,0.04980733024295714,n,15,False,0.000
All rsults,C21,10.019714040592307,n,15,False,0.000
All rsults,D21,0.0025913589699311664,n,15,False,0.000
All rsults,E21,2.4666175257425382,n,15,False,0.000
All rsults,F21,27.44114420295477,n,15,False,0.000
All rsults,G21,82.50932701729631,n,15,False,0.000
All rsults,H21,5.623338840897551,n,15,False,0.000
All rsults,I21,46.843050332049934,n,15,False,0.000
All rsults,J21,39.43053757156285,n,15,False,0.000
All rsults,L21,0.044524734611128346,n,15,False,0.000
All rsults,M21,13.978119587492973,n,15,False,0.000
All rsults,N21,0.0025354303590693424,n,15,False,0.000
All rsults,O21,2.4666175257425382,n,15,False,0.000
All rsults,P21,834.2107837698247,n,15,False,0.000
All rsults,Q21,920.6792287727552,n,15,False,0.000
All rsults,R21,17.29176693575997,n,15,False,0.000
All rsults,S21,43.81004707314023,n,15,False,0.000
All rsults,T21,79.5763160235929,n,15,False,0.000
All rsults,V21,0.0005731415974694137,n,15,False,0.000
All rsults,W21,8.416207459238489,n,15,False,0.000
All rsults,X21,0.020227514261692912,n,15,False,0.000
All rsults,Y21,0.7589592386900117,n,15,False,0.000
All rsults,Z21,136.1603440927565,n,15,False,0.000
All rsults,AA21,154.55734876859597,n,15,False,0.000
All rsults,AB21,13.496013218154124,n,15,False,0.000
All rsults,AC21,9.436010138830206,n,15,False,0.000
All rsults,AD21,33.79583650438851,n,15,False,0.000
All rsults,AF21,0.04009479354844512,n,15,False,0.000
All rsults,AG21,31.654989249673118,n,15,False,0.000
All rsults,AH21,1.5748163812823595,n,15,False,0.000
All rsults,AI21,26.311219407285975,n,15,False,0.000
All rsults,AJ21,10034.821973711445,n,15,False,0.000
All rsults,AK21,272.77227544506917,n,15,False,0.000
All rsults,AL21,36.129952052766775,n,15,False,0.000
All rsults,AM21,54.59405866037475,n,15,False,0.000
All rsults,AN21,106.22595899101721,n,15,False,0.000
All rsults,AP21,0.135,n,17,True,0.000
All rsults,AQ21,64.06903033699689,n,15,False,0.000
All rsults,AR21,1.6001706848730528,n,15,False,0.000
All rsults,AS21,32.00341369746106,n,15,False,0.000
All rsults,AT21,11032.63424577698,n,15,False,0.000
All rsults,AU21,1430.5181800037165,n,15,False,0.000
All rsults,AV21,72.54107104757841,n,15,False,0.000
All rsults,AW21,154.68316620439512,n,15,False,0.000
All rsults,AX21,259.0286490905615,n,15,False,0.000
All rsults,AZ21,شرق,s,8,False,General
All rsults,BA21,600,n,8,False,General
All rsults,BB21,"32°23'14.49""",s,8,False,General
All rsults,BC21," 36°16'32.45""",s,8,False,General
All rsults,BD21,131,n,8,False,General
All rsults,BE21,122,n,8,False,General
All rsults,BF21,13.45,n,18,False,0.00
All rsults,BG21,9.7,n,18,False,0.00
All rsults,BH21,9.1,n,18,False,0.00
All rsults,A22,19,n,26,True,General
All rsults,B22,0.039243660537889254,n,15,False,0.000
All rsults,C22,9.501320726194882,n,15,False,0.000
All rsults,D22,0.019720632480889375,n,15,False,0.000
All rsults,E22,3.138415659455853,n,15,False,0.000
All rsults,F22,23.13495451693586,n,15,False,0.000
All rsults,G22,66.61426890237608,n,15,False,0.000
All rsults,H22,7.085485117680667,n,15,False,0.000
All rsults,I22,45.768551004122116,n,15,False,0.000
All rsults,J22,12.280021585958325,n,15,False,0.000
All rsults,L22,0.06238735777818293,n,15,False,0.000
All rsults,M22,18.402558038103773,n,15,False,0.000
All rsults,N22,0.01929500731943133,n,15,False,0.000
All rsults,O22,3.2505019330078477,n,15,False,0.000
All rsults,P22,485.3713457653144,n,15,False,0.000
All rsults,Q22,1073.1142380992144,n,15,False,0.000
All rsults,R22,21.872584493709883,n,15,False,0.000
All rsults,S22,29.33881474623213,n,15,False,0.000
All rsults,T22,42.248793366521795,n,15,False,0.000
All rsults,V22,0.0006978831770652806,n,15,False,0.000
All rsults,W22,6.29685052266251,n,15,False,0.000
All rsults,X22,0.1539344333939926,n,15,False,0.000
All rsults,Y22,0.5604313677599738,n,15,False,0.000
All rsults,Z22,192.7141711260757,n,15,False,0.000
All rsults,AA22,143.49823759386845,n,15,False,0.000
All rsults,AB22,18.483874220036522,n,15,False,0.000
All rsults,AC22,20.537170322362485,n,15,False,0.000
All rsults,AD22,17.97482289696786,n,15,False,0.000
All rsults,AF22,0.032671098506862534,n,15,False,0.000
All rsults,AG22,28.538951562389766,n,15,False,0.000
All rsults,AH22,19.089091442707414,n,15,False,0.000
All rsults,AI22,25.044556962457715,n,15,False,0.000
All rsults,AJ22,9082.939379405498,n,15,False,0.000
All rsults,AK22,256.7257068577207,n,15,False,0.000
All rsults,AL22,46.825814690759195,n,15,False,0.000
All rsults,AM22,50.75614951098158,n,15,False,0.000
All rsults,AN22,95.36885709399374,n,15,False,0.000
All rsults,AP22,0.135,n,17,True,0.000
All rsults,AQ22,62.739680849350925,n,15,False,0.000
All rsults,AR22,19.28204151590173,n,15,False,0.000
All rsults,AS22,31.99390592268139,n,15,False,0.000
All rsults,AT22,9784.159850813823,n,15,False,0.000
All rsults,AU22,1539.9524514531795,n,15,False,0.000
All rsults,AV22,94.26775852218626,n,15,False,0.000
All rsults,AW22,146.40068558369833,n,15,False,0.000
All rsults,AX22,167.8724949434417,n,15,False,0.000
All rsults,AZ22,شرق,s,8,False,General
All rsults,BA22,360,n,8,False,General
All rsults,BB22,"32°23'12.17""",s,8,False,General
All rsults,BC22," 36°16'22.91""",s,8,False,General
All rsults,BD22,194,n,8,False,General
All rsults,BE22,191,n,8,False,General
All rsults,BF22,13.38,n,18,False,0.00
All rsults,BG22,14.5,n,18,False,0.00
All rsults,BH22,14.3,n,18,False,0.00
All rsults,A23,20,n,26,True,General
All rsults,B23,0.06385888617203181,n,15,False,0.000
All rsults,C23,11.325838786525066,n,15,False,0.000
All rsults,D23,0.06603875645573268,n,15,False,0.000
All rsults,E23,3.133812021636163,n,15,False,0.000
All rsults,F23,23.724995314737,n,15,False,0.000
All rsults,G23,66.65093876183224,n,15,False,0.000
All rsults,H23,12.413050640606222,n,15,False,0.000
All rsults,I23,48.87263379679321,n,15,False,0.000
All rsults,J23,9.677875567496924,n,15,False,0.000
All rsults,L23,0.060956209527848554,n,15,False,0.000
All rsults,M23,11.325838786525066,n,15,False,0.000
All rsults,N23,0.0646134595538104,n,15,False,0.000
All rsults,O23,2.205275126336559,n,15,False,0.000
All rsults,P23,136.6883252792234,n,15,False,0.000
All rsults,Q23,475.8877027594821,n,15,False,0.000
All rsults,R23,16.06394788784334,n,15,False,0.000
All rsults,S23,21.721170576352538,n,15,False,0.000
All rsults,T23,14.428832664268139,n,15,False,0.000
All rsults,V23,0.0006652254481062645,n,15,False,0.000
All rsults,W23,7.336947769470919,n,15,False,0.000
All rsults,X23,0.5154823795285608,n,15,False,0.000
All rsults,Y23,1.8570737905992079,n,15,False,0.000
All rsults,Z23,114.31134106191465,n,15,False,0.000
All rsults,AA23,105.70054758935277,n,15,False,0.000
All rsults,AB23,11.682871191158798,n,15,False,0.000
All rsults,AC23,27.422977852645076,n,15,False,0.000
All rsults,AD23,9.970605001697164,n,15,False,0.000
All rsults,AF23,0.009519678852013361,n,15,False,0.000
All rsults,AG23,20.622772108783128,n,15,False,0.000
All rsults,AH23,20.801180705228955,n,15,False,0.000
All rsults,AI23,25.70654394636953,n,15,False,0.000
All rsults,AJ23,10320.587709998845,n,15,False,0.000
All rsults,AK23,187.51425873857795,n,15,False,0.000
All rsults,AL23,31.835823995907717,n,15,False,0.000
All rsults,AM23,48.329604532384394,n,15,False,0.000
All rsults,AN23,82.74670319165497,n,15,False,0.000
All rsults,AP23,0.135,n,17,True,0.000
All rsults,AQ23,50.611397451304185,n,15,False,0.000
All rsults,AR23,21.44731530076706,n,15,False,0.000
All rsults,AS23,32.90270488494146,n,15,False,0.000
All rsults,AT23,10595.31237165472,n,15,False,0.000
All rsults,AU23,835.7534478492452,n,15,False,0.000
All rsults,AV23,71.99569371551608,n,15,False,0.000
All rsults,AW23,146.3463867581752,n,15,False,0.000
All rsults,AX23,116.82401642511721,n,15,False,0.000
All rsults,AZ23,شمال,s,8,False,General
All rsults,BA23,930,n,8,False,General
All rsults,BB23,"32°23'43.17""",s,8,False,General
All rsults,BC23," 36°15'57.07""",s,8,False,General
All rsults,BD23,97,n,8,False,General
All rsults,BE23,95,n,8,False,General
All rsults,BF23,12.6,n,18,False,0.00
All rsults,BG23,7.7,n,18,False,0.00
All rsults,BH23,7.5,n,18,False,0.00
All rsults,A24,21,n,26,True,General
All rsults,B24,0.05013838748481978,n,15,False,0.000
All rsults,C24,10.8100456583036,n,15,False,0.000
All rsults,D24,0.0009658702680018284,n,15,False,0.000
All rsults,E24,3.0573799876893095,n,15,False,0.000
All rsults,F24,17.208247976569343,n,15,False,0.000
All rsults,G24,39.93765146377633,n,15,False,0.000
All rsults,H24,10.529393171387749,n,15,False,0.000
All rsults,I24,33.38693912845105,n,15,False,0.000
All rsults,J24,9.433659115827743,n,15,False,0.000
All rsults,L24,0.05720013220099157,n,15,False,0.000
All rsults,M24,10.727526225797465,n,15,False,0.000
All rsults,N24,0.0367254306701115,n,15,False,0.000
All rsults,O24,3.0573799876893095,n,15,False,0.000
All rsults,P24,80.38373369876912,n,15,False,0.000
All rsults,Q24,221.16086502357396,n,15,False,0.000
All rsults,R24,14.715778408204562,n,15,False,0.000
All rsults,S24,30.00598326734208,n,15,False,0.000
All rsults,T24,18.728587950540366,n,15,False,0.000
All rsults,V24,0.026834629921452836,n,15,False,0.000
All rsults,W24,4.273637978212432,n,15,False,0.000
All rsults,X24,0.007539347055985493,n,15,False,0.000
All rsults,Y24,3.1749715256773605,n,15,False,0.000
All rsults,Z24,82.74102794213479,n,15,False,0.000
All rsults,AA24,42.87527206181241,n,15,False,0.000
All rsults,AB24,8.372770473633631,n,15,False,0.000
All rsults,AC24,34.65479757636692,n,15,False,0.000
All rsults,AD24,21.18785107576916,n,15,False,0.000
All rsults,AF24,0.0008268503927358117,n,15,False,0.000
All rsults,AG24,11.480164765002021,n,15,False,0.000
All rsults,AH24,0.48086362810017724,n,15,False,0.000
All rsults,AI24,14.404963403536172,n,15,False,0.000
All rsults,AJ24,8731.842394484962,n,15,False,0.000
All rsults,AK24,116.07775400726696,n,15,False,0.000
All rsults,AL24,20.551345708009823,n,15,False,0.000
All rsults,AM24,31.696461197896564,n,15,False,0.000
All rsults,AN24,70.32250710723383,n,15,False,0.000
All rsults,AP24,0.135,n,17,True,0.000
All rsults,AQ24,37.29137462731551,n,15,False,0.000
All rsults,AR24,0.5260942760942761,n,17,True,0.000
All rsults,AS24,23.694694904592154,n,15,False,0.000
All rsults,AT24,8912.175404102434,n,15,False,0.000
All rsults,AU24,420.0515425564297,n,15,False,0.000
All rsults,AV24,54.169287761235765,n,15,False,0.000
All rsults,AW24,129.7441811700566,n,15,False,0.000
All rsults,AX24,119.6726052493711,n,15,False,0.000
All rsults,AZ24,غرب,s,8,False,General
All rsults,BA24,770,n,8,False,General
All rsults,BB24,"32°23'11.57""",s,8,False,General
All rsults,BC24,"36°15'39.40""",s,8,False,General
All rsults,BD24,62,n,8,False,General
All rsults,BE24,59,n,8,False,General
All rsults,BF24,11.1,n,18,False,0.00
All rsults,BG24,5.6,n,18,False,0.00
All rsults,BH24,5.3,n,18,False,0.00
All rsults,A25,22,n,26,True,General
All rsults,B25,0.06597159384694934,n,15,False,0.000
All rsults,C25,13.010442449946895,n,15,False,0.000
All rsults,D25,0.02246453901512422,n,15,False,0.000
All rsults,E25,2.9562998157550875,n,15,False,0.000
All rsults,F25,46.88283645797915,n,15,False,0.000
All rsults,G25,52.70087636665234,n,15,False,0.000
All rsults,H25,6.696555485595036,n,15,False,0.000
All rsults,I25,27.95806615898527,n,15,False,0.000
All rsults,J25,0.8935018522677918,n,15,False,0.000
All rsults,L25,0.017643565796277152,n,15,False,0.000
All rsults,M25,12.359920327449549,n,15,False,0.000
All rsults,N25,3.982423657382709,n,15,False,0.000
All rsults,O25,4.093338206430121,n,15,False,0.000
All rsults,P25,621.0742071828081,n,15,False,0.000
All rsults,Q25,884.3177694504561,n,15,False,0.000
All rsults,R25,14.509203552122575,n,15,False,0.000
All rsults,S25,7.4939146405527515,n,15,False,0.000
All rsults,T25,23.358691280715135,n,15,False,0.000
All rsults,V25,0.00383555778179938,n,15,False,0.000
All rsults,W25,6.417180636966286,n,15,False,0.000
All rsults,X25,0.43182907128246234,n,15,False,0.000
All rsults,Y25,0.7959268734725237,n,15,False,0.000
All rsults,Z25,180.37554447780403,n,15,False,0.000
All rsults,AA25,204.78474242752097,n,15,False,0.000
All rsults,AB25,8.184678926838377,n,15,False,0.000
All rsults,AC25,31.705023479261655,n,15,False,0.000
All rsults,AD25,11.491235573280726,n,15,False,0.000
All rsults,AF25,0.04754928257497415,n,15,False,0.000
All rsults,AG25,23.1207243537756,n,15,False,0.000
All rsults,AH25,8.9796456322792,n,15,False,0.000
All rsults,AI25,27.188861997821405,n,15,False,0.000
All rsults,AJ25,9615.619552625772,n,15,False,0.000
All rsults,AK25,230.69951877009495,n,15,False,0.000
All rsults,AL25,42.163497501894675,n,15,False,0.000
All rsults,AM25,20.175924032257413,n,15,False,0.000
All rsults,AN25,99.2639967021338,n,15,False,0.000
All rsults,AP25,0.135,n,17,True,0.000
All rsults,AQ25,54.90826776813832,n,15,False,0.000
All rsults,AR25,13.416362899959497,n,15,False,0.000
All rsults,AS25,35.034426893479136,n,15,False,0.000
All rsults,AT25,10463.952140744364,n,15,False,0.000
All rsults,AU25,1372.5029070147245,n,15,False,0.000
All rsults,AV25,71.55393546645065,n,15,False,0.000
All rsults,AW25,87.3329283110571,n,15,False,0.000
All rsults,AX25,135.00742540839744,n,15,False,0.000
All rsults,AZ25,جنوب شرق,s,8,False,General
All rsults,BA25,600,n,8,False,General
All rsults,BB25,"32°23'8.18""",s,8,False,General
All rsults,BC25,"36°16'31.23""",s,8,False,General
All rsults,BD25,110,n,8,False,General
All rsults,BE25,107,n,8,False,General
All rsults,BF25,14.14,n,18,False,0.00
All rsults,BG25,7.8,n,18,False,0.00
All rsults,BH25,7.6,n,18,False,0.00
All rsults,A26,23,n,26,True,General
All rsults,B26,0.04187149423733657,n,15,False,0.000
All rsults,C26,7.981875403471961,n,15,False,0.000
All rsults,D26,0.029537323048111092,n,15,False,0.000
All rsults,E26,2.6936490711892476,n,15,False,0.000
All rsults,F26,39.145742908296526,n,15,False,0.000
All rsults,G26,51.641279829872346,n,15,False,0.000
All rsults,H26,21.618150684931507,n,15,False,0.000
All rsults,I26,28.89554794520548,n,15,False,0.000
All rsults,J26,7.295035978948544,n,15,False,0.000
All rsults,L26,0.047024908912701065,n,15,False,0.000
All rsults,M26,7.981875403471961,n,15,False,0.000
All rsults,N26,7.494529165878361,n,15,False,0.000
All rsults,O26,1.8738428321316503,n,15,False,0.000
All rsults,P26,157.67035338063883,n,15,False,0.000
All rsults,Q26,546.1173227691095,n,15,False,0.000
All rsults,R26,20.134552108514637,n,15,False,0.000
All rsults,S26,18.461044520547947,n,15,False,0.000
All rsults,T26,13.617400494037286,n,15,False,0.000
All rsults,V26,0.00047023201844089845,n,15,False,0.000
All rsults,W26,4.670927979195009,n,15,False,0.000
All rsults,X26,5.880322883996869,n,15,False,0.000
All rsults,Y26,0.5855758850411408,n,15,False,0.000
All rsults,Z26,150.6023720221964,n,15,False,0.000
All rsults,AA26,85.80507916021966,n,15,False,0.000
All rsults,AB26,23.313691915122217,n,15,False,0.000
All rsults,AC26,30.233304794520553,n,15,False,0.000
All rsults,AD26,9.574690081133078,n,15,False,0.000
All rsults,AF26,0.04563336483152147,n,15,False,0.000
All rsults,AG26,11.81470018266973,n,15,False,0.000
All rsults,AH26,12.815644873651998,n,15,False,0.000
All rsults,AI26,23.528439060953033,n,15,False,0.000
All rsults,AJ26,10527.90768954927,n,15,False,0.000
All rsults,AK26,164.83308138706445,n,15,False,0.000
All rsults,AL26,43.024358716089175,n,15,False,0.000
All rsults,AM26,33.44392123287671,n,15,False,0.000
All rsults,AN26,80.0516809947898,n,15,False,0.000
All rsults,AP26,0.135,n,17,True,0.000
All rsults,AQ26,32.44937896880866,n,15,False,0.000
All rsults,AR26,26.22003424657534,n,15,False,0.000
All rsults,AS26,28.68150684931507,n,15,False,0.000
All rsults,AT26,10875.326157860403,n,15,False,0.000
All rsults,AU26,848.396763146266,n,15,False,0.000
All rsults,AV26,108.09075342465754,n,15,False,0.000
All rsults,AW26,111.0338184931507,n,15,False,0.000
All rsults,AX26,110.53880754890871,n,15,False,0.000
All rsults,AZ26,شرق,s,8,False,General
All rsults,BA26,500,n,8,False,General
All rsults,BB26,"32°23'12.24""",s,8,False,General
All rsults,BC26," 36°16'28.68""",s,8,False,General
All rsults,BD26,118,n,8,False,General
All rsults,BE26,114,n,8,False,General
All rsults,BF26,13.27,n,18,False,0.00
All rsults,BG26,8.9,n,18,False,0.00
All rsults,BH26,8.6,n,18,False,0.00
All rsults,A27,24,n,26,True,General
All rsults,B27,0.721746721235355,n,15,False,0.000
All rsults,C27,11.634729198940875,n,15,False,0.000
All rsults,D27,0.015540616874933032,n,15,False,0.000
All rsults,E27,3.1879634116168902,n,15,False,0.000
All rsults,F27,23.00547734179644,n,15,False,0.000
All rsults,G27,60.28837985750627,n,15,False,0.000
All rsults,H27,9.364124395146542,n,15,False,0.000
All rsults,I27,23.406464427591185,n,15,False,0.000
All rsults,J27,22.327838987925837,n,15,False,0.000
All rsults,L27,0.49720329685102244,n,15,False,0.000
All rsults,M27,16.77078082730217,n,15,False,0.000
All rsults,N27,1.1882811740098382,n,15,False,0.000
All rsults,O27,3.702151058651872,n,15,False,0.000
All rsults,P27,548.0865371100514,n,15,False,0.000
All rsults,Q27,770.8938332064713,n,15,False,0.000
All rsults,R27,15.346759425379048,n,15,False,0.000
All rsults,S27,6.0581437342000735,n,15,False,0.000
All rsults,T27,83.55197450127264,n,15,False,0.000
All rsults,V27,0.005977069447922622,n,15,False,0.000
All rsults,W27,5.109117131289575,n,15,False,0.000
All rsults,X27,3.238066199176809,n,15,False,0.000
All rsults,Y27,0.7198627058489752,n,15,False,0.000
All rsults,Z27,132.97671518444974,n,15,False,0.000
All rsults,AA27,164.22912141343502,n,15,False,0.000
All rsults,AB27,10.664697227805783,n,15,False,0.000
All rsults,AC27,24.50794510653666,n,15,False,0.000
All rsults,AD27,21.624464964951912,n,15,False,0.000
All rsults,AF27,0.4181798222437265,n,15,False,0.000
All rsults,AG27,26.184225297859076,n,15,False,0.000
All rsults,AH27,17.497440287294868,n,15,False,0.000
All rsults,AI27,29.22642585746839,n,15,False,0.000
All rsults,AJ27,9954.756013695489,n,15,False,0.000
All rsults,AK27,282.1548067870473,n,15,False,0.000
All rsults,AL27,45.520049143073464,n,15,False,0.000
All rsults,AM27,28.638497652582156,n,15,False,0.000
All rsults,AN27,150.4750536665437,n,15,False,0.000
All rsults,AP27,1.6431069097780266,n,15,False,0.000
All rsults,AQ27,59.698852455391695,n,15,False,0.000
All rsults,AR27,21.939328277356445,n,15,False,0.000
All rsults,AS27,36.83640303358613,n,15,False,0.000
All rsults,AT27,10658.824743331785,n,15,False,0.000
All rsults,AU27,1277.56614126446,n,15,False,0.000
All rsults,AV27,80.89563019140483,n,15,False,0.000
All rsults,AW27,82.61105092091007,n,15,False,0.000
All rsults,AX27,277.9793321206941,n,15,False,0.000
All rsults,AZ27,جنوب شرق,s,8,False,General
All rsults,BA27,400,n,8,False,General
All rsults,BB27," 32°23'6.42""",s,8,False,General
All rsults,BC27,"36°16'20.45""",s,8,False,General
All rsults,BD27,163,n,8,False,General
All rsults,BE27,159,n,8,False,General
All rsults,BF27,13.5,n,18,False,0.00
All rsults,BG27,12.1,n,18,False,0.00
All rsults,BH27,11.8,n,18,False,0.00
All rsults,A28,25,n,26,True,General
All rsults,B28,0.9374081246443066,n,15,False,0.000
All rsults,C28,15.739045307954584,n,15,False,0.000
All rsults,D28,0.0357738575423712,n,15,False,0.000
All rsults,E28,3.2914755757557743,n,15,False,0.000
All rsults,F28,20.041293148521568,n,15,False,0.000
All rsults,G28,66.69018649954258,n,15,False,0.000
All rsults,H28,4.860531090838056,n,15,False,0.000
All rsults,I28,37.5909067464411,n,15,False,0.000
All rsults,J28,5.4552179736712265,n,15,False,0.000
All rsults,L28,0.9793816227627085,n,15,False,0.000
All rsults,M28,20.089675718283488,n,15,False,0.000
All rsults,N28,0.03500175989757182,n,15,False,0.000
All rsults,O28,2.7850947179471945,n,15,False,0.000
All rsults,P28,413.4709645998558,n,15,False,0.000
All rsults,Q28,695.4515100520864,n,15,False,0.000
All rsults,R28,15.526696540177124,n,15,False,0.000
All rsults,S28,7.117804827728492,n,15,False,0.000
All rsults,T28,28.064796081417025,n,15,False,0.000
All rsults,V28,0.012672766990812108,n,15,False,0.000
All rsults,W28,8.446133704991105,n,15,False,0.000
All rsults,X28,13.84268398172785,n,15,False,0.000
All rsults,Y28,2.405309074590759,n,15,False,0.000
All rsults,Z28,340.4633967016699,n,15,False,0.000
All rsults,AA28,118.51076619874122,n,15,False,0.000
All rsults,AB28,19.307109610828952,n,15,False,0.000
All rsults,AC28,16.904786465855167,n,15,False,0.000
All rsults,AD28,15.767128509656686,n,15,False,0.000
All rsults,AF28,0.12389144373526366,n,15,False,0.000
All rsults,AG28,18.581494150980433,n,15,False,0.000
All rsults,AH28,20.90189010167809,n,15,False,0.000
All rsults,AI28,26.797674995230096,n,15,False,0.000
All rsults,AJ28,9351.44668471275,n,15,False,0.000
All rsults,AK28,185.35444541364225,n,15,False,0.000
All rsults,AL28,30.1082898126913,n,15,False,0.000
All rsults,AM28,27.35906230658139,n,15,False,0.000
All rsults,AN28,103.79156118277317,n,15,False,0.000
All rsults,AP28,2.0533539581330906,n,15,False,0.000
All rsults,AQ28,62.85634888220961,n,15,False,0.000
All rsults,AR28,34.815349700845886,n,15,False,0.000
All rsults,AS28,35.27955436352382,n,15,False,0.000
All rsults,AT28,10125.422339162797,n,15,False,0.000
All rsults,AU28,1066.0069081640124,n,15,False,0.000
All rsults,AV28,69.80262705453544,n,15,False,0.000
All rsults,AW28,88.97256034660614,n,15,False,0.000
All rsults,AX28,153.0787037475181,n,15,False,0.000
All rsults,AZ28,شمال,s,8,False,General
All rsults,BA28,260,n,8,False,General
All rsults,BB28," 32°23'22.60""",s,8,False,General
All rsults,BC28," 36°16'12.81""",s,8,False,General
All rsults,BD28,119,n,8,False,General
All rsults,BE28,114,n,8,False,General
All rsults,BF28,13.53,n,18,False,0.00
All rsults,BG28,8.8,n,18,False,0.00
All rsults,BH28,8.4,n,18,False,0.00
All rsults,A29,26,n,26,True,General
All rsults,B29,0.08186706626988906,n,15,False,0.000
All rsults,C29,9.900378483356517,n,15,False,0.000
All rsults,D29,0.04288858085616833,n,15,False,0.000
All rsults,E29,2.7006323661535174,n,15,False,0.000
All rsults,F29,19.94416241474659,n,15,False,0.000
All rsults,G29,57.18436871258438,n,15,False,0.000
All rsults,H29,9.125523351397831,n,15,False,0.000
All rsults,I29,67.93412624032618,n,15,False,0.000
All rsults,J29,7.480009725765532,n,15,False,0.000
All rsults,L29,0.06627333936133878,n,15,False,0.000
All rsults,M29,21.931218159334062,n,15,False,0.000
All rsults,N29,0.041962928031934486,n,15,False,0.000
All rsults,O29,3.314412449370225,n,15,False,0.000
All rsults,P29,2234.8750877888774,n,15,False,0.000
All rsults,Q29,778.4940777644422,n,15,False,0.000
All rsults,R29,18.369559993073562,n,15,False,0.000
All rsults,S29,8.963530545598594,n,15,False,0.000
All rsults,T29,39.59459693680019,n,15,False,0.000
All rsults,V29,0.0014533870800659068,n,15,False,0.000
All rsults,W29,5.090448160114336,n,15,False,0.000
All rsults,X29,16.63616883392751,n,15,False,0.000
All rsults,Y29,1.5958282163634416,n,15,False,0.000
All rsults,Z29,303.4515034071659,n,15,False,0.000
All rsults,AA29,93.64318580182467,n,15,False,0.000
All rsults,AB29,12.443895479178861,n,15,False,0.000
All rsults,AC29,40.10000507241476,n,15,False,0.000
All rsults,AD29,14.764329315353468,n,15,False,0.000
All rsults,AF29,0.1457533090475967,n,15,False,0.000
All rsults,AG29,23.03427792451737,n,15,False,0.000
All rsults,AH29,44.29892149349516,n,15,False,0.000
All rsults,AI29,30.195524973929185,n,15,False,0.000
All rsults,AJ29,8379.344463190137,n,15,False,0.000
All rsults,AK29,264.94374960463364,n,15,False,0.000
All rsults,AL29,34.84290734170081,n,15,False,0.000
All rsults,AM29,45.28941749355079,n,15,False,0.000
All rsults,AN29,103.08841023070526,n,15,False,0.000
All rsults,AP29,0.29534710175889045,n,15,False,0.000
All rsults,AQ29,59.95632272732229,n,15,False,0.000
All rsults,AR29,61.019941836310764,n,15,False,0.000
All rsults,AS29,37.80639800581637,n,15,False,0.000
All rsults,AT29,10937.615216800925,n,15,False,0.000
All rsults,AU29,1194.265381883485,n,15,False,0.000
All rsults,AV29,74.78188616535107,n,15,False,0.000
All rsults,AW29,162.28707935189033,n,15,False,0.000
All rsults,AX29,164.92734620862444,n,15,False,0.000
All rsults,AZ29,شرق ,s,8,False,General
All rsults,BA29,400,n,8,False,General
All rsults,BB29,"32°23'15.33""",s,8,False,General
All rsults,BC29,"36°16'24.14""",s,8,False,General
All rsults,BD29,155,n,8,False,General
All rsults,BE29,150,n,8,False,General
All rsults,BF29,13.44,n,18,False,0.00
All rsults,BG29,11.53,n,18,False,0.00
All rsults,BH29,11.2,n,18,False,0.00
All rsults,A30,27,n,26,True,General
All rsults,B30,0.04037402526186648,n,15,False,0.000
All rsults,C30,7.8004488508829715,n,15,False,0.000
All rsults,D30,0.07118540195196646,n,15,False,0.000
All rsults,E30,2.1813829051070943,n,15,False,0.000
All rsults,F30,18.95000727227098,n,15,False,0.000
All rsults,G30,32.3507256621613,n,15,False,0.000
All rsults,H30,3.18973018799822,n,15,False,0.000
All rsults,I30,52.990168976383195,n,15,False,0.000
All rsults,J30,6.020587506830011,n,15,False,0.000
All rsults,L30,0.06751066519197346,n,15,False,0.000
All rsults,M30,9.126525155533079,n,15,False,0.000
All rsults,N30,0.06964902637026933,n,15,False,0.000
All rsults,O30,5.089893445249888,n,15,False,0.000
All rsults,P30,68.14714153682067,n,15,False,0.000
All rsults,Q30,82.86446467278182,n,15,False,0.000
All rsults,R30,6.432622545796411,n,15,False,0.000
All rsults,S30,34.90821558159839,n,15,False,0.000
All rsults,T30,19.56690939719753,n,15,False,0.000
All rsults,V30,0.025812901396931025,n,15,False,0.000
All rsults,W30,5.78247514815919,n,15,False,0.000
All rsults,X30,0.5556558353804576,n,15,False,0.000
All rsults,Y30,5.505394950984572,n,15,False,0.000
All rsults,Z30,39.35770741163972,n,15,False,0.000
All rsults,AA30,29.266440376573893,n,15,False,0.000
All rsults,AB30,5.528865659196916,n,15,False,0.000
All rsults,AC30,34.90821558159839,n,15,False,0.000
All rsults,AD30,28.889114076193124,n,15,False,0.000
All rsults,AF30,0.0013024081492290394,n,15,False,0.000
All rsults,AG30,6.970654973123409,n,15,False,0.000
All rsults,AH30,22.36819690490812,n,15,False,0.000
All rsults,AI30,8.856414594734803,n,15,False,0.000
All rsults,AJ30,6201.328353853041,n,15,False,0.000
All rsults,AK30,71.71239658639979,n,15,False,0.000
All rsults,AL30,4.997243961197212,n,15,False,0.000
All rsults,AM30,53.492445459571655,n,15,False,0.000
All rsults,AN30,50.35182063078073,n,15,False,0.000
All rsults,AP30,0.135,n,17,True,0.000
All rsults,AQ30,29.680104127698648,n,15,False,0.000
All rsults,AR30,23.064687168610813,n,15,False,0.000
All rsults,AS30,21.633085896076356,n,15,False,0.000
All rsults,AT30,6327.783210073773,n,15,False,0.000
All rsults,AU30,216.1940272979168,n,15,False,0.000
All rsults,AV30,20.14846235418876,n,15,False,0.000
All rsults,AW30,176.29904559915164,n,15,False,0.000
All rsults,AX30,104.8284316110014,n,15,False,0.000
All rsults,AZ30,جنوب غرب,s,8,False,General
All rsults,BA30,1150,n,8,False,General
All rsults,BB30,"32°22'59.26""",s,8,False,General
All rsults,BC30,"36°15'29.19""",s,8,False,General
All rsults,BD30,44,n,8,False,General
All rsults,BE30,42,n,8,False,General
All rsults,BF30,12.74,n,18,False,0.00
All rsults,BG30,3.5,n,18,False,0.00
All rsults,BH30,3.3,n,18,False,0.00
All rsults,A31,28,n,26,True,General
All rsults,B31,0.07436549118993342,n,15,False,0.000
All rsults,C31,10.855210718411925,n,15,False,0.000
All rsults,D31,3.1963168054830002,n,15,False,0.000
All rsults,E31,2.1345071202945625,n,15,False,0.000
All rsults,F31,30.612755123203616,n,15,False,0.000
All rsults,G31,45.54958863908978,n,15,False,0.000
All rsults,H31,8.126530907085021,n,15,False,0.000
All rsults,I31,37.89830204984669,n,15,False,0.000
All rsults,J31,4.551924937336489,n,15,False,0.000
All rsults,L31,0.12856406951480012,n,15,False,0.000
All rsults,M31,15.369258739929755,n,15,False,0.000
All rsults,N31,0.12647714793646977,n,15,False,0.000
All rsults,O31,2.298699975701837,n,15,False,0.000
All rsults,P31,135.26566217229507,n,15,False,0.000
All rsults,Q31,534.4580259439282,n,15,False,0.000
All rsults,R31,17.01153803216464,n,15,False,0.000
All rsults,S31,22.875551687745304,n,15,False,0.000
All rsults,T31,9.908763430665408,n,15,False,0.000
All rsults,V31,0.0008715168451340958,n,15,False,0.000
All rsults,W31,7.530733806795779,n,15,False,0.000
All rsults,X31,4.794475208224501,n,15,False,0.000
All rsults,Y31,2.2166035479982,n,15,False,0.000
All rsults,Z31,278.12518608057854,n,15,False,0.000
All rsults,AA31,116.01580178451553,n,15,False,0.000
All rsults,AB31,13.110803196763829,n,15,False,0.000
All rsults,AC31,7.169949036457482,n,15,False,0.000
All rsults,AD31,10.81806153499488,n,15,False,0.000
All rsults,AF31,0.06696657582421316,n,15,False,0.000
All rsults,AG31,18.990546121485007,n,15,False,0.000
All rsults,AH31,79.96119208383307,n,15,False,0.000
All rsults,AI31,19.630897792493684,n,15,False,0.000
All rsults,AJ31,9112.617646256029,n,15,False,0.000
All rsults,AK31,159.7275619407459,n,15,False,0.000
All rsults,AL31,24.59630021211067,n,15,False,0.000
All rsults,AM31,17.754159518847096,n,15,False,0.000
All rsults,AN31,82.8992758931673,n,15,False,0.000
All rsults,AP31,0.2707676533740808,n,15,False,0.000
All rsults,AQ31,52.745749386622464,n,15,False,0.000
All rsults,AR31,88.07846124547704,n,15,False,0.000
All rsults,AS31,26.280708436488286,n,15,False,0.000
All rsults,AT31,9556.621249632106,n,15,False,0.000
All rsults,AU31,855.7509783082794,n,15,False,0.000
All rsults,AV31,62.845172348124166,n,15,False,0.000
All rsults,AW31,85.69796229289658,n,15,False,0.000
All rsults,AX31,108.17802579616408,n,15,False,0.000
All rsults,AZ31,غرب ,s,8,False,General
All rsults,BA31,1150,n,8,False,General
All rsults,BB31,"32°23'12.46""",s,8,False,General
All rsults,BC31,"36°15'24.72""",s,8,False,General
All rsults,BD31,96,n,8,False,General
All rsults,BE31,93,n,8,False,General
All rsults,BF31,12.99,n,18,False,0.00
All rsults,BG31,7.4,n,18,False,0.00
All rsults,BH31,7.2,n,18,False,0.00
All rsults,A32,29,n,26,True,General
All rsults,B32,1.475038785989064,n,15,False,0.000
All rsults,C32,6.391174986235905,n,15,False,0.000
All rsults,D32,0.09543492136645773,n,15,False,0.000
All rsults,E32,2.7533212682744796,n,15,False,0.000
All rsults,F32,21.572245269466922,n,15,False,0.000
All rsults,G32,148.1736069051688,n,15,False,0.000
All rsults,H32,10.86142086274312,n,15,False,0.000
All rsults,I32,70.14527152868615,n,15,False,0.000
All rsults,J32,74.71300823357345,n,15,False,0.000
All rsults,L32,0.9764341259364224,n,15,False,0.000
All rsults,M32,21.30391662078634,n,15,False,0.000
All rsults,N32,0.09337517486214568,n,15,False,0.000
All rsults,O32,3.6710950243659726,n,15,False,0.000
All rsults,P32,408.11677969096144,n,15,False,0.000
All rsults,Q32,971.2195962578111,n,15,False,0.000
All rsults,R32,17.944956208010375,n,15,False,0.000
All rsults,S32,52.60895364651461,n,15,False,0.000
All rsults,T32,113.92817513402652,n,15,False,0.000
All rsults,V32,0.16352342405517906,n,15,False,0.000
All rsults,W32,5.4084246529550475,n,15,False,0.000
All rsults,X32,0.7449416523928534,n,15,False,0.000
All rsults,Y32,0.7509058004384943,n,15,False,0.000
All rsults,Z32,139.46707406771637,n,15,False,0.000
All rsults,AA32,146.90716582050925,n,15,False,0.000
All rsults,AB32,14.757365302640112,n,15,False,0.000
All rsults,AC32,8.554301405937334,n,15,False,0.000
All rsults,AD32,22.01471876674948,n,15,False,0.000
All rsults,AF32,0.5314511281793319,n,15,False,0.000
All rsults,AG32,30.407365271058378,n,15,False,0.000
All rsults,AH32,76.34840592772709,n,15,False,0.000
All rsults,AI32,24.77488537580072,n,15,False,0.000
All rsults,AJ32,9767.464403567463,n,15,False,0.000
All rsults,AK32,223.79466514848775,n,15,False,0.000
All rsults,AL32,34.23708750212506,n,15,False,0.000
All rsults,AM32,73.56699209106108,n,15,False,0.000
All rsults,AN32,142.81840852333323,n,15,False,0.000
All rsults,AP32,3.1464474641599973,n,15,False,0.000
All rsults,AQ32,63.510881531035665,n,15,False,0.000
All rsults,AR32,77.28215767634855,n,15,False,0.000
All rsults,AS32,31.95020746887967,n,15,False,0.000
All rsults,AT32,10336.620502595608,n,15,False,0.000
All rsults,AU32,1490.095034131977,n,15,False,0.000
All rsults,AV32,77.80082987551867,n,15,False,0.000
All rsults,AW32,204.87551867219918,n,15,False,0.000
All rsults,AX32,353.4743106576827,n,15,False,0.000
All rsults,AZ32,جنوب,s,8,False,General
All rsults,BA32,310,n,8,False,General
All rsults,BB32,"32°23'4.54""",s,8,False,General
All rsults,BC32,"36°16'12.65""",s,8,False,General
All rsults,BD32,142,n,8,False,General
All rsults,BE32,139,n,8,False,General
All rsults,BF32,12.44,n,18,False,0.00
All rsults,BG32,11.4,n,18,False,0.00
All rsults,BH32,11.2,n,18,False,0.00
All rsults,A33,30,n,26,True,General
All rsults,B33,1.4303089711875026,n,15,False,0.000
All rsults,C33,7.637470943529394,n,15,False,0.000
All rsults,D33,0.12743817182552566,n,15,False,0.000
All rsults,E33,2.2188926552442716,n,15,False,0.000
All rsults,F33,26.597462622738473,n,15,False,0.000
All rsults,G33,182.423645915076,n,15,False,0.000
All rsults,H33,7.717801068809811,n,15,False,0.000
All rsults,I33,75.02964367173695,n,15,False,0.000
All rsults,J33,21.54116614541095,n,15,False,0.000
All rsults,L33,1.1735868481538483,n,15,False,0.000
All rsults,M33,12.815417345922206,n,15,False,0.000
All rsults,N33,0.12468770768540642,n,15,False,0.000
All rsults,O33,2.711979911965221,n,15,False,0.000
All rsults,P33,610.7744598639763,n,15,False,0.000
All rsults,Q33,460.94609943578655,n,15,False,0.000
All rsults,R33,10.178549235676707,n,15,False,0.000
All rsults,S33,61.789118317901014,n,15,False,0.000
All rsults,T33,73.4104581424279,n,15,False,0.000
All rsults,V33,0.10825087219049419,n,15,False,0.000
All rsults,W33,4.995195352896592,n,15,False,0.000
All rsults,X33,0.9947511973431321,n,15,False,0.000
All rsults,Y33,1.7258053985233224,n,15,False,0.000
All rsults,Z33,388.564749406734,n,15,False,0.000
All rsults,AA33,119.14254543534494,n,15,False,0.000
All rsults,AB33,9.507436099258463,n,15,False,0.000
All rsults,AC33,1.6049121641013249,n,15,False,0.000
All rsults,AD33,28.510010877976807,n,15,False,0.000
All rsults,AF33,1.1546759700319382,n,15,False,0.000
All rsults,AG33,29.445362080232538,n,15,False,0.000
All rsults,AH33,48.177809115614565,n,15,False,0.000
All rsults,AI33,23.67805006773999,n,15,False,0.000
All rsults,AJ33,9439.748270778942,n,15,False,0.000
All rsults,AK33,163.7260679666607,n,15,False,0.000
All rsults,AL33,29.08156924479059,n,15,False,0.000
All rsults,AM33,83.8566605742942,n,15,False,0.000
All rsults,AN33,150.12031306393882,n,15,False,0.000
All rsults,AP33,3.866822661563783,n,15,False,0.000
All rsults,AQ33,54.893445722580736,n,15,False,0.000
All rsults,AR33,49.42468619246862,n,15,False,0.000
All rsults,AS33,30.3347280334728,n,15,False,0.000
All rsults,AT33,10465.684942672391,n,15,False,0.000
All rsults,AU33,926.2383587528682,n,15,False,0.000
All rsults,AV33,56.48535564853557,n,15,False,0.000
All rsults,AW33,222.2803347280335,n,15,False,0.000
All rsults,AX33,273.58194822975446,n,15,False,0.000
All rsults,AZ33,شمال,s,8,False,General
All rsults,BA33,480,n,8,False,General
All rsults,BB33," 32°23'30.45""",s,8,False,General
All rsults,BC33,"36°16'7.13""",s,8,False,General
All rsults,BD33,107,n,8,False,General
All rsults,BE33,103,n,8,False,General
All rsults,BF33,12.72,n,18,False,0.00
All rsults,BG33,8.4,n,18,False,0.00
All rsults,BH33,8.1,n,18,False,0.00
All rsults,A34,31,n,26,True,General
All rsults,B34,1.250408747455179,n,15,False,0.000
All rsults,C34,6.431612898328506,n,15,False,0.000
All rsults,D34,0.36948141140241675,n,15,False,0.000
All rsults,E34,2.113375731116883,n,15,False,0.000
All rsults,F34,24.03118938567283,n,15,False,0.000
All rsults,G34,85.15438949026094,n,15,False,0.000
All rsults,H34,7.542495901259794,n,15,False,0.000
All rsults,I34,36.20075984803038,n,15,False,0.000
All rsults,J34,15.768740139617673,n,15,False,0.000
All rsults,L34,1.3129291848279379,n,15,False,0.000
All rsults,M34,13.87874362270888,n,15,False,0.000
All rsults,N34,0.03629539458789912,n,15,False,0.000
All rsults,O34,1.3585986842894249,n,15,False,0.000
All rsults,P34,231.30019783710097,n,15,False,0.000
All rsults,Q34,432.25304263449584,n,15,False,0.000
All rsults,R34,11.951955043534749,n,15,False,0.000
All rsults,S34,46.36672665466906,n,15,False,0.000
All rsults,T34,51.372741530925104,n,15,False,0.000
All rsults,V34,0.24605199618170168,n,15,False,0.000
All rsults,W34,5.614517543964788,n,15,False,0.000
All rsults,X34,0.28956252299904817,n,15,False,0.000
All rsults,Y34,4.807929788290909,n,15,False,0.000
All rsults,Z34,139.43096341478923,n,15,False,0.000
All rsults,AA34,161.05947408646958,n,15,False,0.000
All rsults,AB34,9.979302269359113,n,15,False,0.000
All rsults,AC34,30.99380123975204,n,15,False,0.000
All rsults,AD34,30.923536659426194,n,15,False,0.000
All rsults,AF34,0.5074822421247598,n,15,False,0.000
All rsults,AG34,28.87466165467606,n,15,False,0.000
All rsults,AH34,34.0477120607327,n,15,False,0.000
All rsults,AI34,24.113617092043633,n,15,False,0.000
All rsults,AJ34,9675.085151723435,n,15,False,0.000
All rsults,AK34,211.5163874526214,n,15,False,0.000
All rsults,AL34,40.845516265283806,n,15,False,0.000
All rsults,AM34,41.40771845630873,n,15,False,0.000
All rsults,AN34,149.1332484386957,n,15,False,0.000
All rsults,AP34,3.316872170589579,n,15,False,0.000
All rsults,AQ34,54.79953571967823,n,15,False,0.000
All rsults,AR34,34.743051389722055,n,15,False,0.000
All rsults,AS34,32.393521295740854,n,15,False,0.000
All rsults,AT34,10069.847502360999,n,15,False,0.000
All rsults,AU34,889.9832936638478,n,15,False,0.000
All rsults,AV34,70.31926947943745,n,15,False,0.000
All rsults,AW34,154.9690061987602,n,15,False,0.000
All rsults,AX34,247.19826676866467,n,15,False,0.000
All rsults,AZ34,جنوب غرب ,s,8,False,General
All rsults,BA34,150,n,8,False,General
All rsults,BB34,"32°23'10.19""",s,8,False,General
All rsults,BC34,"36°16'5.64""",s,8,False,General
All rsults,BD34,196,n,8,False,General
All rsults,BE34,184,n,8,False,General
All rsults,BF34,11.93,n,18,False,0.00
All rsults,BG34,16.4,n,18,False,0.00
All rsults,BH34,15.4,n,18,False,0.00
All rsults,A35,32,n,26,True,General
All rsults,B35,0.047322584403479695,n,15,False,0.000
All rsults,C35,9.113477403451922,n,15,False,0.000
All rsults,D35,0.030238521617831974,n,15,False,0.000
All rsults,E35,2.1948474126100095,n,15,False,0.000
All rsults,F35,16.974001748177255,n,15,False,0.000
All rsults,G35,51.18453920427354,n,15,False,0.000
All rsults,H35,8.137317228226319,n,15,False,0.000
All rsults,I35,38.73275056160963,n,15,False,0.000
All rsults,J35,3.6469402047511954,n,15,False,0.000
All rsults,L35,0.03748932011184755,n,15,False,0.000
All rsults,M35,14.095511717338974,n,15,False,0.000
All rsults,N35,0.029585891654857185,n,15,False,0.000
All rsults,O35,1.4314222256152234,n,15,False,0.000
All rsults,P35,299.4698879856987,n,15,False,0.000
All rsults,Q35,537.8760009134198,n,15,False,0.000
All rsults,R35,14.185323276232365,n,15,False,0.000
All rsults,S35,56.254709149004455,n,15,False,0.000
All rsults,T35,9.810269150780716,n,15,False,0.000
All rsults,V35,0.0036280550952775483,n,15,False,0.000
All rsults,W35,1.60412250354258,n,15,False,0.000
All rsults,X35,2.317577993518433,n,15,False,0.000
All rsults,Y35,1.5898329519166412,n,15,False,0.000
All rsults,Z35,69.83589290678641,n,15,False,0.000
All rsults,AA35,111.91791324373595,n,15,False,0.000
All rsults,AB35,13.525540798268072,n,15,False,0.000
All rsults,AC35,29.20326431232472,n,15,False,0.000
All rsults,AD35,3.5922121401805533,n,15,False,0.000
All rsults,AF35,0.0465600403893952,n,15,False,0.000
All rsults,AG35,29.73796333490476,n,15,False,0.000
All rsults,AH35,24.389749360360646,n,15,False,0.000
All rsults,AI35,21.60302422898495,n,15,False,0.000
All rsults,AJ35,9597.43020106932,n,15,False,0.000
All rsults,AK35,198.52526872293782,n,15,False,0.000
All rsults,AL35,30.67988522533977,n,15,False,0.000
All rsults,AM35,59.021334189119436,n,15,False,0.000
All rsults,AN35,99.61629150027578,n,15,False,0.000
All rsults,AP35,0.135,n,17,True,0.000
All rsults,AQ35,54.551074959238235,n,15,False,0.000
All rsults,AR35,26.76715176715177,n,15,False,0.000
All rsults,AS35,26.819126819126822,n,15,False,0.000
All rsults,AT35,9983.709983709983,n,15,False,0.000
All rsults,AU35,899.5037220843672,n,15,False,0.000
All rsults,AV35,66.52806652806653,n,15,False,0.000
All rsults,AW35,183.21205821205822,n,15,False,0.000
All rsults,AX35,116.66571299598824,n,15,False,0.000
All rsults,AZ35,شمال شرق,s,8,False,General
All rsults,BA35,250,n,8,False,General
All rsults,BB35," 32°23'17.64""",s,8,False,General
All rsults,BC35," 36°16'18.07""",s,8,False,General
All rsults,BD35,96,n,8,False,General
All rsults,BE35,94,n,8,False,General
All rsults,BF35,12.1,n,18,False,0.00
All rsults,BG35,7.9,n,18,False,0.00
All rsults,BH35,7.8,n,18,False,0.00
All rsults,BA38,داخل المصنع = distance =0,s,16,False,General
