element,k,magnetic_choices,nearest_choices,magnetic_min,magnetic_max,nearest_min,nearest_max,classification
Cd,1,1,5,0.06477579305295957,0.06477579305295957,0.0010306318077873552,0.3777596610773548,overlap_or_equal
Co,1,1,5,0.5637091671831536,0.5637091671831536,0.42175510124492094,0.6212317445455374,overlap_or_equal
Cr,1,1,5,0.009020802940447046,0.009020802940447046,0.0002485035601799256,0.036383632485576196,overlap_or_equal
Cu,1,1,5,0.5110147766592426,0.5110147766592426,0.2319532472983795,0.5196370903763157,overlap_or_equal
Fe,1,1,5,0.25600705739113816,0.25600705739113816,0.02076077804791388,0.3889472342036917,overlap_or_equal
Mn,1,1,5,0.2904076059177282,0.2904076059177282,0.1343524712378031,0.29738669460255224,overlap_or_equal
Ni,1,1,5,0.45269071118510446,0.45269071118510446,0.2570243260014917,0.5693400586273745,overlap_or_equal
Pb,1,1,5,0.0008048081776551607,0.0008048081776551607,0.000725222095347286,0.029683871574600746,overlap_or_equal
Zn,1,1,5,0.13623856227204198,0.13623856227204198,0.024050739896548073,0.22496858293780445,overlap_or_equal
Cd,2,1,10,0.3198870442948044,0.3198870442948044,0.003705698877396716,0.3198870442948044,overlap_or_equal
Co,2,1,10,0.7286586839975536,0.7286586839975536,0.5225787993467208,0.7286586839975536,overlap_or_equal
Cr,2,1,10,0.02959047912664781,0.02959047912664781,0.0018348388057356413,0.04201598906768698,overlap_or_equal
Cu,2,1,10,0.7567974467207346,0.7567974467207346,0.288466322825884,0.7567974467207346,overlap_or_equal
Fe,2,1,10,0.14598210402012804,0.14598210402012804,0.030542956671965656,0.47440345392590966,overlap_or_equal
Mn,2,1,10,0.32301336880578957,0.32301336880578957,0.22873241861552104,0.3268644316691054,overlap_or_equal
Ni,2,1,10,0.5068879135260839,0.5068879135260839,0.34555653981860407,0.6070669943387845,overlap_or_equal
Pb,2,1,10,0.018480221603946672,0.018480221603946672,0.0014859223449452622,0.046526755296645475,overlap_or_equal
Zn,2,1,10,0.30444558856924736,0.30444558856924736,0.07932248343880578,0.33048895249362853,overlap_or_equal
Cd,3,1,10,0.28622108801084306,0.28622108801084306,0.018868024904990312,0.26759637379998175,magnetic_all_ties_better
Co,3,1,10,0.5762446097276075,0.5762446097276075,0.6209092149100974,0.7291436415320807,nearest_all_ties_better
Cr,3,1,10,0.03322893106360873,0.03322893106360873,0.005732030016954803,0.0382151227071797,overlap_or_equal
Cu,3,1,10,0.564466122775444,0.564466122775444,0.3719233738474674,0.7060417670151821,overlap_or_equal
Fe,3,1,10,0.11076636193938796,0.11076636193938796,0.11158278397699942,0.4635849315026876,nearest_all_ties_better
Mn,3,1,10,0.35654578866470515,0.35654578866470515,0.3021657852745237,0.37839639342222603,overlap_or_equal
Ni,3,1,10,0.4544762528021078,0.4544762528021078,0.3993352399986984,0.6229597340312262,overlap_or_equal
Pb,3,1,10,0.024154583697378322,0.024154583697378322,0.004267614823133518,0.04824486681490133,overlap_or_equal
Zn,3,1,10,0.3433699068436436,0.3433699068436436,0.14469702015966984,0.44153687230201144,overlap_or_equal
Cd,4,1,5,0.23799678788158588,0.23799678788158588,0.05563857300835616,0.22424831323886082,magnetic_all_ties_better
Co,4,1,5,0.5139692424288571,0.5139692424288571,0.6723966469786407,0.730377291103382,nearest_all_ties_better
Cr,4,1,5,0.02840159173429967,0.02840159173429967,0.020689243148875002,0.035827443718916864,overlap_or_equal
Cu,4,1,5,0.5137073985142178,0.5137073985142178,0.41858665484488616,0.6122284512858536,overlap_or_equal
Fe,4,1,5,0.0986860760603117,0.0986860760603117,0.335864587593232,0.5975999412067042,nearest_all_ties_better
Mn,4,1,5,0.5008505210212194,0.5008505210212194,0.34928158562471723,0.4109512397346912,magnetic_all_ties_better
Ni,4,1,5,0.508872586914358,0.508872586914358,0.4520820832233829,0.5816013543861381,overlap_or_equal
Pb,4,1,5,0.027638800401308353,0.027638800401308353,0.02111670324423986,0.04802642344461585,overlap_or_equal
Zn,4,1,5,0.3527796762277424,0.3527796762277424,0.2730691847131246,0.43534354892798793,overlap_or_equal
Cd,5,1,1,0.2059274648493392,0.2059274648493392,0.193397116301906,0.193397116301906,magnetic_all_ties_better
Co,5,1,1,0.46442295077602674,0.46442295077602674,0.7427608058229369,0.7427608058229369,nearest_all_ties_better
Cr,5,1,1,0.026583397087819323,0.026583397087819323,0.03479107825700983,0.03479107825700983,nearest_all_ties_better
Cu,5,1,1,0.4853120384282409,0.4853120384282409,0.5559337573327968,0.5559337573327968,nearest_all_ties_better
Fe,5,1,1,0.1001231086144755,0.1001231086144755,0.4967330536094394,0.4967330536094394,nearest_all_ties_better
Mn,5,1,1,0.5283147737664696,0.5283147737664696,0.39213132218482977,0.39213132218482977,magnetic_all_ties_better
Ni,5,1,1,0.49078790428973157,0.49078790428973157,0.5467559811165442,0.5467559811165442,nearest_all_ties_better
Pb,5,1,1,0.031834903861883854,0.031834903861883854,0.04788934814653693,0.04788934814653693,nearest_all_ties_better
Zn,5,1,1,0.40042454830411206,0.40042454830411206,0.43298018902399227,0.43298018902399227,nearest_all_ties_better
Cd,6,1,1,0.1890155389680131,0.1890155389680131,0.2146071204433497,0.2146071204433497,nearest_all_ties_better
Co,6,1,1,0.4317089186377085,0.4317089186377085,0.6812996923554134,0.6812996923554134,nearest_all_ties_better
Cr,6,1,1,0.02629768081457548,0.02629768081457548,0.041626893016525134,0.041626893016525134,nearest_all_ties_better
Cu,6,1,1,0.4602836038457596,0.4602836038457596,0.6067698295853785,0.6067698295853785,nearest_all_ties_better
Fe,6,1,1,0.11163426878743032,0.11163426878743032,0.42743962200303587,0.42743962200303587,nearest_all_ties_better
Mn,6,1,1,0.5456476379866825,0.5456476379866825,0.4248367638865531,0.4248367638865531,magnetic_all_ties_better
Ni,6,1,1,0.4903830463960612,0.4903830463960612,0.5234820810004864,0.5234820810004864,nearest_all_ties_better
Pb,6,1,1,0.03882747179551934,0.03882747179551934,0.052924444358235935,0.052924444358235935,nearest_all_ties_better
Zn,6,1,1,0.42001086949156874,0.42001086949156874,0.47132384313478254,0.47132384313478254,nearest_all_ties_better
Cd,7,1,4,0.20537598550235603,0.20537598550235603,0.21026354880866663,0.35475352833050083,nearest_all_ties_better
Co,7,1,4,0.4157143667850421,0.4157143667850421,0.6700016761496745,0.7343831606249203,nearest_all_ties_better
Cr,7,1,4,0.027674323438356453,0.027674323438356453,0.04727970253283443,0.17766021240953564,nearest_all_ties_better
Cu,7,1,4,0.45423601224719473,0.45423601224719473,0.6104436033859808,0.6653128883613613,nearest_all_ties_better
Fe,7,1,4,0.11472308226854258,0.11472308226854258,0.40093440708321987,0.5265797333679219,nearest_all_ties_better
Mn,7,1,4,0.651958378645738,0.651958378645738,0.44990259420640316,0.5058476023924025,magnetic_all_ties_better
Ni,7,1,4,0.503994364196963,0.503994364196963,0.5911064387615925,0.6277412760131176,nearest_all_ties_better
Pb,7,1,4,0.039888825193298436,0.039888825193298436,0.055025998599465824,0.07431611578543665,nearest_all_ties_better
Zn,7,1,4,0.4542272550393212,0.4542272550393212,0.4910752313017823,0.8884758544767846,nearest_all_ties_better
Cd,8,1,6,0.20129504091503228,0.20129504091503228,0.21985698381832317,0.3689781983989531,nearest_all_ties_better
Co,8,1,6,0.4951752493199969,0.4951752493199969,0.6847965850508066,0.7632227544292398,nearest_all_ties_better
Cr,8,1,6,0.0559666594993579,0.0559666594993579,0.054057572643479115,0.1971921482779414,overlap_or_equal
Cu,8,1,6,0.4493547787760116,0.4493547787760116,0.6342773426902176,0.6859117408137708,nearest_all_ties_better
Fe,8,1,6,0.13393014092253147,0.13393014092253147,0.3994041941605103,0.5489143760253847,nearest_all_ties_better
Mn,8,1,6,0.7019320424142698,0.7019320424142698,0.4987241098118254,0.545323012176668,magnetic_all_ties_better
Ni,8,1,6,0.5349066329520054,0.5349066329520054,0.6312610038685594,0.6807272063268452,nearest_all_ties_better
Pb,8,1,6,0.04033337761582306,0.04033337761582306,0.06140410872144435,0.08931559314679197,nearest_all_ties_better
Zn,8,1,6,0.4717649848826632,0.4717649848826632,0.5094036419141675,0.8653344257101201,nearest_all_ties_better
Cd,9,1,4,0.2339128549007472,0.2339128549007472,0.25205288849584745,0.365016587971342,nearest_all_ties_better
Co,9,1,4,0.5064043682307006,0.5064043682307006,0.7128124756937796,0.7738294017516292,nearest_all_ties_better
Cr,9,1,4,0.07963329420313696,0.07963329420313696,0.12897197147134498,0.2655041085540579,nearest_all_ties_better
Cu,9,1,4,0.516848692482261,0.516848692482261,0.6571703076877553,0.6818696628911946,nearest_all_ties_better
Fe,9,1,4,0.3352737806636765,0.3352737806636765,0.4338316935695799,0.5436209989089493,nearest_all_ties_better
Mn,9,1,4,0.7011871117677828,0.7011871117677828,0.5354829191076319,0.5700292522471527,magnetic_all_ties_better
Ni,9,1,4,0.6059936365037045,0.6059936365037045,0.6669152886570319,0.7370005671646537,nearest_all_ties_better
Pb,9,1,4,0.061847785750227785,0.061847785750227785,0.0764309711556902,0.09545043353865564,nearest_all_ties_better
Zn,9,1,4,0.48978830258430606,0.48978830258430606,0.5267040312874753,0.8517360982624248,nearest_all_ties_better
Cd,10,1,1,0.4074389711246708,0.4074389711246708,0.357553596856493,0.357553596856493,magnetic_all_ties_better
Co,10,1,1,0.5493060291369589,0.5493060291369589,0.7611756833216755,0.7611756833216755,nearest_all_ties_better
Cr,10,1,1,0.21124161382440626,0.21124161382440626,0.26579170971024324,0.26579170971024324,nearest_all_ties_better
Cu,10,1,1,0.5183988600499146,0.5183988600499146,0.6971474764377935,0.6971474764377935,nearest_all_ties_better
Fe,10,1,1,0.45444858301014546,0.45444858301014546,0.532459861667922,0.532459861667922,nearest_all_ties_better
Mn,10,1,1,0.7181985149518275,0.7181985149518275,0.5705838135659922,0.5705838135659922,magnetic_all_ties_better
Ni,10,1,1,0.6799050561948872,0.6799050561948872,0.7230800997392209,0.7230800997392209,nearest_all_ties_better
Pb,10,1,1,0.07680062618454964,0.07680062618454964,0.09759735802059546,0.09759735802059546,nearest_all_ties_better
Zn,10,1,1,0.5078591227970384,0.5078591227970384,0.8363527548858692,0.8363527548858692,nearest_all_ties_better
Cd,11,1,1,0.3995480169273935,0.3995480169273935,0.35180115014042657,0.35180115014042657,magnetic_all_ties_better
Co,11,1,1,0.6144196478046803,0.6144196478046803,0.7167840449103249,0.7167840449103249,nearest_all_ties_better
Cr,11,1,1,0.26448313397860074,0.26448313397860074,0.2651723951259847,0.2651723951259847,nearest_all_ties_better
Cu,11,1,1,0.5337758319797354,0.5337758319797354,0.7090694633081402,0.7090694633081402,nearest_all_ties_better
Fe,11,1,1,0.4626756682486863,0.4626756682486863,0.5184982176962698,0.5184982176962698,nearest_all_ties_better
Mn,11,1,1,0.7325269696964694,0.7325269696964694,0.57797110026331,0.57797110026331,magnetic_all_ties_better
Ni,11,1,1,0.6788960234326058,0.6788960234326058,0.7184915737289889,0.7184915737289889,nearest_all_ties_better
Pb,11,1,1,0.07905462571458192,0.07905462571458192,0.1022355441252293,0.1022355441252293,nearest_all_ties_better
Zn,11,1,1,0.8295209347149469,0.8295209347149469,0.8267841635704986,0.8267841635704986,magnetic_all_ties_better
Cd,12,1,1,0.4019222367958754,0.4019222367958754,0.3523328871382131,0.3523328871382131,magnetic_all_ties_better
Co,12,1,1,0.6171273745580994,0.6171273745580994,0.7107084191941045,0.7107084191941045,nearest_all_ties_better
Cr,12,1,1,0.27526825345251643,0.27526825345251643,0.2646695777143548,0.2646695777143548,magnetic_all_ties_better
Cu,12,1,1,0.6270364543115379,0.6270364543115379,0.7045047080922274,0.7045047080922274,nearest_all_ties_better
Fe,12,1,1,0.5576003410177699,0.5576003410177699,0.5122018550672206,0.5122018550672206,magnetic_all_ties_better
Mn,12,1,1,0.7344366512934398,0.7344366512934398,0.5999694569514882,0.5999694569514882,magnetic_all_ties_better
Ni,12,1,1,0.7053537389492249,0.7053537389492249,0.7004571558003709,0.7004571558003709,magnetic_all_ties_better
Pb,12,1,1,0.10409799218246846,0.10409799218246846,0.10466776585473811,0.10466776585473811,nearest_all_ties_better
Zn,12,1,1,0.8382498033624728,0.8382498033624728,0.8193910814661951,0.8193910814661951,magnetic_all_ties_better
Cd,13,2,1,0.4002629772733492,0.5265182568666495,0.37967039454397516,0.37967039454397516,magnetic_all_ties_better
Co,13,2,1,0.6182070064241759,0.6576382719985656,0.6935858715760734,0.6935858715760734,nearest_all_ties_better
Cr,13,2,1,0.27441838286030895,0.5296442722179984,0.2648761780089476,0.2648761780089476,magnetic_all_ties_better
Cu,13,2,1,0.6243056665702172,0.6417265892008814,0.7083363380726857,0.7083363380726857,nearest_all_ties_better
Fe,13,2,1,0.5572311155856161,0.5685455042625613,0.506509962727443,0.506509962727443,magnetic_all_ties_better
Mn,13,2,1,0.7596460600474209,0.763505726301033,0.6721307728941487,0.6721307728941487,magnetic_all_ties_better
Ni,13,2,1,0.6933289403328657,0.7451495848838604,0.7165023013269536,0.7165023013269536,overlap_or_equal
Pb,13,2,1,0.10518761794618657,0.12192185926369785,0.10559759968936216,0.10559759968936216,overlap_or_equal
Zn,13,2,1,0.8323177477100482,0.8554491791946526,0.8612297171587661,0.8612297171587661,nearest_all_ties_better
Cd,14,1,1,0.524686160318063,0.524686160318063,0.37836643251213614,0.37836643251213614,magnetic_all_ties_better
Co,14,1,1,0.6638448772073504,0.6638448772073504,0.6895498587065062,0.6895498587065062,nearest_all_ties_better
Cr,14,1,1,0.5204031023516196,0.5204031023516196,0.2644023454316507,0.2644023454316507,magnetic_all_ties_better
Cu,14,1,1,0.6405355549930328,0.6405355549930328,0.710946438639334,0.710946438639334,nearest_all_ties_better
Fe,14,1,1,0.5690613720877049,0.5690613720877049,0.503195864955646,0.503195864955646,magnetic_all_ties_better
Mn,14,1,1,0.7868096446858885,0.7868096446858885,0.7011085290366761,0.7011085290366761,magnetic_all_ties_better
Ni,14,1,1,0.7325873876365534,0.7325873876365534,0.7128370732338749,0.7128370732338749,magnetic_all_ties_better
Pb,14,1,1,0.12292102701881966,0.12292102701881966,0.10864680547328555,0.10864680547328555,magnetic_all_ties_better
Zn,14,1,1,0.8520232435251881,0.8520232435251881,0.8522196468643732,0.8522196468643732,nearest_all_ties_better
Cd,15,1,5,0.7095130994453503,0.7095130994453503,0.38401423399827234,0.5500456960639861,magnetic_all_ties_better
Co,15,1,5,0.7178907639380556,0.7178907639380556,0.6851863367738343,0.7493056044138389,overlap_or_equal
Cr,15,1,5,0.551437834645317,0.551437834645317,0.26423304577861595,0.3873553729861998,magnetic_all_ties_better
Cu,15,1,5,0.6482887818181996,0.6482887818181996,0.714567453858751,0.7650469332096822,nearest_all_ties_better
Fe,15,1,5,0.572038915238181,0.572038915238181,0.5050513662397984,0.6101905353466905,overlap_or_equal
Mn,15,1,5,0.814668612611408,0.814668612611408,0.7087166720943944,0.7331376768177792,magnetic_all_ties_better
Ni,15,1,5,0.7756469067762158,0.7756469067762158,0.7183195747903158,0.7569164944460008,magnetic_all_ties_better
Pb,15,1,5,0.1263289107470614,0.1263289107470614,0.11213050556786548,0.120745040692958,magnetic_all_ties_better
Zn,15,1,5,0.8396765881855148,0.8396765881855148,0.8421048434297459,0.8675139944131719,nearest_all_ties_better
Cd,16,1,10,0.7074739537817101,0.7074739537817101,0.39995941132946483,0.5742126553467456,magnetic_all_ties_better
Co,16,1,10,0.7269497773956779,0.7269497773956779,0.6825902435787704,0.8002011820253723,overlap_or_equal
Cr,16,1,10,0.5567656053854292,0.5567656053854292,0.26678428719087693,0.44450397723614277,magnetic_all_ties_better
Cu,16,1,10,0.6956518711095574,0.6956518711095574,0.7209916773584315,0.7855308208818205,nearest_all_ties_better
Fe,16,1,10,0.68159760445881,0.68159760445881,0.5091807024306421,0.6353791897354019,magnetic_all_ties_better
Mn,16,1,10,0.8362300580261716,0.8362300580261716,0.7177980636918657,0.7516940378107214,magnetic_all_ties_better
Ni,16,1,10,0.7800329750019106,0.7800329750019106,0.7253921779353149,0.7977445777824079,overlap_or_equal
Pb,16,1,10,0.7546701210235073,0.7546701210235073,0.11584176547124439,0.12713757730262706,magnetic_all_ties_better
Zn,16,1,10,0.8553053336689332,0.8553053336689332,0.8402132291229302,0.8847204982019482,overlap_or_equal
Cd,17,1,10,0.7077453390196523,0.7077453390196523,0.42208196416409477,0.5956756426936288,magnetic_all_ties_better
Co,17,1,10,0.7820559937854978,0.7820559937854978,0.711871109241774,0.8258049403074949,overlap_or_equal
Cr,17,1,10,0.5501086761923115,0.5501086761923115,0.2796681657331835,0.5673426040745118,overlap_or_equal
Cu,17,1,10,0.7049388364252327,0.7049388364252327,0.7280702799545886,0.8046808295077229,nearest_all_ties_better
Fe,17,1,10,0.677439355492068,0.677439355492068,0.5241745378211856,0.6491565760968575,magnetic_all_ties_better
Mn,17,1,10,0.833174081123052,0.833174081123052,0.7332287097142131,0.76562319514914,magnetic_all_ties_better
Ni,17,1,10,0.8020409101484736,0.8020409101484736,0.7334004035105192,0.8025120526677657,overlap_or_equal
Pb,17,1,10,0.7803415983339218,0.7803415983339218,0.1208806857614198,0.13212261383299378,magnetic_all_ties_better
Zn,17,1,10,0.9077601704767255,0.9077601704767255,0.852532625312387,0.8935884700079011,magnetic_all_ties_better
Cd,18,1,5,0.7077492974453564,0.7077492974453564,0.4486217083398061,0.6124765689525073,magnetic_all_ties_better
Co,18,1,5,0.7751825665245522,0.7751825665245522,0.7608967786018571,0.8191832448595081,overlap_or_equal
Cr,18,1,5,0.5724515747625016,0.5724515747625016,0.3930047718211987,0.5765649407233533,overlap_or_equal
Cu,18,1,5,0.694391508393386,0.694391508393386,0.7565535819182385,0.8089570263108564,nearest_all_ties_better
Fe,18,1,5,0.6737461878802372,0.6737461878802372,0.5509790359927733,0.6530516438414317,magnetic_all_ties_better
Mn,18,1,5,0.8339708027055958,0.8339708027055958,0.7531633782912774,0.7745596451953849,magnetic_all_ties_better
Ni,18,1,5,0.8351749779608392,0.8351749779608392,0.77546327247796,0.8092071134736656,magnetic_all_ties_better
Pb,18,1,5,0.772112135927651,0.772112135927651,0.1273133455399214,0.13580681694083196,magnetic_all_ties_better
Zn,18,1,5,0.9033622202682828,0.9033622202682828,0.8729836882591497,0.8921149188403787,magnetic_all_ties_better
Cd,19,1,1,0.7081479492406747,0.7081479492406747,0.6190679639088444,0.6190679639088444,magnetic_all_ties_better
Co,19,1,1,0.8116099362608117,0.8116099362608117,0.8154061022863663,0.8154061022863663,nearest_all_ties_better
Cr,19,1,1,0.5695228442953499,0.5695228442953499,0.5763153739973372,0.5763153739973372,nearest_all_ties_better
Cu,19,1,1,0.7228527558701628,0.7228527558701628,0.8112055144438997,0.8112055144438997,nearest_all_ties_better
Fe,19,1,1,0.7244437935562628,0.7244437935562628,0.6551286846354059,0.6551286846354059,magnetic_all_ties_better
Mn,19,1,1,0.8181084877851289,0.8181084877851289,0.7810150918353853,0.7810150918353853,magnetic_all_ties_better
Ni,19,1,1,0.8354106628666716,0.8354106628666716,0.8152251767778813,0.8152251767778813,magnetic_all_ties_better
Pb,19,1,1,0.8417118356806238,0.8417118356806238,0.13925299064794375,0.13925299064794375,magnetic_all_ties_better
Zn,19,1,1,0.9314211814545992,0.9314211814545992,0.8918879392958031,0.8918879392958031,magnetic_all_ties_better
Cd,20,1,1,0.732012114377207,0.732012114377207,0.6822370694457556,0.6822370694457556,magnetic_all_ties_better
Co,20,1,1,0.8234563967981896,0.8234563967981896,0.8120349682193944,0.8120349682193944,magnetic_all_ties_better
Cr,20,1,1,0.6329964231964437,0.6329964231964437,0.5780845383643178,0.5780845383643178,magnetic_all_ties_better
Cu,20,1,1,0.7445981283017669,0.7445981283017669,0.8095231241787284,0.8095231241787284,nearest_all_ties_better
Fe,20,1,1,0.724670523760086,0.724670523760086,0.6586057684521833,0.6586057684521833,magnetic_all_ties_better
Mn,20,1,1,0.8299455255810798,0.8299455255810798,0.831704902791648,0.831704902791648,nearest_all_ties_better
Ni,20,1,1,0.8402045165626695,0.8402045165626695,0.8163009100076057,0.8163009100076057,magnetic_all_ties_better
Pb,20,1,1,0.8364002081849138,0.8364002081849138,0.1390372492692738,0.1390372492692738,magnetic_all_ties_better
Zn,20,1,1,0.9288492685929208,0.9288492685929208,0.9065290839010572,0.9065290839010572,magnetic_all_ties_better
Cd,21,2,1,0.7369748684951883,0.7734193988083862,0.6832598539857668,0.6832598539857668,magnetic_all_ties_better
Co,21,2,1,0.85212959772522,0.8650027323247459,0.8101092289555356,0.8101092289555356,magnetic_all_ties_better
Cr,21,2,1,0.6515441293372133,0.768584935458245,0.5778464054704353,0.5778464054704353,magnetic_all_ties_better
Cu,21,2,1,0.7503944528626568,0.7746641978539763,0.8030031104602348,0.8030031104602348,nearest_all_ties_better
Fe,21,2,1,0.7304907308480091,0.7391273020304154,0.6563828325490492,0.6563828325490492,magnetic_all_ties_better
Mn,21,2,1,0.847519409864537,0.8483685199928899,0.837046625268229,0.837046625268229,magnetic_all_ties_better
Ni,21,2,1,0.8754823305897359,0.8757358571560984,0.8699232310386,0.8699232310386,magnetic_all_ties_better
Pb,21,2,1,0.8710480984317864,0.8852695354691419,0.1438167744371469,0.1438167744371469,magnetic_all_ties_better
Zn,21,2,1,0.9280717871998232,0.9336004769966914,0.899731486758387,0.899731486758387,magnetic_all_ties_better
Cd,22,1,4,0.7824690938493336,0.7824690938493336,0.6834776002065872,0.6844245722448181,magnetic_all_ties_better
Co,22,1,4,0.8858673735830249,0.8858673735830249,0.8140943702642848,0.8581941445192142,magnetic_all_ties_better
Cr,22,1,4,0.8141110822577666,0.8141110822577666,0.5770840547637802,0.6196660657519536,magnetic_all_ties_better
Cu,22,1,4,0.7797696662292509,0.7797696662292509,0.8018139873850662,0.8109075440292293,nearest_all_ties_better
Fe,22,1,4,0.745544052104468,0.745544052104468,0.6611540552192969,0.7209612243596673,magnetic_all_ties_better
Mn,22,1,4,0.8650643235169346,0.8650643235169346,0.8593915226277626,0.8661158878942408,overlap_or_equal
Ni,22,1,4,0.9112343617051782,0.9112343617051782,0.8646472750071684,0.8916490867930642,magnetic_all_ties_better
Pb,22,1,4,0.9173220079388322,0.9173220079388322,0.1441312878266969,0.14886335487094504,magnetic_all_ties_better
Zn,22,1,4,0.9293726317955749,0.9293726317955749,0.8961139436958758,0.9192385316231804,magnetic_all_ties_better
Cd,23,2,6,0.782246654700277,0.8192868082572399,0.684391030204508,0.685393934725645,magnetic_all_ties_better
Co,23,2,6,0.8827065596413064,0.9170015454280909,0.8183748565830364,0.8678466355960305,magnetic_all_ties_better
Cr,23,2,6,0.8291772913337193,0.8301896109893139,0.5766307155098844,0.6195819391474254,magnetic_all_ties_better
Cu,23,2,6,0.7852628386182575,0.7908374853503204,0.8038417890941003,0.8179042854630705,nearest_all_ties_better
Fe,23,2,6,0.7497030303060938,0.8527199023726891,0.6688121756286278,0.7534816008980503,overlap_or_equal
Mn,23,2,6,0.8866624826142574,0.916649742911515,0.8769646842224563,0.8902428707403115,overlap_or_equal
Ni,23,2,6,0.9123351559986361,0.9246563543135937,0.8634852117626018,0.9045481551815227,magnetic_all_ties_better
Pb,23,2,6,0.9245596029329617,0.9450282548938708,0.14499963924190037,0.1501099584640127,magnetic_all_ties_better
Zn,23,2,6,0.9321809740745135,0.9443712451344392,0.8998834980714253,0.9240265885391253,magnetic_all_ties_better
Cd,24,1,4,0.8190053921029878,0.8190053921029878,0.6853775731572285,0.6863210770305049,magnetic_all_ties_better
Co,24,1,4,0.9134145523780605,0.9134145523780605,0.8299649314331248,0.8723888037591178,magnetic_all_ties_better
Cr,24,1,4,0.8312349588633529,0.8312349588633529,0.5766682546468287,0.6191817878278456,magnetic_all_ties_better
Cu,24,1,4,0.7996236305351071,0.7996236305351071,0.8049724775970621,0.8228170971009214,nearest_all_ties_better
Fe,24,1,4,0.8571900837012485,0.8571900837012485,0.7021978676770161,0.7614101427083371,magnetic_all_ties_better
Mn,24,1,4,0.9280118860610519,0.9280118860610519,0.8961112762081439,0.9128114301890159,magnetic_all_ties_better
Ni,24,1,4,0.9266496675065087,0.9266496675065087,0.8780374271163823,0.903572671021582,magnetic_all_ties_better
Pb,24,1,4,0.9541915291043879,0.9541915291043879,0.1463734050124858,0.151086357065488,magnetic_all_ties_better
Zn,24,1,4,0.9478924107187401,0.9478924107187401,0.9079568850742465,0.9317202067485035,magnetic_all_ties_better
Cd,25,1,1,0.8184783535962391,0.8184783535962391,0.6868499264743367,0.6868499264743367,magnetic_all_ties_better
Co,25,1,1,0.9174193673704772,0.9174193673704772,0.8770851768929885,0.8770851768929885,magnetic_all_ties_better
Cr,25,1,1,0.8309085021682389,0.8309085021682389,0.6188182514383387,0.6188182514383387,magnetic_all_ties_better
Cu,25,1,1,0.8024909041458378,0.8024909041458378,0.8229367663993975,0.8229367663993975,nearest_all_ties_better
Fe,25,1,1,0.889940820601727,0.889940820601727,0.7666984707595125,0.7666984707595125,magnetic_all_ties_better
Mn,25,1,1,0.9274325368621797,0.9274325368621797,0.921125166690926,0.921125166690926,magnetic_all_ties_better
Ni,25,1,1,0.9397489585625718,0.9397489585625718,0.8995900188354244,0.8995900188354244,magnetic_all_ties_better
Pb,25,1,1,0.9581308986159222,0.9581308986159222,0.15155131542670716,0.15155131542670716,magnetic_all_ties_better
Zn,25,1,1,0.9547285342017447,0.9547285342017447,0.932315645245818,0.932315645245818,magnetic_all_ties_better
Cd,26,1,1,0.8185123106754805,0.8185123106754805,0.6875239222066857,0.6875239222066857,magnetic_all_ties_better
Co,26,1,1,0.9192095704419176,0.9192095704419176,0.9151497672047334,0.9151497672047334,magnetic_all_ties_better
Cr,26,1,1,0.8309021567661182,0.8309021567661182,0.6229500888433748,0.6229500888433748,magnetic_all_ties_better
Cu,26,1,1,0.8172122007327245,0.8172122007327245,0.8341739652985127,0.8341739652985127,nearest_all_ties_better
Fe,26,1,1,0.891196602391958,0.891196602391958,0.874342023199275,0.874342023199275,magnetic_all_ties_better
Mn,26,1,1,0.9373183332557548,0.9373183332557548,0.9403824960014049,0.9403824960014049,nearest_all_ties_better
Ni,26,1,1,0.9401011700689444,0.9401011700689444,0.9153989051010317,0.9153989051010317,magnetic_all_ties_better
Pb,26,1,1,0.9645448344360896,0.9645448344360896,0.1525078174359608,0.1525078174359608,magnetic_all_ties_better
Zn,26,1,1,0.9470549315028275,0.9470549315028275,0.9391075450929671,0.9391075450929671,magnetic_all_ties_better
Cd,27,2,1,0.8180897544537569,0.9931461640360374,0.6866199219889003,0.6866199219889003,magnetic_all_ties_better
Co,27,2,1,0.9303015362581559,0.9591042808094797,0.9212018654158626,0.9212018654158626,magnetic_all_ties_better
Cr,27,2,1,0.8723389325955521,0.889566833701904,0.6226841888417562,0.6226841888417562,magnetic_all_ties_better
Cu,27,2,1,0.8199000567321014,0.8407946994215152,0.8730602744058623,0.8730602744058623,nearest_all_ties_better
Fe,27,2,1,0.8974769102719787,0.9498595191869089,0.8734251555876744,0.8734251555876744,magnetic_all_ties_better
Mn,27,2,1,0.9366991603284847,0.9664784336622014,0.9364182070753907,0.9364182070753907,magnetic_all_ties_better
Ni,27,2,1,0.9411201268423495,0.9520297276044544,0.9287145254120801,0.9287145254120801,magnetic_all_ties_better
Pb,27,2,1,0.9622277408852205,0.9802987282515415,0.15820089317310954,0.15820089317310954,magnetic_all_ties_better
Zn,27,2,1,0.9476800096399439,0.9597105346460014,0.9427971236733208,0.9427971236733208,magnetic_all_ties_better
Cd,28,1,1,0.9930889005296896,0.9930889005296896,0.6870290637308081,0.6870290637308081,magnetic_all_ties_better
Co,28,1,1,0.9713484012945791,0.9713484012945791,0.9329943228690802,0.9329943228690802,magnetic_all_ties_better
Cr,28,1,1,0.8959269007808747,0.8959269007808747,0.635633678360633,0.635633678360633,magnetic_all_ties_better
Cu,28,1,1,0.8432837399181864,0.8432837399181864,0.8833410726535291,0.8833410726535291,nearest_all_ties_better
Fe,28,1,1,0.9779517720797152,0.9779517720797152,0.9422440603059052,0.9422440603059052,magnetic_all_ties_better
Mn,28,1,1,0.9739948221656821,0.9739948221656821,0.9542027605187295,0.9542027605187295,magnetic_all_ties_better
Ni,28,1,1,0.9530336239704814,0.9530336239704814,0.9378292485645424,0.9378292485645424,magnetic_all_ties_better
Pb,28,1,1,0.983555509695414,0.983555509695414,0.9334062253803699,0.9334062253803699,magnetic_all_ties_better
Zn,28,1,1,0.9608374315969668,0.9608374315969668,0.9704517185127916,0.9704517185127916,nearest_all_ties_better
Cd,29,1,1,0.993514456071123,0.993514456071123,0.6871937044484104,0.6871937044484104,magnetic_all_ties_better
Co,29,1,1,0.9795446214490223,0.9795446214490223,0.9407730592313117,0.9407730592313117,magnetic_all_ties_better
Cr,29,1,1,0.9126945063062119,0.9126945063062119,0.6367790492819176,0.6367790492819176,magnetic_all_ties_better
Cu,29,1,1,0.8619862187568175,0.8619862187568175,0.9016121197648016,0.9016121197648016,nearest_all_ties_better
Fe,29,1,1,0.9830754890115696,0.9830754890115696,0.9480354363126872,0.9480354363126872,magnetic_all_ties_better
Mn,29,1,1,0.9829035766250557,0.9829035766250557,0.963524753838032,0.963524753838032,magnetic_all_ties_better
Ni,29,1,1,0.9746968817665458,0.9746968817665458,0.9597550867293582,0.9597550867293582,magnetic_all_ties_better
Pb,29,1,1,0.987038545605984,0.987038545605984,0.9382557863598915,0.9382557863598915,magnetic_all_ties_better
Zn,29,1,1,0.9612302181216101,0.9612302181216101,0.9707480771855708,0.9707480771855708,nearest_all_ties_better
Cd,30,1,2,0.993540817145183,0.993540817145183,0.686986841193675,0.6906139714457014,magnetic_all_ties_better
Co,30,1,2,0.9872176801459273,0.9872176801459273,0.9447535988531975,0.9497666036408108,magnetic_all_ties_better
Cr,30,1,2,0.9811182127639854,0.9811182127639854,0.6381971155667077,0.7019294188252918,magnetic_all_ties_better
Cu,30,1,2,0.8873758561684812,0.8873758561684812,0.9266576019717755,0.9604688395039779,nearest_all_ties_better
Fe,30,1,2,0.9963634090083001,0.9963634090083001,0.9505929212464949,0.9619083789102102,magnetic_all_ties_better
Mn,30,1,2,0.9929206937851699,0.9929206937851699,0.9528748307254702,0.9711987530913436,magnetic_all_ties_better
Ni,30,1,2,0.9828822438636523,0.9828822438636523,0.9521034571266044,0.9681911442969839,magnetic_all_ties_better
Pb,30,1,2,0.9890918016552278,0.9890918016552278,0.9411865452912046,0.945286952000318,magnetic_all_ties_better
Zn,30,1,2,0.9628388647615104,0.9628388647615104,0.972265928172591,0.9764834736459541,nearest_all_ties_better
Cd,31,1,1,0.9968281394267291,0.9968281394267291,0.6906362276586299,0.6906362276586299,magnetic_all_ties_better
Co,31,1,1,0.9881639205426209,0.9881639205426209,0.9546488336047815,0.9546488336047815,magnetic_all_ties_better
Cr,31,1,1,0.9810954342838755,0.9810954342838755,0.7033672823159826,0.7033672823159826,magnetic_all_ties_better
Cu,31,1,1,0.9267627876687315,0.9267627876687315,0.9762715911018491,0.9762715911018491,nearest_all_ties_better
Fe,31,1,1,0.9966459168167098,0.9966459168167098,0.9613988948383071,0.9613988948383071,magnetic_all_ties_better
Mn,31,1,1,0.9964545343888738,0.9964545343888738,0.9674193523326574,0.9674193523326574,magnetic_all_ties_better
Ni,31,1,1,0.9999999999999998,0.9999999999999998,0.959952541191438,0.959952541191438,magnetic_all_ties_better
Pb,31,1,1,0.9920228080223037,0.9920228080223037,0.9483797914792046,0.9483797914792046,magnetic_all_ties_better
Zn,31,1,1,0.9750246563396934,0.9750246563396934,0.9835120924179042,0.9835120924179042,nearest_all_ties_better
