ID,Cd_F1,Co_F1,Cr_F1,Cu_F1,Fe_F1,Mn_F1,Ni_F1,Pb_F1,Zn_F1,Cd_F2,Co_F2,Cr_F2,Cu_F2,Fe_F2,Mn_F2,Ni_F2,Pb_F2,Zn_F2,Cd_F3,Co_F3,Cr_F3,Cu_F3,Fe_F3,Mn_F3,Ni_F3,Pb_F3,Zn_F3,Cd_F4,Co_F4,Cr_F4,Cu_F4,Fe_F4,Mn_F4,Ni_F4,Pb_F4,Zn_F4,Cd_total,Co_total,Cr_total,Cu_total,Fe_total,Mn_total,Ni_total,Pb_total,Zn_total,direction,distance_m,latitude_text,longitude_text,LF,HF,mass_g,XLF,XHF
1,0.0541546943660694,16.270840751952235,0.6470267844813883,1.6135203725063514,33.04269918803673,85.28647149446198,9.135797648770337,806.0582265529264,15.913524698739336,0.029538924199674216,34.698057989102956,0.3169286265360984,9.180374533225791,8105.250893955193,772.5447247219239,23.5607413047235,3197.3642986599402,112.89241639223316,0.027692741437194576,8.42947171486682,2.528437939644608,1.3353272048328424,477.38004879558326,91.70864555277991,14.745497959418792,4809.480751765793,30.610132802869185,0.023613639997061835,30.457528154573875,49.02036675927116,20.065516797954846,11392.586649006997,219.13424665871256,39.588456478004794,1827.0653135199661,225.85076498852075,0.135,89.85589861049587,52.512760109933254,32.19473890851983,20008.260290945807,1168.6740884278784,87.03049339091741,10639.968590498627,385.26683888236244,شمال,800,"32°23'43.71"""," 36°16'9.44""",124,120,13.04,9.5,9.2
2,0.6617852846371289,21.468266065996026,0.5292612370362386,3.198576715376445,25.112358718783277,54.25036507603084,12.308079178374319,65.3168668517327,11.73176882548277,0.5046112795358106,40.08870091915585,1.0342786515118707,14.270573037833369,6941.865104558875,737.7722840912026,32.74828209960311,111.97177174582747,108.0779618269148,0.16544632115928223,8.981621517406502,4.131283756721718,4.264768953835259,3942.79166232313,99.84028030558687,25.49530686948966,142.76400897593004,34.160150403611595,0.17091937955592582,36.927533669089264,87.44825998532866,16.316021839922815,9633.698504668268,234.86792089732265,47.69380681620049,167.95765761874122,87.99365684181402,1.5027622648881476,107.46612217164764,93.14308363059848,38.04994054696789,20543.467630269057,1126.730850370143,118.24547496366759,488.01030519223144,241.9635378978232,جنوب,0,"32°23'12.74""","36°16'8.77""",123,120,12.32,10,9.7
3,1.8138439159178705,25.86790346053625,0.3382770722874179,2.1147915589637547,35.01451209051252,44.461699177036344,11.186913145539906,128.51130529225912,9.703424089568133,2.2470006719579585,41.80103240362016,6.170171321304059,11.084424722844503,7237.747226467156,566.7932575761693,51.45980046948357,115.39790679304899,99.09680447027552,0.2707229725250552,10.497120244855287,2.6405080822435134,3.6461923430409566,4143.131300753285,84.66404229845743,29.64531983568075,119.76903962611905,28.969642934072976,0.3995409177455081,34.453396433910264,54.32760602416501,17.00875804181745,10633.093853425944,191.3877885827456,40.086438771518004,189.7071649552396,116.57438819007926,4.731108478146393,112.61945254292196,63.4765625,33.854166666666664,22048.986892736895,887.3067876344086,132.37847222222223,553.3854166666667,254.34425968399592,جنوب,200," 32°23'4.58""","36°16'9.51""",139,135,13.17,10.6,10.3
4,2.4446916080130197,25.377482817138624,1.286503386060125,2.939965753174408,41.456330122094776,71.02037190469781,8.89556055930837,112.00354660382287,8.923403000650062,5.438191536192228,43.93076857420636,11.063929120117075,11.15457594586761,7818.868421526957,541.6506779050676,42.031523642732054,117.5006531856056,83.00840000604707,0.5488083201661881,13.648394120141779,2.0417132421026114,2.1617395243929476,970.0107161901525,75.46377369227014,24.685180552080734,72.14952388589818,23.20084780169016,0.49087723940758576,37.031304634796456,28.843405915468008,14.829533137335618,12979.58257675485,159.62801475569,41.14196758680122,163.53892080803587,92.40067502696783,8.922568703779021,119.98795014628321,43.23555166374781,31.085814360770577,21809.918044594055,847.7628382577255,116.75423234092237,465.1926444833625,207.53332583535513,شمال,400," 32°23'30.71"""," 36°16'9.39""",96,94,12.33,7.8,7.6
5,2.9743068978011302,19.583251505424077,6.140857276393535,2.5476171152042872,28.4631715024072,68.26979208169392,13.29487988359042,115.04033011396406,3.058065340123071,2.544286623420244,28.20706868212459,12.163621143625653,3.770473330502345,3373.8111965982434,817.3495129426697,29.297976039764077,26.8055138129625,38.70506579737857,1.3617308688728067,16.70864577985724,8.85700568710606,2.5476171152042872,3468.8601922384482,155.04190613243102,33.23719970897605,84.88412707438127,23.91680952573865,1.7276217374060543,38.86057554392445,40.948889626720344,22.569849547017824,11547.168524397794,230.0000622649489,48.7478929064982,157.4823936511547,120.17758352227115,8.607946127500236,103.35954151133035,68.1103737338456,31.43555710792874,18418.303084736894,1270.6612734217435,124.57794853882875,384.2123646524625,185.8575241855114,غرب,200,"32°23'14.61""","36°15'58.77""",133,130,12.62,10.5,10.3
6,6.160263719590202,23.823815269417818,14.546684893160604,3.053577449538281,52.72076016764748,87.27827674823709,15.394622970883942,214.84187201160833,5.608094673589213,4.293517137896202,35.735722904126725,25.736442503284138,4.738309835490436,1591.3062099581757,808.0163901615193,28.721311512843176,42.06693997430092,39.9518810630901,0.8400359617623003,17.61391415171991,15.345953293883714,0.5264788706100485,723.027568013451,112.91682887387071,23.436590194480026,103.66495922238444,11.726016135686537,5.601832230317573,45.83861996110241,50.417850717613774,25.075135649415387,21008.787429760458,243.31697748992627,53.536524659939666,259.913593412645,120.21789975814455,16.895649049566277,123.01207228636686,106.04693140794224,33.39350180505415,23375.84196789973,1251.5284732735533,121.08904933814681,620.4873646209387,177.5038916305104,شرق,1200," 32°23'15.67"""," 36°16'57.73""",123,119,12.72,9.7,9.4
7,1.265487210174613,21.682078271142167,0.4061619480695,2.0109719850273993,54.12366009744922,75.53345990671272,16.987156052740616,159.5733357662014,14.047322409029004,1.102198537894018,30.56817592324961,15.945149673284206,6.946994130094651,1405.2821746730565,770.3479438271638,18.230118690746025,5.740048049143935,28.86931333326181,1.2246650421044647,21.295821890227025,34.282071797561045,1.3711172625186814,733.0856461413434,179.14887555629187,29.209621993127154,32.14426907520603,16.422972522320677,3.0524921276946917,41.86975151298872,76.68620420995124,26.78431868421493,19166.905136216727,209.75522120866802,52.41159123589483,191.71760484140745,146.37305606906867,6.644842917867788,115.41582759760753,127.31958762886597,37.113402061855666,21359.396617128576,1234.7855004988362,116.83848797250862,389.17525773195877,205.71266433368015,شرق,400," 32°23'15.07""","36°16'27.51""",106,102,12.18,8.7,8.4
8,2.7373865856336503,21.4847211929533,0.45803716012868256,4.7345054676233875,64.56494997373328,53.81011807842603,13.967420570813145,168.553598415759,109.73797144600847,3.4543211675853214,39.54102942958427,3.148751450361435,9.160238839532205,328.20516236647745,444.8971223934048,24.232633279483043,74.16358330293397,148.3447586125432,0.8798742596679593,13.229640584396778,33.28680104667803,3.80818918047968,131.82010619637214,82.79665732984176,16.82821755519656,87.6478711761947,110.94227386024936,2.116146244736969,45.25929673609425,105.97797738645056,32.377841956629666,20623.8897344668,200.51965736013892,47.28729133010233,192.1511021939653,276.6227558594742,9.1877282576239,119.51468794302859,142.8715670436187,50.08077544426494,21148.47995300338,782.0235551618115,102.31556273559507,522.516155088853,645.6477597782751,شرق,0," 32°23'15.17""","36°16'11.14""",238,235,11.92,20,14.7
9,0.38564205440657806,16.899235605194693,0.3065085978993245,2.5659840735162707,27.432380492152078,77.00753195369604,16.919277529406944,206.87936191425723,6.098754363435738,0.32136837867214846,31.012882923818832,0.2998933044194829,3.6886021056796405,775.8859855616148,802.2408396027262,17.999231414262702,16.601430277070023,23.932353329620238,0.11997752803760209,14.14354424141086,30.99448085421594,2.806545080408421,490.0979022254632,159.96525394636748,26.098885550680926,37.03395984884852,11.493259978863877,0.11804424085595353,36.773215027668236,65.60749211883913,21.846146905899154,16205.314091866883,223.39639390136352,46.43801704879777,256.68365274546727,117.7836410237058,0.9450322019722822,98.82887779809262,97.20837487537388,30.907278165503485,17498.730360146114,1262.6100194041533,107.45541154314834,517.1984047856431,159.30800869562566,شمال,200," 32°23'24.43""","36°16'9.32""",110,108,12.69,8.7,8.5
10,1.4374219480375832,15.936278519559217,8.95147423798354,3.7243004646437265,62.69581856052475,90.6544794358582,17.013668608339586,115.57219274467965,9.178468780175443,1.8520628945868864,43.02795200280989,0.28346028074334023,3.6079160751236095,680.6258062930565,1641.2070912027164,33.81729192521819,66.91021685218294,70.94956367075616,1.7414919755070721,19.621851291729726,7.849754331770185,1.0474595056810478,285.8929326359929,211.8948175309385,19.534212105871376,23.114438548935926,9.18654969224209,0.3263676227625982,41.46886097736693,51.54672011195753,21.89888673210511,19623.12462533003,288.06670688564,48.73050761894794,203.1637493511737,117.48090267803772,5.35734444089414,120.05494279146576,68.63140896245459,30.278562777553493,20652.339182819604,2231.823095055153,119.09568025837709,408.76059749697214,206.79548482121143,جنوب,400," 32°22'57.95"""," 36°16'9.28""",138,133,14.45,9.55,9.2
11,0.04484260888015825,17.551512123122745,8.546302264525751,2.9645161533191295,61.042984100971125,69.93242162703721,6.945291935424661,152.0965460142918,98.38488269293879,0.03119485835141443,44.65637894617304,0.2087676054606754,4.50167267726238,1540.3815519229431,1147.2480582331023,37.11390377992553,68.4434457064313,386.1714999092884,0.02827034038096933,21.20736065290279,9.164107247503516,2.195937891347503,641.9051296867743,131.13442628662267,26.478925503806522,15.20965460142918,183.61700162783418,0.03069219238745799,43.317162184652496,44.996796260213884,28.191450649119243,19115.372641410915,246.47334998549067,50.78744727779283,214.0215683201106,1078.290842059456,0.135,126.73241390685108,62.91597337770383,37.85357737104825,21358.702307121606,1594.7882561322526,121.32556849694953,449.77121464226286,1746.4642262895175,شرق,200,"32°23'14.71""","36°16'19.22""",131,128,13,10.1,9.8
12,0.883651103169214,18.125369220034166,0.23728462715608675,2.8394506494364036,35.260589423134455,52.97721427298058,10.356455758766996,72.05448776780368,487.7924286714603,3.421797888868022,42.36532082754973,0.2321633762102719,17.190187715506877,8118.517509720206,499.67613773426046,42.40284716325355,243.18389621633742,536.69815185719,0.11280652380883584,17.74067247318798,6.8866065755680435,5.218449842207443,1100.5874717165393,91.73097413025823,15.046171574057714,3.8707094392962,86.3946693591964,0.7399252556939756,28.385075957100764,26.383605847709042,16.54555567617536,12616.812155781496,203.14470892927793,30.873962450663875,173.3811111912776,146.9047940332898,5.158180771540048,106.61643847787265,33.73966042664345,41.79364388332608,21871.177726641377,847.5290350667773,98.67943694674213,492.4902046147149,1257.7900439211364,شمال,0,"32°23'17.13""","36°16'9.09""",441,439,12.96,34,33.87
13,0.05477911626783168,21.07706646847919,0.22063482244724938,2.0308924724395423,33.520191294904244,85.62994097422262,11.21703577856311,129.66141368508204,6.566550980640735,0.03722170720762923,32.81316029751874,0.21587291980450302,17.62814666077523,8202.838744858514,807.356184291776,26.54698467593269,143.92416919044106,51.969560618213826,0.009832149073713383,19.944018425844934,3.447492751719786,1.381006881258889,718.7608231759795,96.9754940820258,22.621022153435607,6.718959026360479,17.248025524550794,0.0331670274508257,44.50921185280027,36.423283269306154,17.27558372755972,10954.030271216685,204.72485576088945,52.159216370318475,215.23794671723624,102.29589331841879,0.135,118.34345704464315,40.3072837632777,38.31562974203338,19909.150030546083,1194.6864751089138,112.54425897824987,495.54248861911987,178.08003044182414,شرق,700,"32°23'15.44"""," 36°16'38.49""",98,95,11.72,8.4,8.1
14,0.05196093696722434,17.887481828353646,0.0716293626901146,1.7178460375430589,22.04154942461055,24.509067640900426,5.556390609193207,275.7342775082924,35.66582644201813,0.056291015047826375,36.52027539955537,0.07008340522198264,8.276894544525645,4053.7367348708003,340.88570479895424,23.053109974312246,375.74152841803584,124.37139478065042,0.0017948370229640264,17.218316486477676,0.5591212843077291,2.7069089076436073,4299.051295429783,54.223600975443425,12.413213063091208,14.28675012996334,38.42302984481619,0.024953210961985266,22.516260020778496,1.8377524628086062,8.825564157728794,10956.231993415986,115.28637226746697,15.84162429004021,278.5916275342851,60.67741826477533,0.135,94.14233373516518,2.5385865150284324,21.527213647441105,19331.06157314118,534.9047456827651,56.86433793663687,944.3541835905767,259.1376693322601,غرب,0," 32°23'15.01"""," 36°16'6.58""",110,109,12.44,8.84,8.76
15,0.06196123909112352,15.126140569965402,0.14349933129124998,1.0981839175671775,53.217910795261275,51.109241584321055,13.166970632248407,132.45742936789742,53.29927243873899,0.0559890714678827,27.908794572753067,0.006395597588432065,11.177943446665914,170.29731454483607,407.79181518174073,15.775521417882526,133.84441815709008,72.58940363011794,0.009704772387766333,20.9851867777447,0.05102370134888816,1.6472758763507658,149.5423293346842,89.06659364042918,9.316252805836138,3.487941708328029,70.78161832537506,0.007344917053227457,37.210846657444215,0.851269921959982,9.224744907564292,20703.508976437206,200.1044686333701,33.29007669285447,98.47620403267767,312.85281642857296,0.135,101.23096857790738,1.0521885521885521,23.148148148148145,21076.56653111199,748.072119039861,71.54882154882155,368.26599326599325,509.52311082280494,جنوب شرق,0," 32°23'12.63""","36°16'10.54""",121,120,12.81,9.44,9.36
16,0.013233142087291816,8.972799093329105,2.0804871696223572,1.6932254869705898,38.68928078635074,94.98211375618749,13.072453861927546,134.84932501710958,6.706081078274856,0.061203282153724656,32.58542828630043,0.036499056381515106,3.6686552217696113,5004.292179979487,986.2406597076522,22.110199741778686,111.14853455955698,38.2665751529059,0.0215038558918492,19.90186430803255,0.2911873248084109,1.8813616521895442,455.1912321088001,148.49453162904973,18.559656717551455,4.027002941180035,20.86397531268135,0.039059719867134336,50.354114514299226,4.694099176460442,21.57169270400532,15363.271058179507,255.86868150116177,38.24903167008429,115.23487774189363,110.40150340986918,0.135,111.81420620196131,7.102272727272726,28.814935064935064,20861.443751054143,1485.585986594051,91.99134199134198,365.25974025974017,176.2381349537313,غرب,600," 32°23'14.67""","36°15'43.28""",142,138,13.18,10.8,10.5
17,0.057485255597107134,10.3257606659421,0.000929698207659724,2.4349613318976657,15.436049492161194,60.48552396377548,10.909364347543859,71.08528178690122,50.99526776593006,0.022290201149898686,20.2913203784211,0.000909632778717428,3.9568121643337064,2690.8999904829952,862.248877640808,18.947843340470907,34.07046050141419,59.41805453843815,0.02463653811304591,6.4620571465453756,0.0072569968007971265,0.9131104994616246,270.988424417941,77.71993635956737,14.92860384400739,7.150590475605449,17.61164758150379,0.030588005139948277,26.945559045028837,0.5169979483071018,29.82827631574641,7486.956712605187,162.13042881049338,34.73771279086333,73.60901960182079,41.08958416149104,0.135,64.02469723593741,0.5260942760942761,37.133160311439404,10464.281176998285,1162.5847667746443,79.52352432288548,185.91535236574165,169.11455404736304,جنوب غرب,600," 32°22'56.56"""," 36°15'58.87""",106,104,13.28,8,7.8
18,0.04980733024295714,10.019714040592307,0.0025913589699311664,2.4666175257425382,27.44114420295477,82.50932701729631,5.623338840897551,46.843050332049934,39.43053757156285,0.044524734611128346,13.978119587492973,0.0025354303590693424,2.4666175257425382,834.2107837698247,920.6792287727552,17.29176693575997,43.81004707314023,79.5763160235929,0.0005731415974694137,8.416207459238489,0.020227514261692912,0.7589592386900117,136.1603440927565,154.55734876859597,13.496013218154124,9.436010138830206,33.79583650438851,0.04009479354844512,31.654989249673118,1.5748163812823595,26.311219407285975,10034.821973711445,272.77227544506917,36.129952052766775,54.59405866037475,106.22595899101721,0.135,64.06903033699689,1.6001706848730528,32.00341369746106,11032.63424577698,1430.5181800037165,72.54107104757841,154.68316620439512,259.0286490905615,شرق,600,"32°23'14.49"""," 36°16'32.45""",131,122,13.45,9.7,9.1
19,0.039243660537889254,9.501320726194882,0.019720632480889375,3.138415659455853,23.13495451693586,66.61426890237608,7.085485117680667,45.768551004122116,12.280021585958325,0.06238735777818293,18.402558038103773,0.01929500731943133,3.2505019330078477,485.3713457653144,1073.1142380992144,21.872584493709883,29.33881474623213,42.248793366521795,0.0006978831770652806,6.29685052266251,0.1539344333939926,0.5604313677599738,192.7141711260757,143.49823759386845,18.483874220036522,20.537170322362485,17.97482289696786,0.032671098506862534,28.538951562389766,19.089091442707414,25.044556962457715,9082.939379405498,256.7257068577207,46.825814690759195,50.75614951098158,95.36885709399374,0.135,62.739680849350925,19.28204151590173,31.99390592268139,9784.159850813823,1539.9524514531795,94.26775852218626,146.40068558369833,167.8724949434417,شرق,360,"32°23'12.17"""," 36°16'22.91""",194,191,13.38,14.5,14.3
20,0.06385888617203181,11.325838786525066,0.06603875645573268,3.133812021636163,23.724995314737,66.65093876183224,12.413050640606222,48.87263379679321,9.677875567496924,0.060956209527848554,11.325838786525066,0.0646134595538104,2.205275126336559,136.6883252792234,475.8877027594821,16.06394788784334,21.721170576352538,14.428832664268139,0.0006652254481062645,7.336947769470919,0.5154823795285608,1.8570737905992079,114.31134106191465,105.70054758935277,11.682871191158798,27.422977852645076,9.970605001697164,0.009519678852013361,20.622772108783128,20.801180705228955,25.70654394636953,10320.587709998845,187.51425873857795,31.835823995907717,48.329604532384394,82.74670319165497,0.135,50.611397451304185,21.44731530076706,32.90270488494146,10595.31237165472,835.7534478492452,71.99569371551608,146.3463867581752,116.82401642511721,شمال,930,"32°23'43.17"""," 36°15'57.07""",97,95,12.6,7.7,7.5
21,0.05013838748481978,10.8100456583036,0.0009658702680018284,3.0573799876893095,17.208247976569343,39.93765146377633,10.529393171387749,33.38693912845105,9.433659115827743,0.05720013220099157,10.727526225797465,0.0367254306701115,3.0573799876893095,80.38373369876912,221.16086502357396,14.715778408204562,30.00598326734208,18.728587950540366,0.026834629921452836,4.273637978212432,0.007539347055985493,3.1749715256773605,82.74102794213479,42.87527206181241,8.372770473633631,34.65479757636692,21.18785107576916,0.0008268503927358117,11.480164765002021,0.48086362810017724,14.404963403536172,8731.842394484962,116.07775400726696,20.551345708009823,31.696461197896564,70.32250710723383,0.135,37.29137462731551,0.5260942760942761,23.694694904592154,8912.175404102434,420.0515425564297,54.169287761235765,129.7441811700566,119.6726052493711,غرب,770,"32°23'11.57""","36°15'39.40""",62,59,11.1,5.6,5.3
22,0.06597159384694934,13.010442449946895,0.02246453901512422,2.9562998157550875,46.88283645797915,52.70087636665234,6.696555485595036,27.95806615898527,0.8935018522677918,0.017643565796277152,12.359920327449549,3.982423657382709,4.093338206430121,621.0742071828081,884.3177694504561,14.509203552122575,7.4939146405527515,23.358691280715135,0.00383555778179938,6.417180636966286,0.43182907128246234,0.7959268734725237,180.37554447780403,204.78474242752097,8.184678926838377,31.705023479261655,11.491235573280726,0.04754928257497415,23.1207243537756,8.9796456322792,27.188861997821405,9615.619552625772,230.69951877009495,42.163497501894675,20.175924032257413,99.2639967021338,0.135,54.90826776813832,13.416362899959497,35.034426893479136,10463.952140744364,1372.5029070147245,71.55393546645065,87.3329283110571,135.00742540839744,جنوب شرق,600,"32°23'8.18""","36°16'31.23""",110,107,14.14,7.8,7.6
23,0.04187149423733657,7.981875403471961,0.029537323048111092,2.6936490711892476,39.145742908296526,51.641279829872346,21.618150684931507,28.89554794520548,7.295035978948544,0.047024908912701065,7.981875403471961,7.494529165878361,1.8738428321316503,157.67035338063883,546.1173227691095,20.134552108514637,18.461044520547947,13.617400494037286,0.00047023201844089845,4.670927979195009,5.880322883996869,0.5855758850411408,150.6023720221964,85.80507916021966,23.313691915122217,30.233304794520553,9.574690081133078,0.04563336483152147,11.81470018266973,12.815644873651998,23.528439060953033,10527.90768954927,164.83308138706445,43.024358716089175,33.44392123287671,80.0516809947898,0.135,32.44937896880866,26.22003424657534,28.68150684931507,10875.326157860403,848.396763146266,108.09075342465754,111.0338184931507,110.53880754890871,شرق,500,"32°23'12.24"""," 36°16'28.68""",118,114,13.27,8.9,8.6
24,0.721746721235355,11.634729198940875,0.015540616874933032,3.1879634116168902,23.00547734179644,60.28837985750627,9.364124395146542,23.406464427591185,22.327838987925837,0.49720329685102244,16.77078082730217,1.1882811740098382,3.702151058651872,548.0865371100514,770.8938332064713,15.346759425379048,6.0581437342000735,83.55197450127264,0.005977069447922622,5.109117131289575,3.238066199176809,0.7198627058489752,132.97671518444974,164.22912141343502,10.664697227805783,24.50794510653666,21.624464964951912,0.4181798222437265,26.184225297859076,17.497440287294868,29.22642585746839,9954.756013695489,282.1548067870473,45.520049143073464,28.638497652582156,150.4750536665437,1.6431069097780266,59.698852455391695,21.939328277356445,36.83640303358613,10658.824743331785,1277.56614126446,80.89563019140483,82.61105092091007,277.9793321206941,جنوب شرق,400," 32°23'6.42""","36°16'20.45""",163,159,13.5,12.1,11.8
25,0.9374081246443066,15.739045307954584,0.0357738575423712,3.2914755757557743,20.041293148521568,66.69018649954258,4.860531090838056,37.5909067464411,5.4552179736712265,0.9793816227627085,20.089675718283488,0.03500175989757182,2.7850947179471945,413.4709645998558,695.4515100520864,15.526696540177124,7.117804827728492,28.064796081417025,0.012672766990812108,8.446133704991105,13.84268398172785,2.405309074590759,340.4633967016699,118.51076619874122,19.307109610828952,16.904786465855167,15.767128509656686,0.12389144373526366,18.581494150980433,20.90189010167809,26.797674995230096,9351.44668471275,185.35444541364225,30.1082898126913,27.35906230658139,103.79156118277317,2.0533539581330906,62.85634888220961,34.815349700845886,35.27955436352382,10125.422339162797,1066.0069081640124,69.80262705453544,88.97256034660614,153.0787037475181,شمال,260," 32°23'22.60"""," 36°16'12.81""",119,114,13.53,8.8,8.4
26,0.08186706626988906,9.900378483356517,0.04288858085616833,2.7006323661535174,19.94416241474659,57.18436871258438,9.125523351397831,67.93412624032618,7.480009725765532,0.06627333936133878,21.931218159334062,0.041962928031934486,3.314412449370225,2234.8750877888774,778.4940777644422,18.369559993073562,8.963530545598594,39.59459693680019,0.0014533870800659068,5.090448160114336,16.63616883392751,1.5958282163634416,303.4515034071659,93.64318580182467,12.443895479178861,40.10000507241476,14.764329315353468,0.1457533090475967,23.03427792451737,44.29892149349516,30.195524973929185,8379.344463190137,264.94374960463364,34.84290734170081,45.28941749355079,103.08841023070526,0.29534710175889045,59.95632272732229,61.019941836310764,37.80639800581637,10937.615216800925,1194.265381883485,74.78188616535107,162.28707935189033,164.92734620862444,شرق ,400,"32°23'15.33""","36°16'24.14""",155,150,13.44,11.53,11.2
27,0.04037402526186648,7.8004488508829715,0.07118540195196646,2.1813829051070943,18.95000727227098,32.3507256621613,3.18973018799822,52.990168976383195,6.020587506830011,0.06751066519197346,9.126525155533079,0.06964902637026933,5.089893445249888,68.14714153682067,82.86446467278182,6.432622545796411,34.90821558159839,19.56690939719753,0.025812901396931025,5.78247514815919,0.5556558353804576,5.505394950984572,39.35770741163972,29.266440376573893,5.528865659196916,34.90821558159839,28.889114076193124,0.0013024081492290394,6.970654973123409,22.36819690490812,8.856414594734803,6201.328353853041,71.71239658639979,4.997243961197212,53.492445459571655,50.35182063078073,0.135,29.680104127698648,23.064687168610813,21.633085896076356,6327.783210073773,216.1940272979168,20.14846235418876,176.29904559915164,104.8284316110014,جنوب غرب,1150,"32°22'59.26""","36°15'29.19""",44,42,12.74,3.5,3.3
28,0.07436549118993342,10.855210718411925,3.1963168054830002,2.1345071202945625,30.612755123203616,45.54958863908978,8.126530907085021,37.89830204984669,4.551924937336489,0.12856406951480012,15.369258739929755,0.12647714793646977,2.298699975701837,135.26566217229507,534.4580259439282,17.01153803216464,22.875551687745304,9.908763430665408,0.0008715168451340958,7.530733806795779,4.794475208224501,2.2166035479982,278.12518608057854,116.01580178451553,13.110803196763829,7.169949036457482,10.81806153499488,0.06696657582421316,18.990546121485007,79.96119208383307,19.630897792493684,9112.617646256029,159.7275619407459,24.59630021211067,17.754159518847096,82.8992758931673,0.2707676533740808,52.745749386622464,88.07846124547704,26.280708436488286,9556.621249632106,855.7509783082794,62.845172348124166,85.69796229289658,108.17802579616408,غرب ,1150,"32°23'12.46""","36°15'24.72""",96,93,12.99,7.4,7.2
29,1.475038785989064,6.391174986235905,0.09543492136645773,2.7533212682744796,21.572245269466922,148.1736069051688,10.86142086274312,70.14527152868615,74.71300823357345,0.9764341259364224,21.30391662078634,0.09337517486214568,3.6710950243659726,408.11677969096144,971.2195962578111,17.944956208010375,52.60895364651461,113.92817513402652,0.16352342405517906,5.4084246529550475,0.7449416523928534,0.7509058004384943,139.46707406771637,146.90716582050925,14.757365302640112,8.554301405937334,22.01471876674948,0.5314511281793319,30.407365271058378,76.34840592772709,24.77488537580072,9767.464403567463,223.79466514848775,34.23708750212506,73.56699209106108,142.81840852333323,3.1464474641599973,63.510881531035665,77.28215767634855,31.95020746887967,10336.620502595608,1490.095034131977,77.80082987551867,204.87551867219918,353.4743106576827,جنوب,310,"32°23'4.54""","36°16'12.65""",142,139,12.44,11.4,11.2
30,1.4303089711875026,7.637470943529394,0.12743817182552566,2.2188926552442716,26.597462622738473,182.423645915076,7.717801068809811,75.02964367173695,21.54116614541095,1.1735868481538483,12.815417345922206,0.12468770768540642,2.711979911965221,610.7744598639763,460.94609943578655,10.178549235676707,61.789118317901014,73.4104581424279,0.10825087219049419,4.995195352896592,0.9947511973431321,1.7258053985233224,388.564749406734,119.14254543534494,9.507436099258463,1.6049121641013249,28.510010877976807,1.1546759700319382,29.445362080232538,48.177809115614565,23.67805006773999,9439.748270778942,163.7260679666607,29.08156924479059,83.8566605742942,150.12031306393882,3.866822661563783,54.893445722580736,49.42468619246862,30.3347280334728,10465.684942672391,926.2383587528682,56.48535564853557,222.2803347280335,273.58194822975446,شمال,480," 32°23'30.45""","36°16'7.13""",107,103,12.72,8.4,8.1
31,1.250408747455179,6.431612898328506,0.36948141140241675,2.113375731116883,24.03118938567283,85.15438949026094,7.542495901259794,36.20075984803038,15.768740139617673,1.3129291848279379,13.87874362270888,0.03629539458789912,1.3585986842894249,231.30019783710097,432.25304263449584,11.951955043534749,46.36672665466906,51.372741530925104,0.24605199618170168,5.614517543964788,0.28956252299904817,4.807929788290909,139.43096341478923,161.05947408646958,9.979302269359113,30.99380123975204,30.923536659426194,0.5074822421247598,28.87466165467606,34.0477120607327,24.113617092043633,9675.085151723435,211.5163874526214,40.845516265283806,41.40771845630873,149.1332484386957,3.316872170589579,54.79953571967823,34.743051389722055,32.393521295740854,10069.847502360999,889.9832936638478,70.31926947943745,154.9690061987602,247.19826676866467,جنوب غرب ,150,"32°23'10.19""","36°16'5.64""",196,184,11.93,16.4,15.4
32,0.047322584403479695,9.113477403451922,0.030238521617831974,2.1948474126100095,16.974001748177255,51.18453920427354,8.137317228226319,38.73275056160963,3.6469402047511954,0.03748932011184755,14.095511717338974,0.029585891654857185,1.4314222256152234,299.4698879856987,537.8760009134198,14.185323276232365,56.254709149004455,9.810269150780716,0.0036280550952775483,1.60412250354258,2.317577993518433,1.5898329519166412,69.83589290678641,111.91791324373595,13.525540798268072,29.20326431232472,3.5922121401805533,0.0465600403893952,29.73796333490476,24.389749360360646,21.60302422898495,9597.43020106932,198.52526872293782,30.67988522533977,59.021334189119436,99.61629150027578,0.135,54.551074959238235,26.76715176715177,26.819126819126822,9983.709983709983,899.5037220843672,66.52806652806653,183.21205821205822,116.66571299598824,شمال شرق,250," 32°23'17.64"""," 36°16'18.07""",96,94,12.1,7.9,7.8
