element,target,magnetic_all_ties_better,magnetic_all_ties_better_budgets,nearest_all_ties_better,nearest_all_ties_better_budgets,overlap_or_equal,overlap_or_equal_budgets
Cd,total,21,"3,4,5,6,10,11,12,14,15,16,17,22,23,24,25,26,27,28,29,30,31",2,"19,20",8,"1,2,7,8,9,13,18,21"
Cd,F1,25,"3,4,5,6,10,11,12,14,15,16,17,18,19,20,21,22,23,24,25,26,27,28,29,30,31",0,,6,"1,2,7,8,9,13"
Cd,F1_plus_F2_plus_F3,19,"3,4,5,10,11,12,14,15,16,22,23,24,25,26,27,28,29,30,31",4,"6,19,20,21",8,"1,2,7,8,9,13,17,18"
Cd,minimum_four_fraction,25,"3,4,5,10,11,12,13,14,15,16,17,18,19,20,21,22,23,24,25,26,27,28,29,30,31",4,"6,7,8,9",2,"1,2"
Co,total,13,"14,15,21,22,23,24,25,26,27,28,29,30,31",13,"3,4,5,6,7,8,9,10,11,12,18,19,20",5,"1,2,13,16,17"
Co,F1,10,"22,23,24,25,26,27,28,29,30,31",17,"3,4,5,6,7,8,9,10,11,12,13,14,15,17,18,19,20",4,"1,2,16,21"
Co,F1_plus_F2_plus_F3,11,"21,22,23,24,25,26,27,28,29,30,31",15,"3,4,5,6,7,8,9,10,11,12,13,14,18,19,20",5,"1,2,15,16,17"
Co,minimum_four_fraction,12,"20,21,22,23,24,25,26,27,28,29,30,31",13,"3,4,5,6,7,8,9,10,11,12,13,14,19",6,"1,2,15,16,17,18"
Cr,total,13,"6,12,14,22,23,24,25,26,27,28,29,30,31",9,"5,8,9,10,11,18,19,20,21",9,"1,2,3,4,7,13,15,16,17"
Cr,F1,21,"11,12,13,14,15,16,17,18,19,20,21,22,23,24,25,26,27,28,29,30,31",5,"5,6,7,9,10",5,"1,2,3,4,8"
Cr,F1_plus_F2_plus_F3,12,"6,14,22,23,24,25,26,27,28,29,30,31",8,"5,8,9,10,11,12,19,20",11,"1,2,3,4,7,13,15,16,17,18,21"
Cr,minimum_four_fraction,17,"12,13,14,15,16,20,21,22,23,24,25,26,27,28,29,30,31",7,"5,6,7,9,10,11,19",7,"1,2,3,4,8,17,18"
Cu,total,24,"4,5,6,7,8,9,10,11,12,13,14,15,16,17,18,21,22,24,25,27,28,29,30,31",3,"19,20,26",4,"1,2,3,23"
Cu,F1,14,"4,5,6,7,8,9,10,11,12,13,14,15,16,31",12,"19,20,21,22,23,24,25,26,27,28,29,30",5,"1,2,3,17,18"
Cu,F1_plus_F2_plus_F3,2,"24,25",24,"4,5,6,7,8,9,10,11,12,13,14,15,16,17,18,19,20,21,22,26,28,29,30,31",5,"1,2,3,23,27"
Cu,minimum_four_fraction,0,,27,"5,6,7,8,9,10,11,12,13,14,15,16,17,18,19,20,21,22,23,24,25,26,27,28,29,30,31",4,"1,2,3,4"
Fe,total,13,"19,20,21,22,23,24,25,26,27,28,29,30,31",12,"3,4,5,6,7,8,9,10,11,12,13,14",6,"1,2,15,16,17,18"
Fe,F1,17,"14,15,16,17,18,19,20,21,22,23,24,25,27,28,29,30,31",9,"5,6,7,8,9,10,11,12,26",5,"1,2,3,4,13"
Fe,F1_plus_F2_plus_F3,13,"14,19,20,21,22,24,25,26,27,28,29,30,31",9,"4,5,6,7,8,9,10,11,12",9,"1,2,3,13,15,16,17,18,23"
Fe,minimum_four_fraction,18,"12,13,14,16,17,18,19,20,21,22,24,25,26,27,28,29,30,31",9,"3,4,5,6,7,8,9,10,11",4,"1,2,15,23"
Mn,total,28,"4,5,6,7,8,9,10,11,12,13,14,15,16,17,18,19,20,21,22,23,24,25,26,27,28,29,30,31",0,,3,"1,2,3"
Mn,F1,25,"3,4,5,6,7,8,9,10,11,12,13,14,15,16,17,18,19,24,25,26,27,28,29,30,31",3,"20,21,22",3,"1,2,23"
Mn,F1_plus_F2_plus_F3,28,"4,5,6,7,8,9,10,11,12,13,14,15,16,17,18,19,20,21,22,23,24,25,26,27,28,29,30,31",0,,3,"1,2,3"
Mn,minimum_four_fraction,24,"4,5,6,7,8,9,10,11,12,13,14,15,16,17,18,19,21,24,25,27,28,29,30,31",2,"20,26",5,"1,2,3,22,23"
Ni,total,20,"6,12,13,14,15,16,18,19,20,21,22,23,24,25,26,27,28,29,30,31",6,"5,7,8,9,10,11",5,"1,2,3,4,17"
Ni,F1,17,"12,14,15,18,19,20,21,22,23,24,25,26,27,28,29,30,31",7,"4,5,6,7,9,10,11",7,"1,2,3,8,13,16,17"
Ni,F1_plus_F2_plus_F3,14,"12,14,15,20,21,22,24,25,26,27,28,29,30,31",9,"4,5,6,7,8,9,10,11,19",8,"1,2,3,13,16,17,18,23"
Ni,minimum_four_fraction,17,"12,14,15,18,19,20,21,22,23,24,25,26,27,28,29,30,31",7,"5,6,7,8,9,10,11",7,"1,2,3,4,13,16,17"
Pb,total,16,"16,17,18,19,20,21,22,23,24,25,26,27,28,29,30,31",13,"3,4,5,6,7,8,9,10,11,12,13,14,15",2,"1,2"
Pb,F1,16,"16,17,18,19,20,21,22,23,24,25,26,27,28,29,30,31",12,"4,5,6,7,8,9,10,11,12,13,14,15",3,"1,2,3"
Pb,F1_plus_F2_plus_F3,16,"16,17,18,19,20,21,22,23,24,25,26,27,28,29,30,31",13,"3,4,5,6,7,8,9,10,11,12,13,14,15",2,"1,2"
Pb,minimum_four_fraction,18,"14,15,16,17,18,19,20,21,22,23,24,25,26,27,28,29,30,31",8,"5,6,7,8,9,10,11,12",5,"1,2,3,4,13"
Zn,total,15,"17,18,19,20,21,22,23,24,25,26,27,28,29,30,31",11,"5,6,7,8,9,10,11,12,13,14,15",5,"1,2,3,4,16"
Zn,F1,10,"11,12,17,18,19,20,21,25,26,27",11,"5,6,10,13,14,15,16,28,29,30,31",10,"1,2,3,4,7,8,9,22,23,24"
Zn,F1_plus_F2_plus_F3,14,"12,17,18,19,20,21,22,24,25,26,27,28,29,31",10,"5,6,7,8,9,10,11,13,14,15",7,"1,2,3,4,16,23,30"
Zn,minimum_four_fraction,13,"11,12,17,18,19,20,21,22,23,24,25,26,27",13,"5,6,7,8,9,10,13,14,15,28,29,30,31",5,"1,2,3,4,16"
