element,fraction,scenario,n,beta_absolute,beta_total,beta_allocation,decomposition_error,rho_XLF_absolute,rho_XLF_share,loo_absolute_min,loo_absolute_max,loo_allocation_min,loo_allocation_max
Cd,F1,all,32,1.7096671129080725,1.9499559066841623,-0.2402887937760905,6.938893903907228e-16,0.2510084510534726,-0.18976898965693506,1.4762776824308592,2.0944413615779935,-0.3555944498344797,-0.06621518180684223
Cd,F2,all,32,2.1094973139470397,1.9499559066841623,0.15954140726287663,7.216449660063518e-16,0.3606527561885906,0.00036670336165591324,1.8863809219559557,2.3943692548909197,-0.06414779893956238,0.3375572602642373
Cd,F3,all,32,1.3723775487317453,1.9499559066841623,-0.5775783579524172,2.220446049250313e-16,0.23909059179965542,-0.07572424418194608,0.899847134681678,1.788680557812888,-0.8266288149515708,-0.2681314368137945
Cd,F4,all,32,3.08400614406605,1.9499559066841623,1.134050237381888,-4.440892098500626e-16,0.4486615629860098,0.14851486147064485,2.644840741293868,3.97670466246232,0.6304639059691661,1.8160481190774846
Cd,F1,distance_adjusted,32,1.758940121020459,2.0852281128859236,-0.3262879918654647,5.551115123125783e-17,0.2510084510534726,-0.18976898965693506,1.470992035397361,2.1598337662101676,-0.47529839349406616,-0.15455221336783642
Cd,F2,distance_adjusted,32,2.1060369819126223,2.0852281128859236,0.02080886902669908,-3.191891195797325e-16,0.3606527561885906,0.00036670336165591324,1.8248864490535026,2.4528206250141498,-0.1609361636682975,0.20804177173344146
Cd,F3,distance_adjusted,32,1.0961318675456915,2.0852281128859236,-0.9890962453402323,2.220446049250313e-16,0.23909059179965542,-0.07572424418194608,0.3956460497402174,1.745107003909053,-1.4098532384023073,-0.6904940629724676
Cd,F4,distance_adjusted,32,3.6762772060598716,2.0852281128859236,1.5910490931739485,-4.440892098500626e-16,0.4486615629860098,0.14851486147064485,3.220669154080821,4.395551678306075,1.0715673744756158,2.139849524360212
Cd,F1,outside_only,27,1.7371504930994413,1.7848539247817081,-0.0477034316822667,-1.734723475976807e-16,0.1566890945990325,-0.07147221858903235,1.497788526861745,2.3772976187717414,-0.18177541616153545,0.05686948016227349
Cd,F2,outside_only,27,1.6506618647186238,1.7848539247817081,-0.13419206006308362,-7.494005416219807e-16,0.2605376173352333,-0.10415395956777791,1.3596983936870637,2.151175479746056,-0.2417892646529097,0.1198692786569497
Cd,F3,outside_only,27,0.5919804731835812,1.7848539247817081,-1.192873451598126,-8.881784197001252e-16,0.1389737583675629,-0.09224192313627252,-0.06247283279043609,1.5661039913159256,-1.655185740710884,-0.8237401303100584
Cd,F4,outside_only,27,3.992138015398421,1.7848539247817081,2.2072840906167124,4.440892098500626e-16,0.3872939024397138,0.2086133559671329,3.2443609132830478,4.747932431806127,1.6462961949502164,2.6569053345868476
Co,F1,all,32,0.17186125997324256,0.47473474212375166,-0.30287348215050913,0.0,0.06710671518303211,-0.49614964832045055,0.055683967393259974,0.2800669204928474,-0.46122366038496726,-0.25720719616559395
Co,F2,all,32,0.5961918926707611,0.47473474212375166,0.12145715054700926,1.942890293094024e-16,0.401356829332397,0.30711406538682734,0.4985089915557721,0.7024202320084827,0.06276159125627952,0.16776421997656385
Co,F3,all,32,0.40116341738957023,0.47473474212375166,-0.07357132473418164,2.0816681711721685e-16,0.16153283080942976,-0.20902091614387053,0.3189773849454641,0.4950298668497544,-0.25819995405665963,0.04935655944667085
Co,F4,all,32,0.571737934590873,0.47473474212375166,0.09700319246712132,-1.3877787807814457e-17,0.36230292131604225,0.20498717916565548,0.311932073230432,0.9041230917504096,-0.018812698348776045,0.31099796402452273
Co,F1,distance_adjusted,32,-0.04115045940682992,0.33737295392065325,-0.3785234133274832,0.0,0.06710671518303211,-0.49614964832045055,-0.21121571087949795,0.08804812306739682,-0.5107056819685568,-0.32887841808513163
Co,F2,distance_adjusted,32,0.3704919112488818,0.33737295392065325,0.033118957328228366,1.942890293094024e-16,0.401356829332397,0.30711406538682734,0.2201506609609406,0.4959016924235434,-0.01106690123401876,0.07358340284520808
Co,F3,distance_adjusted,32,0.16172317892828275,0.33737295392065325,-0.1756497749923709,3.885780586188048e-16,0.16153283080942976,-0.20902091614387053,0.06541371139389474,0.2690938455014156,-0.3276002733765556,-0.04734711363459177
Co,F4,distance_adjusted,32,0.590082849727168,0.33737295392065325,0.2527098958065143,3.885780586188048e-16,0.36230292131604225,0.20498717916565548,0.28778646142845427,0.8894827989845744,0.14121920331272222,0.4229870393185027
Co,F1,outside_only,27,-0.027089124008563583,0.5715235400610407,-0.5986126640696049,6.661338147750939e-16,-0.09621260194677432,-0.5644472647544093,-0.434165910413896,0.1973091292830691,-0.7371491713055025,-0.5403719712410601
Co,F2,outside_only,27,0.608324312743662,0.5715235400610407,0.03680077268262104,3.469446951953614e-16,0.3341478937453051,0.19547957220931925,0.40812972485377624,0.870889518550351,0.0113618634683721,0.10514646396217031
Co,F3,outside_only,27,0.285942886965228,0.5715235400610407,-0.28558065309581293,2.7755575615628914e-16,0.08827124432577073,-0.26023218050365626,0.14277457774456884,0.48611316057194476,-0.3811552061865312,-0.10987678586003821
Co,F4,outside_only,27,0.9688455623459934,0.5715235400610407,0.3973220222849523,4.440892098500626e-16,0.34361643552419396,0.34392187235577104,0.605033965649103,1.1489516177124988,0.3020507047574971,0.4238775251021713
Cr,F1,all,32,1.1994575812463741,1.0228344446740025,0.17662313657237177,-1.6653345369377348e-16,0.20865421278221463,0.04932160214272033,0.5756851515500978,1.7296315344114959,-0.010422073408662285,0.36639007269815366
Cr,F2,all,32,0.6142989701958294,1.0228344446740025,-0.4085354744781729,-2.7755575615628914e-16,0.07407407905449447,-0.08104144292595682,0.19395537635594937,0.9647315096812799,-0.8947939642094566,-0.15087135411438224
Cr,F3,all,32,1.6002867789967206,1.0228344446740025,0.5774523343227181,-1.1102230246251565e-16,0.2312064695240533,0.1208287576656234,0.9833648719233727,1.9287090305817807,0.35826146206530396,0.8799278132468513
Cr,F4,all,32,0.9851797308878081,1.0228344446740025,-0.03765471378619441,-4.163336342344337e-17,0.21947196195106405,-0.018335168082795658,0.5453710230179264,1.4181939315776313,-0.06906339555168305,0.016504301562333887
Cr,F1,distance_adjusted,32,1.2614949278664296,1.5598662469659963,-0.29837131909956727,5.551115123125783e-16,0.20865421278221463,0.04932160214272033,0.6052730092165095,1.7339348288568162,-0.5930008130223916,0.13275220289128314
Cr,F2,distance_adjusted,32,0.8593960046231381,1.5598662469659963,-0.7004702423428578,-3.3306690738754696e-16,0.07407407905449447,-0.08104144292595682,0.2521103664726817,1.31713942216362,-1.3177104318941046,-0.37427634823766787
Cr,F3,distance_adjusted,32,1.745792147827395,1.5598662469659963,0.18592590086139874,-2.7755575615628914e-17,0.2312064695240533,0.1208287576656234,1.097759338550131,2.2285727403845317,-0.007042203590730933,0.5646452604490172
Cr,F4,distance_adjusted,32,1.5078787816577712,1.5598662469659963,-0.05198746530822469,-3.7470027081099033e-16,0.21947196195106405,-0.018335168082795658,1.0507811493621841,2.0160797433941102,-0.09604856547786358,0.009371814473042037
Cr,F1,outside_only,27,1.7810261206787497,1.2208553634495771,0.5601707572291723,2.220446049250313e-16,0.14324987400964176,-0.05894930849437283,0.6853102899106353,2.512636274234719,0.2351267268804758,1.0639879349094314
Cr,F2,outside_only,27,0.2649402955632759,1.2208553634495771,-0.9559150678863024,1.2212453270876722e-15,-0.02046426771566311,-0.20403180349347697,-0.5058657526425404,0.9542310459122194,-2.5411947789331206,-0.42444028076945906
Cr,F3,outside_only,27,1.2142068706372777,1.2208553634495771,-0.006648492812300282,8.821068875342064e-16,0.12675628510448045,0.029321935831397885,-0.0006458851938690234,2.0136045049338795,-0.6729591809873497,0.6349331782522007
Cr,F4,outside_only,27,1.1600912959597516,1.2208553634495771,-0.06076406748982658,1.033895191682177e-15,0.12095298530451629,0.004276115642078859,0.3258643656510016,2.0979696608468887,-0.14874659901196133,0.06264063455630849
Cu,F1,all,32,0.1681906285834796,0.3068279262059606,-0.13863729762248106,5.551115123125783e-17,0.17418409678655877,-0.21305465312208557,0.06968586735439106,0.20993117755443638,-0.19335998494162093,-0.08041288541648535
Cu,F2,all,32,0.40469534322802747,0.3068279262059606,0.09786741702206686,0.0,0.12706271481377393,0.029886323974956927,0.0259095510150432,0.5920123547745845,-0.33516385208247507,0.2867276073543018
Cu,F3,all,32,0.12345892301730409,0.3068279262059606,-0.18336900318865632,-1.942890293094024e-16,-0.01081774916884944,-0.09900990764709656,-0.3170426257599827,0.5299376018901706,-0.6781160288575011,0.24772365020384587
Cu,F4,all,32,0.3111324122259041,0.3068279262059606,0.00430448601994361,-1.222980050563649e-16,0.2959296128563219,0.025669235315913922,0.14052520800500554,0.5995231569399573,-0.1416887436813191,0.23844975384243874
Cu,F1,distance_adjusted,32,0.2557736491953918,0.37337386011974094,-0.11760021092434866,-4.718447854656915e-16,0.17418409678655877,-0.21305465312208557,0.124912429233658,0.31762397393019665,-0.20908554463529122,-0.05603374456425703
Cu,F2,distance_adjusted,32,-0.15135802877214388,0.37337386011974094,-0.5247318888918847,-1.1102230246251565e-16,0.12706271481377393,0.029886323974956927,-0.4089464421897212,0.05617045037733062,-0.8212536747855469,-0.34937195825577677
Cu,F3,distance_adjusted,32,-0.4028262328836845,0.37337386011974094,-0.7762000930034253,-1.1102230246251565e-16,-0.01081774916884944,-0.09900990764709656,-0.7211887842643053,-0.008342263907849451,-1.1334960168601307,-0.36329736467904
Cu,F4,distance_adjusted,32,0.6642405334017438,0.37337386011974094,0.29086667328200294,-5.551115123125783e-17,0.2959296128563219,0.025669235315913922,0.519519294644146,0.8713317176663868,0.16456419387295573,0.4590244850705614
Cu,F1,outside_only,27,0.03720689181263677,0.2893358789304349,-0.25212898711779813,0.0,0.05956018215752695,-0.27733664307197164,-0.0555975572708192,0.10702519935692303,-0.3337538637618003,-0.1590881945910806
Cu,F2,outside_only,27,-0.29844255302568284,0.2893358789304349,-0.5877784319561177,0.0,-0.04948076671548393,-0.14569336866225827,-0.3961942844930962,-0.002435355214984944,-0.6699145960766945,-0.3437934773964996
Cu,F3,outside_only,27,-0.7431612264585223,0.2893358789304349,-1.0324971053889571,-2.220446049250313e-16,-0.2544288807036921,-0.2895541163350541,-1.2819851579854808,-0.2876755029295619,-1.6233432801669951,-0.48916193461771634
Cu,F4,outside_only,27,0.6274485806186045,0.2893358789304349,0.33811270168817,-3.3306690738754696e-16,0.37629817650293956,0.23029937100910422,0.36862253675670975,0.7262403735604352,0.16713610506855514,0.3848822513789207
Fe,F1,all,32,0.2897599228529423,0.39958269494788856,-0.10982277209494626,-2.7755575615628914e-17,0.20645399261227912,-0.12596260472880616,0.18567039524898782,0.3915462114621413,-0.19468111100040228,-0.03712305815461764
Fe,F2,all,32,1.3332981309015643,0.39958269494788856,0.9337154359536742,1.5543122344752192e-15,0.2939127443672145,0.2583425182865909,0.9328348856844872,1.7219409838247561,0.66339326269044,1.3415894775753647
Fe,F3,all,32,0.7760937088102964,0.39958269494788856,0.3765110138624071,7.216449660063518e-16,0.1866520110828598,0.09515952234970948,0.32690834280288755,1.0771109109032895,0.05746671980884167,0.6967594046538987
Fe,F4,all,32,0.27984772038568867,0.39958269494788856,-0.11973497456220102,1.124100812432971e-15,0.2970297229412897,-0.21122113631380598,0.17333209088637583,0.40158870889505605,-0.17340861366548876,-0.03458244565905922
Fe,F1,distance_adjusted,32,0.2493657695124546,0.2212606424618967,0.028105127050557344,5.551115123125783e-16,0.20645399261227912,-0.12596260472880616,0.1662109520904786,0.34823955917313226,-0.061822332918295246,0.13525664851051122
Fe,F2,distance_adjusted,32,1.2604500552867441,0.2212606424618967,1.039189412824845,2.6645352591003757e-15,0.2939127443672145,0.2583425182865909,0.7785439156497158,1.6298745862353137,0.6748564311822123,1.3629779130648965
Fe,F3,distance_adjusted,32,0.2607383670336659,0.2212606424618967,0.039477724571766876,2.3037127760972e-15,0.1866520110828598,0.09515952234970948,-0.3481879749174123,0.6389228937114342,-0.38845120625772545,0.4108896087026608
Fe,F4,distance_adjusted,32,0.19872867448818266,0.2212606424618967,-0.02253196797371484,8.014422459012849e-16,0.2970297229412897,-0.21122113631380598,0.06081340936118654,0.32211151999041526,-0.08559074605909316,0.04603877216433583
Fe,F1,outside_only,27,0.22158181757450848,0.3918859317753053,-0.1703041142007976,8.049116928532385e-16,0.10171046491516142,-0.1405009425254482,0.0352272663046512,0.33642503626617287,-0.2321010332654448,-0.05367853196143306
Fe,F2,outside_only,27,1.7330013475751802,0.3918859317753053,1.341115415799874,8.881784197001252e-16,0.2864997480192835,0.29138673732451653,1.0340080276027437,2.5261127513583013,0.9451022293366595,1.9575866818266838
Fe,F3,outside_only,27,1.1919789369170604,0.3918859317753053,0.8000930051417543,7.771561172376096e-16,0.1988393773566669,0.1120953171887815,0.4509596220767596,1.7031916220800583,0.3620538238106757,1.1346655525484384
Fe,F4,outside_only,27,0.2987572999236301,0.3918859317753053,-0.09312863185167708,1.887379141862766e-15,0.22846675001964184,-0.26450829614573507,0.05789917111009284,0.40669951658691106,-0.16182655294470794,-0.031006627155993092
Mn,F1,all,32,0.20464346539699904,0.46018591685514,-0.2555424514581409,0.0,0.23175652456653717,-0.2167216867386447,0.05105430241529581,0.41679396437192556,-0.393374854894182,-0.06895492135799246
Mn,F2,all,32,0.5477455799001939,0.46018591685514,0.08755966304505443,-5.134781488891349e-16,0.3008801082386768,0.1866520110828598,0.08507598103834174,0.9696764017441325,-0.03493324273494651,0.15950758247802538
Mn,F3,all,32,0.4287188065834948,0.46018591685514,-0.031467110271644914,-2.5673907444456745e-16,0.2605427384565263,-0.23065641448156943,0.15369863889884122,0.7539241717887616,-0.10288673582291903,0.033689415125552936
Mn,F4,all,32,0.4311486417086842,0.46018591685514,-0.02903727514645554,-2.255140518769849e-16,0.6244958249000202,0.039970666420494544,0.24813131320408452,0.6710768397669764,-0.13909197949913055,0.1281220894307968
Mn,F1,distance_adjusted,32,0.5349997994333484,0.7673597057359386,-0.23235990630259007,-1.1102230246251565e-16,0.23175652456653717,-0.2167216867386447,0.40668121493111087,0.6763138301609211,-0.3613244726179584,-0.009522616293113453
Mn,F2,distance_adjusted,32,0.9012996224802269,0.7673597057359386,0.133939916744289,-7.216449660063518e-16,0.3008801082386768,0.1866520110828598,0.4135679697656215,1.2297604607296506,-0.0026358614586029167,0.19212215795077148
Mn,F3,distance_adjusted,32,0.7302931702155226,0.7673597057359386,-0.03706653552041564,-3.0531133177191805e-16,0.2605427384565263,-0.23065641448156943,0.4547924836616315,0.9789142631492134,-0.13493187384146035,0.038588652437407514
Mn,F4,distance_adjusted,32,0.5965596750961304,0.7673597057359386,-0.17080003063980742,-7.771561172376096e-16,0.6244958249000202,0.039970666420494544,0.40765904921793217,0.7889041511233426,-0.24873415165553675,-0.008544782006291163
Mn,F1,outside_only,27,0.6055473866479161,1.1281831591713358,-0.5226357725234201,3.3306690738754696e-16,0.3594991507662012,-0.27916926406143405,0.45875152973136174,0.686278988769751,-0.759258799063668,-0.2546578552022751
Mn,F2,outside_only,27,1.3627362635472553,1.1281831591713358,0.2345531043759196,-1.3877787807814457e-16,0.4941967934916852,0.333842456913728,0.7403200797336017,1.7815587061829632,0.02691069479996491,0.3655333667333339
Mn,F3,outside_only,27,1.0646467275036178,1.1281831591713358,-0.06353643166771795,-9.71445146547012e-17,0.4324985535131189,-0.2336591761564519,0.7886071296427624,1.1610438001553756,-0.2549815392942527,0.07519774470912526
Mn,F4,outside_only,27,0.8419946978736522,1.1281831591713358,-0.286188461297683,-6.106226635438361e-16,0.7306049011323307,-0.12767259559921162,0.6583275326454979,0.994646314148765,-0.4213790253008631,-0.05508185228813889
Ni,F1,all,32,0.28804599763004635,0.49510555083407876,-0.20705955320403244,2.7755575615628914e-17,0.1474147513856771,-0.29134582083562305,0.024936538483281853,0.4307549421178851,-0.2759108495054329,-0.15263379011450762
Ni,F2,all,32,0.5480251572180891,0.49510555083407876,0.05291960638401009,2.42861286636753e-16,0.4053905663106121,0.04620462356864507,0.35812768856000926,0.6563659044156978,-0.17766242216022113,0.1541740434365713
Ni,F3,all,32,0.30548903232494795,0.49510555083407876,-0.1896165185091308,0.0,0.26347636534977364,-0.19838651865584903,0.07037846058759756,0.5076362458988174,-0.23250384448943753,-0.13357518453584036
Ni,F4,all,32,0.6110598339928048,0.49510555083407876,0.11595428315872608,0.0,0.3751375389739992,0.20407042076151566,0.18776872474388723,1.0308910160152058,-0.016184920379550775,0.32422522439188795
Ni,F1,distance_adjusted,32,0.3241840813933844,0.5865683798325205,-0.2623842984391364,2.7755575615628914e-16,0.1474147513856771,-0.29134582083562305,0.020813146621310733,0.4483154863669826,-0.3295711169015785,-0.19440298944298637
Ni,F2,distance_adjusted,32,0.5067752647431563,0.5865683798325205,-0.07979311508936464,3.7470027081099033e-16,0.4053905663106121,0.04620462356864507,0.27720047196746783,0.6509493863253082,-0.2687468673098695,0.018218830941047592
Ni,F3,distance_adjusted,32,0.38684696142609654,0.5865683798325205,-0.19972141840642404,5.551115123125783e-17,0.26347636534977364,-0.19838651865584903,0.12349739825697058,0.557965814821326,-0.27621465425745295,-0.1354842427694497
Ni,F4,distance_adjusted,32,0.8259805908783872,0.5865683798325205,0.2394122110458663,3.3306690738754696e-16,0.3751375389739992,0.20407042076151566,0.36264253533306157,1.1741910819144858,0.10366089430664178,0.4095224988558787
Ni,F1,outside_only,27,0.40048702237217665,0.8131844909847081,-0.4126974686125317,2.220446049250313e-16,0.09193648630469546,-0.35216866680835174,-0.18588990121997517,0.5668542255832251,-0.48167022748094396,-0.33145518380020095
Ni,F2,outside_only,27,0.5922044558196948,0.8131844909847081,-0.22098003516501336,5.551115123125783e-17,0.32131954681906855,-0.11667686966243743,0.15033000158200255,0.8805264621938476,-0.26159477740810916,-0.14545032467896596
Ni,F3,outside_only,27,0.6153666854563219,0.8131844909847081,-0.19781780552838615,-8.326672684688674e-17,0.26450829614573507,-0.11698230649401449,0.23056516739706184,0.9015529533165779,-0.2797384562492367,-0.06521515886390673
Ni,F4,outside_only,27,1.196707840324718,0.8131844909847081,0.3835233493400096,2.7755575615628914e-16,0.42944418519734817,0.31246187870333375,0.5249561508867208,1.3957348328496981,0.22917582462575237,0.41516872847216124
Pb,F1,all,32,0.1988128386033736,0.4168228427632002,-0.21801000415982655,-5.551115123125783e-17,0.15621563206541902,-0.12412908792052664,0.08660115266126361,0.3724333604269224,-0.2736296437887451,-0.03222535282120157
Pb,F2,all,32,0.6549689511258705,0.4168228427632002,0.23814610836267042,-1.1102230246251565e-16,0.1888522312527953,0.0045837920206989145,0.2738625230701173,0.7716552071304825,-0.13079619017800645,0.3717744086502837
Pb,F3,all,32,-0.26480178150188904,0.4168228427632002,-0.681624624265089,-2.220446049250313e-16,0.043087644994569796,-0.01668500295534405,-0.5425150563072685,0.4507466060733409,-0.9002142397552126,0.04608789282521723
Pb,F4,all,32,0.5069892024179457,0.4168228427632002,0.09016635965474556,-1.1102230246251565e-16,0.19013569301859098,0.17766777872228995,0.3929022453269228,0.6509211143537007,0.05346482639119028,0.1257128685608628
Pb,F1,distance_adjusted,32,-0.0581586817607293,0.07223610714117545,-0.13039478890190517,4.163336342344337e-16,0.15621563206541902,-0.12412908792052664,-0.18392225168541196,0.1398765073724029,-0.2320752195046864,0.024866606635599885
Pb,F2,distance_adjusted,32,-0.011563995376569769,0.07223610714117545,-0.08380010251774508,-1.3877787807814457e-16,0.1888522312527953,0.0045837920206989145,-0.25400225286854,0.21293127724631244,-0.3690121536053423,0.022397143095919815
Pb,F3,distance_adjusted,32,-0.13593368816720125,0.07223610714117545,-0.20816979530837665,-5.551115123125783e-17,0.043087644994569796,-0.01668500295534405,-0.4767839207898461,0.4946417740763822,-0.49138980035799973,0.37963187333957915
Pb,F4,distance_adjusted,32,0.18548591371957313,0.07223610714117545,0.11324980657839809,-4.163336342344337e-16,0.19013569301859098,0.17766777872228995,0.06157888751195623,0.35405568331730625,0.07486584021227152,0.1637065477562002
Pb,F1,outside_only,27,0.22964305085309275,0.2744272927440796,-0.0447842418909871,2.2898349882893854e-16,0.10781920154670266,-0.01618815207358425,0.0465722894085376,0.5271983443659914,-0.08869386274546706,0.02960333934593003
Pb,F2,outside_only,27,0.129095933707797,0.2744272927440796,-0.14533135903628253,-8.326672684688674e-17,0.05894930849437283,-0.0607819294838352,0.013200574978868436,0.39760033230984265,-0.41338695690535787,-0.026144812856823806
Pb,F3,outside_only,27,0.09941529233208626,0.2744272927440796,-0.17501200041199366,3.0531133177191805e-16,0.010690289105197147,0.01863164672620074,-0.028067155274788393,0.39664585983800393,-0.4314004415707514,0.20356572238468623
Pb,F4,outside_only,27,0.39215105673251277,0.2744272927440796,0.1177237639884331,5.551115123125783e-17,0.12370191678870984,0.15363472628326183,0.18481030013583472,0.7176495163892758,0.04954414798182967,0.2200545113692151
Zn,F1,all,32,1.9127160776038417,1.1073404494101242,0.8053756281937179,-4.440892098500626e-16,0.4682801928346012,0.21195454303711783,1.3703479815519863,2.2681438156213494,0.41586117528721056,1.0461088308944302
Zn,F2,all,32,1.5315326164353216,1.1073404494101242,0.42419216702519774,-3.885780586188048e-16,0.5867253786494611,0.409791006650483,1.3323530991992218,1.7214692378162058,0.3726749693225104,0.499434253089287
Zn,F3,all,32,0.8691272473881562,1.1073404494101242,-0.2382132020219678,-2.498001805406602e-16,0.44077744071040764,-0.020902091614387053,0.6815016486624327,1.2312428013656422,-0.37769528067886,0.0092078166387236
Zn,F4,all,32,0.6254660232251535,1.1073404494101242,-0.48187442618496995,-7.216449660063518e-16,0.5819582349479343,-0.3375504444042681,0.5493897448010815,0.8905453236786935,-0.6660157687015907,-0.06394148258608227
Zn,F1,distance_adjusted,32,1.3072577647977273,0.8188022462339046,0.4884555185638218,8.326672684688674e-16,0.4682801928346012,0.21195454303711783,0.908628744957106,1.629286780543604,0.18375022153235127,0.7212597346379622
Zn,F2,distance_adjusted,32,1.1209051111687764,0.8188022462339046,0.3021028649348722,-3.885780586188048e-16,0.5867253786494611,0.409791006650483,1.0039276653085336,1.2792609929693703,0.17592365862071593,0.43300778745648616
Zn,F3,distance_adjusted,32,0.32418390817499654,0.8188022462339046,-0.4946183380589081,0.0,0.44077744071040764,-0.020902091614387053,0.2277561118957832,0.6636127130917279,-0.5808189120545304,-0.24441433281391167
Zn,F4,distance_adjusted,32,0.5891940156639238,0.8188022462339046,-0.22960823056998003,-7.771561172376096e-16,0.5819582349479343,-0.3375504444042681,0.4367728492112415,0.8359199810766846,-0.40613141997043883,0.1110414576519297
Zn,F1,outside_only,27,0.9466597472132041,0.801261391396472,0.14539835581673222,-1.1102230246251565e-16,0.37018943987139835,0.06200367681014345,0.7488879609261194,1.2328786204156958,-0.007034185812744646,0.3243929456112997
Zn,F2,outside_only,27,1.2595551533459062,0.801261391396472,0.45829376194943505,-8.881784197001252e-16,0.5323763974388179,0.3891265234291761,1.1416706666080112,1.6075296737341613,0.3834884275609529,0.699043998929766
Zn,F3,outside_only,27,0.32214279124721235,0.801261391396472,-0.4791186001492594,-2.7755575615628914e-16,0.33048265176638036,-0.024129509694587846,0.2045969894007788,0.9237757046977696,-0.6720379011862555,0.015290029893373466
Zn,F4,outside_only,27,0.8179342917799193,0.801261391396472,0.01667290038344754,-2.740863092043355e-16,0.597739879396309,-0.22480150804071714,0.7055762221991557,0.9597773653668434,-0.12291187482084912,0.057912595056164355
