element,subset_count,mean,SD_population,minimum,quantile_05,median,quantile_95,maximum,magnetic_score,count_below_magnetic,count_equal_magnetic,count_above_magnetic,count_at_or_below_magnetic,fraction_below_magnetic,fraction_equal_magnetic,fraction_above_magnetic,fraction_at_or_below_magnetic,tie_absolute_tolerance,count_below_magnetic_outside_tolerance,count_tied_within_tolerance,count_above_magnetic_outside_tolerance,fraction_at_or_below_magnetic_plus_tolerance
Cd,10518300,0.21027404288644555,0.1225016186054548,0.0014274896449541108,0.04461737511794395,0.19129343676566896,0.4379551035462528,0.9443301040887258,0.20129504091503225,5615996,1,4902303,5615997,0.533926204804959,9.507239763079586e-08,0.4660737001226434,0.5339262998773566,1e-12,5615996,1,4902303,0.5339262998773566
Co,10518300,0.5505126519432448,0.0888721430083556,0.2322420002642582,0.4024143144028044,0.5513617103556294,0.695979298026129,0.9115093466918095,0.4951752493199969,2832441,1,7685858,2832442,0.26928695701776906,9.507239763079586e-08,0.7307129479098333,0.2692870520901667,1e-12,2832441,1,7685858,0.2692870520901667
Cr,10518300,0.1748424611893008,0.1266623800533739,0.0019429173971940545,0.019495201809716527,0.15503695359819827,0.41210650059909754,0.7777593842942517,0.0559666594993579,2235809,1,8282490,2235810,0.21256372227451203,9.507239763079586e-08,0.7874361826530903,0.21256381734690968,1e-12,2235809,1,8282490,0.21256381734690968
Cu,10518300,0.4366104693793091,0.09179415016835567,0.1688485997477948,0.29035173823809174,0.4337428918222651,0.5940404145263536,0.7848629555740686,0.4493547787760116,5932132,1,4586167,5932133,0.5639820123023682,9.507239763079586e-08,0.4360178926252341,0.5639821073747658,1e-12,5932132,1,4586167,0.5639821073747658
Fe,10518300,0.2785983763749728,0.12224034697799575,0.023056069843356997,0.10531666452834097,0.2874135011198315,0.5039025721726319,0.7372493542095964,0.13393014092253147,1381478,1,9136821,1381479,0.1313404257341966,9.507239763079586e-08,0.8686594791934058,0.13134052080659422,1e-12,1381478,1,9136821,0.13134052080659422
Mn,10518300,0.6080249166229579,0.06697024300156994,0.3378027039493161,0.5028314359683728,0.6048494656561314,0.7246343647282922,0.9105972704834415,0.7019320424142697,9577799,1,940500,9577800,0.9105843149558389,9.507239763079586e-08,0.08941558997176349,0.9105844100282365,1e-12,9577799,1,940500,0.9105844100282365
Ni,10518300,0.5786178646261271,0.06908137212438376,0.3355072199351183,0.46637914177666207,0.5776829665430425,0.6941590706639147,0.893358470078797,0.5349066329520056,2867949,1,7650350,2867950,0.27266278771284336,9.507239763079586e-08,0.727337117214759,0.272662882785241,1e-12,2867949,1,7650350,0.272662882785241
Pb,10518300,0.21203240340911786,0.2795785885933507,0.007798677027322362,0.028586888144050793,0.05861210149544122,0.7520191721641082,0.9458056977371623,0.040333377615823056,1957374,1,8560925,1957375,0.1860922392401814,9.507239763079586e-08,0.813907665687421,0.18609233431257902,1e-12,1957374,1,8560925,0.18609233431257902
Zn,10518300,0.25511753657620573,0.1516189962718734,0.03719197151827216,0.08506770613822831,0.21477339137749413,0.6328021136566213,0.9450701186764721,0.4717649848826632,9742387,1,775912,9742388,0.9262320907370963,9.507239763079586e-08,0.07376781419050607,0.926232185809494,1e-12,9742387,1,775912,0.926232185809494
