element,dominance_pairs,xlf_strict_reversals,xlf_ties,xlf_strict_concordances,reversal_fraction,componentwise_strict_pairs,weak_only_pairs_with_equal_coordinates,componentwise_strict_reversals,componentwise_strict_reversal_fraction,weak_only_reversals,weak_only_reversal_fraction,expected_reversals,expected_denominator,matches_expected
Pb,168,67,3,98,0.39880952380952384,168,0,67,0.39880952380952384,0,,67,168,True
Cr,251,89,3,159,0.3545816733067729,251,0,89,0.3545816733067729,0,,89,251,True
Co,266,93,3,170,0.34962406015037595,266,0,93,0.34962406015037595,0,,93,266,True
Fe,218,71,3,144,0.3256880733944954,218,0,71,0.3256880733944954,0,,71,218,True
Cd,298,93,4,201,0.31208053691275167,298,0,93,0.31208053691275167,0,,93,298,True
Ni,232,70,3,159,0.3017241379310345,232,0,70,0.3017241379310345,0,,70,232,True
Mn,252,75,0,177,0.2976190476190476,252,0,75,0.2976190476190476,0,,75,252,True
Cu,60,12,0,48,0.2,60,0,12,0.2,0,,12,60,True
Zn,244,43,2,199,0.1762295081967213,244,0,43,0.1762295081967213,0,,43,244,True
