absolute_tolerance,element,dominance_pairs,xlf_strict_reversals,xlf_ties
0,Pb,168,67,3
0,Cr,251,89,3
0,Co,266,93,3
0,Fe,218,71,3
0,Cd,298,93,4
0,Ni,232,70,3
0,Mn,252,75,0
0,Cu,60,12,0
0,Zn,244,43,2
1e-12,Pb,168,67,3
1e-12,Cr,251,89,3
1e-12,Co,266,93,3
1e-12,Fe,218,71,3
1e-12,Cd,298,93,4
1e-12,Ni,232,70,3
1e-12,Mn,252,75,0
1e-12,Cu,60,12,0
1e-12,Zn,244,43,2
1e-09,Pb,168,67,3
1e-09,Cr,251,89,3
1e-09,Co,266,93,3
1e-09,Fe,218,71,3
1e-09,Cd,298,93,4
1e-09,Ni,232,70,3
1e-09,Mn,252,75,0
1e-09,Cu,60,12,0
1e-09,Zn,244,43,2
