element,n,k,selected_ids_descending_XLF,cutoff_tie,worst_case_retention,worst_case_regret,worst_case_capture,active_fractions
Cd,32,1,12,False,0.06477579305295957,0.9352242069470404,0.014117909322215051,F3
Cd,32,2,12;8,False,0.3198870442948044,0.6801129557051956,0.12423552126098811,F3
Cd,32,3,12;8;31,False,0.28622108801084306,0.7137789119891569,0.15502930563936268,F3
Cd,32,4,12;8;31;19,False,0.23799678788158588,0.7620032121184142,0.15511664678842604,F3
Cd,32,5,12;8;31;19;24,False,0.2059274648493392,0.7940725351506608,0.15586468618924432,F3
Cd,32,6,12;8;31;19;24;26,False,0.1890155389680131,0.810984461031987,0.15604657980952127,F3
Cd,32,7,12;8;31;19;24;26;29,False,0.20537598550235603,0.794624014497644,0.17651178691741296,F3
Cd,32,8,12;8;31;19;24;26;29;16,False,0.20129504091503228,0.7987049590849677,0.17920302743532462,F3
Cd,32,9,12;8;31;19;24;26;29;16;3,False,0.23391285490074723,0.7660871450992528,0.21308442230949126,F3
Cd,32,10,12;8;31;19;24;26;29;16;3;5,False,0.4074389711246708,0.5925610288753291,0.36771930385434304,F4
Cd,32,11,12;8;31;19;24;26;29;16;3;5;11,False,0.3995480169273935,0.6004519830726065,0.3694144671608826,F4
Cd,32,12,12;8;31;19;24;26;29;16;3;5;11;2,False,0.4019222367958754,0.5980777632041245,0.3788545311661541,F4
Cd,32,13,12;8;31;19;24;26;29;16;3;5;11;2;6,True,0.5265182568666495,0.47348174313335045,0.5128828522540703,F3
Cd,32,14,12;8;31;19;24;26;29;16;3;5;11;2;6;18,False,0.524686160318063,0.47531383968193697,0.51295458180329,F3
Cd,32,15,12;8;31;19;24;26;29;16;3;5;11;2;6;18;10,False,0.7095130994453507,0.2904869005546493,0.6892979077313789,F2
Cd,32,16,12;8;31;19;24;26;29;16;3;5;11;2;6;18;10;1,False,0.7074739537817103,0.2925260462182897,0.6902507088030795,F2
Cd,32,17,12;8;31;19;24;26;29;16;3;5;11;2;6;18;10;1;15,False,0.7077453390196525,0.29225466098034747,0.6920566800340398,F2
Cd,32,18,12;8;31;19;24;26;29;16;3;5;11;2;6;18;10;1;15;23,False,0.7077492974453566,0.29225070255464336,0.6935735052002434,F2
Cd,32,19,12;8;31;19;24;26;29;16;3;5;11;2;6;18;10;1;15;23;14,False,0.7081479492406749,0.2918520507593251,0.6953892158572104,F2
Cd,32,20,12;8;31;19;24;26;29;16;3;5;11;2;6;18;10;1;15;23;14;25,False,0.7320121143772071,0.26798788562279285,0.7209410712088384,F4
Cd,32,21,12;8;31;19;24;26;29;16;3;5;11;2;6;18;10;1;15;23;14;25;7,True,0.7734193988083864,0.2265806011916136,0.762532209775942,F2
Cd,32,22,12;8;31;19;24;26;29;16;3;5;11;2;6;18;10;1;15;23;14;25;7;9,False,0.7824690938493338,0.21753090615066617,0.7728981978376503,F2
Cd,32,23,12;8;31;19;24;26;29;16;3;5;11;2;6;18;10;1;15;23;14;25;7;9;13,True,0.7822466547002771,0.2177533452997229,0.7740988130759788,F2
Cd,32,24,12;8;31;19;24;26;29;16;3;5;11;2;6;18;10;1;15;23;14;25;7;9;13;30,False,0.819005392102988,0.18099460789701205,0.8119537735036555,F2
Cd,32,25,12;8;31;19;24;26;29;16;3;5;11;2;6;18;10;1;15;23;14;25;7;9;13;30;17,False,0.8184783535962392,0.18152164640376078,0.812672761351706,F2
Cd,32,26,12;8;31;19;24;26;29;16;3;5;11;2;6;18;10;1;15;23;14;25;7;9;13;30;17;32,False,0.8185123106754806,0.18148768932451942,0.8138820086532815,F2
Cd,32,27,12;8;31;19;24;26;29;16;3;5;11;2;6;18;10;1;15;23;14;25;7;9;13;30;17;32;4,True,0.9931461640360371,0.00685383596396294,0.9892726545424954,F3
Cd,32,28,12;8;31;19;24;26;29;16;3;5;11;2;6;18;10;1;15;23;14;25;7;9;13;30;17;32;4;22,False,0.9930889005296897,0.006911099470310322,0.9898642311965846,F2
Cd,32,29,12;8;31;19;24;26;29;16;3;5;11;2;6;18;10;1;15;23;14;25;7;9;13;30;17;32;4;22;20,False,0.9935144560711229,0.006485543928877124,0.9918304213452965,F3
Cd,32,30,12;8;31;19;24;26;29;16;3;5;11;2;6;18;10;1;15;23;14;25;7;9;13;30;17;32;4;22;20;28,False,0.9935408171451829,0.006459182854817058,0.99341108077711,F3
Cd,32,31,12;8;31;19;24;26;29;16;3;5;11;2;6;18;10;1;15;23;14;25;7;9;13;30;17;32;4;22;20;28;21,False,0.996828139426729,0.0031718605732710126,0.9967694758338381,F3
Co,32,1,12,False,0.5637091671831536,0.43629083281684644,0.02891605670884498,F4
Co,32,2,12;8,False,0.7286586839975536,0.2713413160024464,0.07502198903050772,F3
Co,32,3,12;8;31,False,0.5762446097276075,0.4237553902723925,0.09888410363910093,F3
Co,32,4,12;8;31;19,False,0.5139692424288571,0.4860307575711429,0.11929015979746373,F3
Co,32,5,12;8;31;19;24,False,0.46442295077602674,0.5355770492239733,0.13532928336422656,F3
Co,32,6,12;8;31;19;24;26,False,0.4317089186377085,0.5682910813622915,0.14968384145770536,F3
Co,32,7,12;8;31;19;24;26;29,False,0.4157143667850421,0.584285633214958,0.1649350616711536,F3
Co,32,8,12;8;31;19;24;26;29;16,False,0.4951752493199969,0.5048247506800031,0.19853858812897787,F3
Co,32,9,12;8;31;19;24;26;29;16;3,False,0.5064043682307006,0.49359563176929944,0.2506571780785608,F3
Co,32,10,12;8;31;19;24;26;29;16;3;5,False,0.5493060291369589,0.4506939708630411,0.2961543667586586,F3
Co,32,11,12;8;31;19;24;26;29;16;3;5;11,False,0.6144196478046802,0.38558035219531983,0.33384987797966165,F3
Co,32,12,12;8;31;19;24;26;29;16;3;5;11;2,False,0.6171273745580993,0.3828726254419007,0.37995743034947144,F3
Co,32,13,12;8;31;19;24;26;29;16;3;5;11;2;6,True,0.6576382719985656,0.3423617280014344,0.4311240130071749,F3
Co,32,14,12;8;31;19;24;26;29;16;3;5;11;2;6;18,False,0.6638448772073504,0.3361551227926496,0.45264342628614823,F3
Co,32,15,12;8;31;19;24;26;29;16;3;5;11;2;6;18;10,False,0.7178907639380558,0.28210923606194416,0.48686988845880996,F3
Co,32,16,12;8;31;19;24;26;29;16;3;5;11;2;6;18;10;1,False,0.726949777395678,0.273050222604322,0.5218148923899724,F3
Co,32,17,12;8;31;19;24;26;29;16;3;5;11;2;6;18;10;1;15,False,0.7820559937854981,0.21794400621450194,0.5543014153508301,F3
Co,32,18,12;8;31;19;24;26;29;16;3;5;11;2;6;18;10;1;15;23,False,0.7751825665245523,0.2248174334754477,0.5714441476536407,F3
Co,32,19,12;8;31;19;24;26;29;16;3;5;11;2;6;18;10;1;15;23;14,False,0.8116099362608117,0.18839006373918832,0.6098612234728736,F1
Co,32,20,12;8;31;19;24;26;29;16;3;5;11;2;6;18;10;1;15;23;14;25,False,0.8234563967981897,0.17654360320181028,0.6436640864314597,F3
Co,32,21,12;8;31;19;24;26;29;16;3;5;11;2;6;18;10;1;15;23;14;25;7,True,0.8650027323247458,0.13499726767525422,0.6902308448412809,F1
Co,32,22,12;8;31;19;24;26;29;16;3;5;11;2;6;18;10;1;15;23;14;25;7;9,False,0.8858673735830248,0.11413262641697519,0.7265254570042273,F1
Co,32,23,12;8;31;19;24;26;29;16;3;5;11;2;6;18;10;1;15;23;14;25;7;9;13,True,0.9170015454280909,0.08299845457190913,0.7717928271313675,F1
Co,32,24,12;8;31;19;24;26;29;16;3;5;11;2;6;18;10;1;15;23;14;25;7;9;13;30,False,0.9134145523780605,0.08658544762193954,0.7881958794514359,F1
Co,32,25,12;8;31;19;24;26;29;16;3;5;11;2;6;18;10;1;15;23;14;25;7;9;13;30;17,False,0.9174193673704771,0.08258063262952287,0.8103725913106736,F1
Co,32,26,12;8;31;19;24;26;29;16;3;5;11;2;6;18;10;1;15;23;14;25;7;9;13;30;17;32,False,0.9192095704419175,0.08079042955808247,0.8299456735222966,F1
Co,32,27,12;8;31;19;24;26;29;16;3;5;11;2;6;18;10;1;15;23;14;25;7;9;13;30;17;32;4,True,0.9591042808094796,0.040895719190520374,0.8844490793589934,F1
Co,32,28,12;8;31;19;24;26;29;16;3;5;11;2;6;18;10;1;15;23;14;25;7;9;13;30;17;32;4;22,False,0.9713484012945789,0.02865159870542111,0.9123917019616395,F1
Co,32,29,12;8;31;19;24;26;29;16;3;5;11;2;6;18;10;1;15;23;14;25;7;9;13;30;17;32;4;22;20,False,0.9795446214490223,0.020455378550977676,0.9367162889299769,F3
Co,32,30,12;8;31;19;24;26;29;16;3;5;11;2;6;18;10;1;15;23;14;25;7;9;13;30;17;32;4;22;20;28,False,0.9872176801459271,0.012782319854072854,0.9600301045472177,F1
Co,32,31,12;8;31;19;24;26;29;16;3;5;11;2;6;18;10;1;15;23;14;25;7;9;13;30;17;32;4;22;20;28;21,False,0.9881639205426209,0.011836079457379078,0.9832469188338513,F3
Cr,32,1,12,False,0.009020802940447046,0.990979197059553,0.002571627993482872,F2
Cr,32,2,12;8,False,0.02959047912664781,0.9704095208733522,0.014179482485487376,F1
Cr,32,3,12;8;31,False,0.03322893106360873,0.9667710689363913,0.021714202808508217,F1
Cr,32,4,12;8;31;19,False,0.02840159173429967,0.9715984082657003,0.022116359576754258,F1
Cr,32,5,12;8;31;19;24,False,0.026583397087819323,0.9734166029121807,0.022433274577580393,F1
Cr,32,6,12;8;31;19;24;26,False,0.02629768081457548,0.9737023191854245,0.023307888162539703,F1
Cr,32,7,12;8;31;19;24;26;29,False,0.027674323438356456,0.9723256765616436,0.025254063042668036,F1
Cr,32,8,12;8;31;19;24;26;29;16,False,0.0559666594993579,0.9440333405006421,0.053131254494081036,F2
Cr,32,9,12;8;31;19;24;26;29;16;3,False,0.07963329420313696,0.9203667057968631,0.07457917528834046,F1
Cr,32,10,12;8;31;19;24;26;29;16;3;5,False,0.21124161382440626,0.7887583861755938,0.19980778136513894,F1
Cr,32,11,12;8;31;19;24;26;29;16;3;5;11,False,0.26448313397860074,0.7355168660213993,0.25852354041890935,F2
Cr,32,12,12;8;31;19;24;26;29;16;3;5;11;2,False,0.27526825345251643,0.7247317465474836,0.2699800413395398,F2
Cr,32,13,12;8;31;19;24;26;29;16;3;5;11;2;6,True,0.5296442722179983,0.47035572778200174,0.4777812410806441,F3
Cr,32,14,12;8;31;19;24;26;29;16;3;5;11;2;6;18,False,0.5204031023516196,0.4795968976483804,0.477876300538359,F3
Cr,32,15,12;8;31;19;24;26;29;16;3;5;11;2;6;18;10,False,0.5514378346453169,0.4485621653546831,0.5147663197626244,F3
Cr,32,16,12;8;31;19;24;26;29;16;3;5;11;2;6;18;10;1,False,0.5567656053854291,0.4432343946145709,0.5266487456652218,F3
Cr,32,17,12;8;31;19;24;26;29;16;3;5;11;2;6;18;10;1;15,False,0.5501086761923114,0.4498913238076886,0.5268885321915383,F3
Cr,32,18,12;8;31;19;24;26;29;16;3;5;11;2;6;18;10;1;15;23,False,0.5724515747625015,0.4275484252374985,0.5545231835535019,F3
Cr,32,19,12;8;31;19;24;26;29;16;3;5;11;2;6;18;10;1;15;23;14,False,0.5695228442953498,0.43047715570465017,0.5571507810622964,F3
Cr,32,20,12;8;31;19;24;26;29;16;3;5;11;2;6;18;10;1;15;23;14;25,False,0.6329964231964434,0.36700357680355655,0.6222046485616395,F3
Cr,32,21,12;8;31;19;24;26;29;16;3;5;11;2;6;18;10;1;15;23;14;25;7,True,0.7685849354582449,0.2314150645417551,0.7094352856053624,F4
Cr,32,22,12;8;31;19;24;26;29;16;3;5;11;2;6;18;10;1;15;23;14;25;7;9,False,0.8141110822577665,0.18588891774223348,0.7660783775481447,F4
Cr,32,23,12;8;31;19;24;26;29;16;3;5;11;2;6;18;10;1;15;23;14;25;7;9;13,True,0.8301896109893139,0.16981038901068612,0.7975248986153458,F2
Cr,32,24,12;8;31;19;24;26;29;16;3;5;11;2;6;18;10;1;15;23;14;25;7;9;13;30,False,0.8312349588633529,0.16876504113664714,0.8297017588253548,F2
Cr,32,25,12;8;31;19;24;26;29;16;3;5;11;2;6;18;10;1;15;23;14;25;7;9;13;30;17,False,0.8309085021682389,0.16909149783176114,0.8297118346484915,F2
Cr,32,26,12;8;31;19;24;26;29;16;3;5;11;2;6;18;10;1;15;23;14;25;7;9;13;30;17;32,False,0.8309021567661182,0.16909784323388177,0.830039551743383,F2
Cr,32,27,12;8;31;19;24;26;29;16;3;5;11;2;6;18;10;1;15;23;14;25;7;9;13;30;17;32;4,True,0.889566833701904,0.11043316629809596,0.8855257466266215,F4
Cr,32,28,12;8;31;19;24;26;29;16;3;5;11;2;6;18;10;1;15;23;14;25;7;9;13;30;17;32;4;22,False,0.8959269007808747,0.10407309921912533,0.8932784418865085,F4
Cr,32,29,12;8;31;19;24;26;29;16;3;5;11;2;6;18;10;1;15;23;14;25;7;9;13;30;17;32;4;22;20,False,0.9126945063062119,0.08730549369378815,0.9112374150639999,F4
Cr,32,30,12;8;31;19;24;26;29;16;3;5;11;2;6;18;10;1;15;23;14;25;7;9;13;30;17;32;4;22;20;28,False,0.9811182127639854,0.018881787236014635,0.9802729628159992,F4
Cr,32,31,12;8;31;19;24;26;29;16;3;5;11;2;6;18;10;1;15;23;14;25;7;9;13;30;17;32;4;22;20;28;21,False,0.9810954342838755,0.018904565716124533,0.9806881227591514,F4
Cu,32,1,12,False,0.5110147766592426,0.48898522334075745,0.023592828441053582,F4
Cu,32,2,12;8,False,0.7567974467207346,0.24320255327926543,0.06976141204893205,F2
Cu,32,3,12;8;31,False,0.564466122775444,0.43553387722455605,0.10414577739031722,F2
Cu,32,4,12;8;31;19,False,0.5137073985142178,0.48629260148578224,0.13985759918475113,F2
Cu,32,5,12;8;31;19;24,False,0.4853120384282409,0.5146879615717591,0.1815324794181973,F2
Cu,32,6,12;8;31;19;24;26,False,0.4602836038457596,0.5397163961542404,0.20274124483169811,F2
Cu,32,7,12;8;31;19;24;26;29,False,0.45423601224719473,0.5457639877528053,0.22233995448825472,F2
Cu,32,8,12;8;31;19;24;26;29;16,False,0.4493547787760116,0.5506452212239884,0.24192563888058144,F2
Cu,32,9,12;8;31;19;24;26;29;16;3,False,0.516848692482261,0.48315130751773905,0.30110155789414783,F2
Cu,32,10,12;8;31;19;24;26;29;16;3;5,False,0.5183988600499148,0.48160113995008524,0.32123081403757003,F2
Cu,32,11,12;8;31;19;24;26;29;16;3;5;11,False,0.5337758319797354,0.46622416802026456,0.3452636911995434,F2
Cu,32,12,12;8;31;19;24;26;29;16;3;5;11;2,False,0.6270364543115379,0.37296354568846213,0.4069960428195621,F2
Cu,32,13,12;8;31;19;24;26;29;16;3;5;11;2;6,True,0.6417265892008815,0.35827341079911845,0.443563441725425,F2
Cu,32,14,12;8;31;19;24;26;29;16;3;5;11;2;6;18,False,0.6405355549930328,0.35946444500696717,0.45991397790065064,F2
Cu,32,15,12;8;31;19;24;26;29;16;3;5;11;2;6;18;10,False,0.6482887818181997,0.3517112181818003,0.47917539694653416,F2
Cu,32,16,12;8;31;19;24;26;29;16;3;5;11;2;6;18;10;1,False,0.6956518711095574,0.3043481288904426,0.5205919271549744,F2
Cu,32,17,12;8;31;19;24;26;29;16;3;5;11;2;6;18;10;1;15,False,0.7049388364252327,0.2950611635747673,0.5446362759493619,F3
Cu,32,18,12;8;31;19;24;26;29;16;3;5;11;2;6;18;10;1;15;23,False,0.6943915083933861,0.30560849160661385,0.5531835939958706,F3
Cu,32,19,12;8;31;19;24;26;29;16;3;5;11;2;6;18;10;1;15;23;14,False,0.7228527558701628,0.27714724412983716,0.5926948032987126,F3
Cu,32,20,12;8;31;19;24;26;29;16;3;5;11;2;6;18;10;1;15;23;14;25,False,0.7445981283017669,0.25540187169823314,0.6278037314254854,F3
Cu,32,21,12;8;31;19;24;26;29;16;3;5;11;2;6;18;10;1;15;23;14;25;7,True,0.7503944528626568,0.24960554713734318,0.6478171500466812,F3
Cu,32,22,12;8;31;19;24;26;29;16;3;5;11;2;6;18;10;1;15;23;14;25;7;9,False,0.7797696662292509,0.22023033377074908,0.6887826918780866,F3
Cu,32,23,12;8;31;19;24;26;29;16;3;5;11;2;6;18;10;1;15;23;14;25;7;9;13,True,0.7852628386182573,0.2147371613817427,0.7089404636376042,F3
Cu,32,24,12;8;31;19;24;26;29;16;3;5;11;2;6;18;10;1;15;23;14;25;7;9;13;30,False,0.7996236305351069,0.20037636946489312,0.7341310631899136,F3
Cu,32,25,12;8;31;19;24;26;29;16;3;5;11;2;6;18;10;1;15;23;14;25;7;9;13;30;17,False,0.8024909041458377,0.19750909585416232,0.7474592176612279,F3
Cu,32,26,12;8;31;19;24;26;29;16;3;5;11;2;6;18;10;1;15;23;14;25;7;9;13;30;17;32,False,0.8172122007327244,0.18278779926727562,0.7706651047682365,F3
Cu,32,27,12;8;31;19;24;26;29;16;3;5;11;2;6;18;10;1;15;23;14;25;7;9;13;30;17;32;4,True,0.8407946994215151,0.15920530057848492,0.8022187867430277,F3
Cu,32,28,12;8;31;19;24;26;29;16;3;5;11;2;6;18;10;1;15;23;14;25;7;9;13;30;17;32;4;22,False,0.8432837399181863,0.15671626008181372,0.8138364784942087,F3
Cu,32,29,12;8;31;19;24;26;29;16;3;5;11;2;6;18;10;1;15;23;14;25;7;9;13;30;17;32;4;22;20,False,0.8619862187568172,0.13801378124318275,0.8409431280840766,F3
Cu,32,30,12;8;31;19;24;26;29;16;3;5;11;2;6;18;10;1;15;23;14;25;7;9;13;30;17;32;4;22;20;28,False,0.887375856168481,0.11262414383151897,0.8732976289980429,F3
Cu,32,31,12;8;31;19;24;26;29;16;3;5;11;2;6;18;10;1;15;23;14;25;7;9;13;30;17;32;4;22;20;28;21,False,0.9267627876687313,0.07323721233126868,0.9196408820448565,F3
Fe,32,1,12,False,0.25600705739113816,0.7439929426088618,0.0323671271399457,F3
Fe,32,2,12;8,False,0.14598210402012804,0.854017895979872,0.04797095622152576,F3
Fe,32,3,12;8;31,False,0.11076636193938796,0.8892336380606121,0.05339824891411311,F3
Fe,32,4,12;8;31;19,False,0.0986860760603117,0.9013139239396883,0.060899568471083465,F3
Fe,32,5,12;8;31;19;24,False,0.1001231086144755,0.8998768913855245,0.06607563221567553,F3
Fe,32,6,12;8;31;19;24;26,False,0.11163426878743032,0.8883657312125697,0.07788735671833841,F3
Fe,32,7,12;8;31;19;24;26;29,False,0.11472308226854258,0.8852769177314574,0.08331605500318415,F3
Fe,32,8,12;8;31;19;24;26;29;16,False,0.13393014092253147,0.8660698590774685,0.10103418580605777,F3
Fe,32,9,12;8;31;19;24;26;29;16;3,False,0.3352737806636765,0.6647262193363235,0.26230386136668116,F3
Fe,32,10,12;8;31;19;24;26;29;16;3;5,False,0.45444858301014546,0.5455514169898545,0.2950616382075717,F2
Fe,32,11,12;8;31;19;24;26;29;16;3;5;11,False,0.46267566824868633,0.5373243317513137,0.3508415814134592,F2
Fe,32,12,12;8;31;19;24;26;29;16;3;5;11;2,False,0.5576003410177699,0.4423996589822301,0.37555583890405814,F2
Fe,32,13,12;8;31;19;24;26;29;16;3;5;11;2;6,True,0.5685455042625613,0.43145449573743866,0.42569457899613744,F2
Fe,32,14,12;8;31;19;24;26;29;16;3;5;11;2;6;18,False,0.5690613720877049,0.4309386279122951,0.4515069202753298,F2
Fe,32,15,12;8;31;19;24;26;29;16;3;5;11;2;6;18;10,False,0.5720389152381808,0.42796108476181915,0.5055361066474092,F2
Fe,32,16,12;8;31;19;24;26;29;16;3;5;11;2;6;18;10;1,False,0.68159760445881,0.31840239554119,0.5347626098217697,F2
Fe,32,17,12;8;31;19;24;26;29;16;3;5;11;2;6;18;10;1;15,False,0.677439355492068,0.322560644507932,0.5878753215756876,F2
Fe,32,18,12;8;31;19;24;26;29;16;3;5;11;2;6;18;10;1;15;23,False,0.6737461878802371,0.3262538121197629,0.6148835802782716,F2
Fe,32,19,12;8;31;19;24;26;29;16;3;5;11;2;6;18;10;1;15;23;14,False,0.7244437935562626,0.27555620644373735,0.6429906606981964,F2
Fe,32,20,12;8;31;19;24;26;29;16;3;5;11;2;6;18;10;1;15;23;14;25,False,0.7246705237600859,0.2753294762399141,0.6669808303265697,F2
Fe,32,21,12;8;31;19;24;26;29;16;3;5;11;2;6;18;10;1;15;23;14;25;7,True,0.7391273020304153,0.2608726979695847,0.7152861437925212,F2
Fe,32,22,12;8;31;19;24;26;29;16;3;5;11;2;6;18;10;1;15;23;14;25;7;9,False,0.7455440521044678,0.25445594789553216,0.725589429024927,F2
Fe,32,23,12;8;31;19;24;26;29;16;3;5;11;2;6;18;10;1;15;23;14;25;7;9;13,True,0.8527199023726891,0.14728009762731087,0.7762747595457563,F2
Fe,32,24,12;8;31;19;24;26;29;16;3;5;11;2;6;18;10;1;15;23;14;25;7;9;13;30,False,0.8571900837012485,0.1428099162987515,0.8012934970044066,F2
Fe,32,25,12;8;31;19;24;26;29;16;3;5;11;2;6;18;10;1;15;23;14;25;7;9;13;30;17,False,0.889940820601727,0.11005917939827303,0.8158133207605627,F2
Fe,32,26,12;8;31;19;24;26;29;16;3;5;11;2;6;18;10;1;15;23;14;25;7;9;13;30;17;32,False,0.891196602391958,0.10880339760804203,0.8317798097217037,F2
Fe,32,27,12;8;31;19;24;26;29;16;3;5;11;2;6;18;10;1;15;23;14;25;7;9;13;30;17;32;4,True,0.949859519186909,0.05014048081309097,0.8707754482920207,F1
Fe,32,28,12;8;31;19;24;26;29;16;3;5;11;2;6;18;10;1;15;23;14;25;7;9;13;30;17;32;4;22,False,0.9779517720797153,0.022048227920284713,0.9118366152255953,F1
Fe,32,29,12;8;31;19;24;26;29;16;3;5;11;2;6;18;10;1;15;23;14;25;7;9;13;30;17;32;4;22;20,False,0.9830754890115696,0.016924510988430397,0.9371922652155987,F1
Fe,32,30,12;8;31;19;24;26;29;16;3;5;11;2;6;18;10;1;15;23;14;25;7;9;13;30;17;32;4;22;20;28,False,0.9963634090083001,0.003636590991699884,0.9616904943779727,F1
Fe,32,31,12;8;31;19;24;26;29;16;3;5;11;2;6;18;10;1;15;23;14;25;7;9;13;30;17;32;4;22;20;28;21,False,0.9966459168167096,0.003354083183290446,0.9821747937572379,F1
Mn,32,1,12,False,0.2904076059177282,0.7095923940822718,0.02236688066385591,F1
Mn,32,2,12;8,False,0.32301336880578957,0.6769866311942104,0.04228170167049428,F1
Mn,32,3,12;8;31,False,0.35654578866470515,0.6434542113352948,0.061630538829366456,F2
Mn,32,4,12;8;31;19,False,0.5008505210212194,0.4991494789787806,0.10966608883798971,F1
Mn,32,5,12;8;31;19;24,False,0.5283147737664696,0.4716852262335304,0.1425798121806971,F1
Mn,32,6,12;8;31;19;24;26,False,0.5456476379866825,0.4543523620133175,0.16815133641783342,F1
Mn,32,7,12;8;31;19;24;26;29,False,0.651958378645738,0.348041621354262,0.2224954257966167,F2
Mn,32,8,12;8;31;19;24;26;29;16,False,0.7019320424142698,0.29806795758573024,0.2666422750769302,F2
Mn,32,9,12;8;31;19;24;26;29;16;3,False,0.7011871117677829,0.2988128882322171,0.2920135029501862,F2
Mn,32,10,12;8;31;19;24;26;29;16;3;5,False,0.7181985149518275,0.2818014850481725,0.327295848636583,F1
Mn,32,11,12;8;31;19;24;26;29;16;3;5;11,False,0.7325269696964695,0.26747303030353053,0.35856800665559563,F1
Mn,32,12,12;8;31;19;24;26;29;16;3;5;11;2,False,0.7344366512934399,0.26556334870656007,0.38282751247243474,F1
Mn,32,13,12;8;31;19;24;26;29;16;3;5;11;2;6,True,0.763505726301033,0.23649427369896703,0.42185633484976187,F1
Mn,32,14,12;8;31;19;24;26;29;16;3;5;11;2;6;18,False,0.7868096446858885,0.21319035531411146,0.4587525934447839,F1
Mn,32,15,12;8;31;19;24;26;29;16;3;5;11;2;6;18;10,False,0.814668612611408,0.185331387388592,0.49929117540850987,F1
Mn,32,16,12;8;31;19;24;26;29;16;3;5;11;2;6;18;10;1,False,0.8362300580261717,0.16376994197382833,0.5374293086435197,F1
Mn,32,17,12;8;31;19;24;26;29;16;3;5;11;2;6;18;10;1;15,False,0.8331740811230521,0.16682591887694787,0.5602841768415752,F1
Mn,32,18,12;8;31;19;24;26;29;16;3;5;11;2;6;18;10;1;15;23,False,0.8339708027055959,0.16602919729440413,0.5833769602111625,F1
Mn,32,19,12;8;31;19;24;26;29;16;3;5;11;2;6;18;10;1;15;23;14,False,0.818108487785129,0.181891512214871,0.5943368471753596,F1
Mn,32,20,12;8;31;19;24;26;29;16;3;5;11;2;6;18;10;1;15;23;14;25,False,0.8299455255810799,0.17005447441892008,0.6241591527956873,F1
Mn,32,21,12;8;31;19;24;26;29;16;3;5;11;2;6;18;10;1;15;23;14;25;7,True,0.8475194098645372,0.15248059013546278,0.6579359653093876,F1
Mn,32,22,12;8;31;19;24;26;29;16;3;5;11;2;6;18;10;1;15;23;14;25;7;9,False,0.8650643235169349,0.13493567648306515,0.6923719486756363,F1
Mn,32,23,12;8;31;19;24;26;29;16;3;5;11;2;6;18;10;1;15;23;14;25;7;9;13,True,0.8866624826142577,0.11333751738574227,0.7306636735008682,F1
Mn,32,24,12;8;31;19;24;26;29;16;3;5;11;2;6;18;10;1;15;23;14;25;7;9;13;30,False,0.9280118860610519,0.0719881139389481,0.7958284892266093,F3
Mn,32,25,12;8;31;19;24;26;29;16;3;5;11;2;6;18;10;1;15;23;14;25;7;9;13;30;17,False,0.9274325368621797,0.07256746313782025,0.8166053306039694,F3
Mn,32,26,12;8;31;19;24;26;29;16;3;5;11;2;6;18;10;1;15;23;14;25;7;9;13;30;17;32,False,0.9373183332557548,0.06268166674424525,0.8465243042890785,F3
Mn,32,27,12;8;31;19;24;26;29;16;3;5;11;2;6;18;10;1;15;23;14;25;7;9;13;30;17;32;4,True,0.9366991603284847,0.06330083967151534,0.8666980065485282,F3
Mn,32,28,12;8;31;19;24;26;29;16;3;5;11;2;6;18;10;1;15;23;14;25;7;9;13;30;17;32;4;22,False,0.9739948221656821,0.026005177834317883,0.9175008380821188,F3
Mn,32,29,12;8;31;19;24;26;29;16;3;5;11;2;6;18;10;1;15;23;14;25;7;9;13;30;17;32;4;22;20,False,0.9829035766250556,0.017096423374944436,0.9471687668766279,F3
Mn,32,30,12;8;31;19;24;26;29;16;3;5;11;2;6;18;10;1;15;23;14;25;7;9;13;30;17;32;4;22;20;28,False,0.9929206937851697,0.007079306214830328,0.9676743132895272,F1
Mn,32,31,12;8;31;19;24;26;29;16;3;5;11;2;6;18;10;1;15;23;14;25;7;9;13;30;17;32;4;22;20;28;21,False,0.9964545343888738,0.0035454656111262306,0.98553350532701,F1
Ni,32,1,12,False,0.45269071118510446,0.5473092888148956,0.025368050205469728,F3
Ni,32,2,12;8,False,0.5068879135260839,0.49311208647391613,0.057468733702887465,F3
Ni,32,3,12;8;31,False,0.4544762528021078,0.5455237471978922,0.07546116839184168,F3
Ni,32,4,12;8;31;19,False,0.508872586914358,0.491127413085642,0.10878713555128815,F3
Ni,32,5,12;8;31;19;24,False,0.4907879042897317,0.5092120957102684,0.1280153203651639,F3
Ni,32,6,12;8;31;19;24;26,False,0.49038304639606123,0.5096169536039388,0.1504513555349531,F3
Ni,32,7,12;8;31;19;24;26;29,False,0.5039943641969631,0.4960056358030369,0.1770585194650465,F3
Ni,32,8,12;8;31;19;24;26;29;16,False,0.5349066329520056,0.4650933670479944,0.2105211205895037,F3
Ni,32,9,12;8;31;19;24;26;29;16;3,False,0.6059936365037045,0.3940063634962955,0.2639708975958975,F3
Ni,32,10,12;8;31;19;24;26;29;16;3;5,False,0.6799050561948871,0.32009494380511294,0.312061644554256,F3
Ni,32,11,12;8;31;19;24;26;29;16;3;5;11,False,0.6788960234326058,0.3211039765673942,0.3325360173808608,F1
Ni,32,12,12;8;31;19;24;26;29;16;3;5;11;2,False,0.7053537389492249,0.29464626105077507,0.36881961844766026,F1
Ni,32,13,12;8;31;19;24;26;29;16;3;5;11;2;6,True,0.7451495848838604,0.2548504151161396,0.41420219605008324,F1
Ni,32,14,12;8;31;19;24;26;29;16;3;5;11;2;6;18,False,0.7325873876365534,0.2674126123634466,0.4307795173533993,F1
Ni,32,15,12;8;31;19;24;26;29;16;3;5;11;2;6;18;10,False,0.7756469067762158,0.22435309322378416,0.4809349604181765,F1
Ni,32,16,12;8;31;19;24;26;29;16;3;5;11;2;6;18;10;1,False,0.7800329750019106,0.2199670249980894,0.5078668343938824,F1
Ni,32,17,12;8;31;19;24;26;29;16;3;5;11;2;6;18;10;1;15,False,0.8020409101484736,0.19795908985152644,0.5466824044560396,F1
Ni,32,18,12;8;31;19;24;26;29;16;3;5;11;2;6;18;10;1;15;23,False,0.8351749779608392,0.16482502203916083,0.6048300161270279,F3
Ni,32,19,12;8;31;19;24;26;29;16;3;5;11;2;6;18;10;1;15;23;14,False,0.8354106628666716,0.16458933713332835,0.6267915913730123,F3
Ni,32,20,12;8;31;19;24;26;29;16;3;5;11;2;6;18;10;1;15;23;14;25,False,0.8402045165626693,0.15979548343733074,0.6411201936282375,F1
Ni,32,21,12;8;31;19;24;26;29;16;3;5;11;2;6;18;10;1;15;23;14;25;7,True,0.8757358571560984,0.12426414284390164,0.6911974790067767,F1
Ni,32,22,12;8;31;19;24;26;29;16;3;5;11;2;6;18;10;1;15;23;14;25;7;9,False,0.9112343617051782,0.08876563829482176,0.7410746618976777,F1
Ni,32,23,12;8;31;19;24;26;29;16;3;5;11;2;6;18;10;1;15;23;14;25;7;9;13,True,0.9246563543135937,0.07534364568640628,0.7741419216579579,F1
Ni,32,24,12;8;31;19;24;26;29;16;3;5;11;2;6;18;10;1;15;23;14;25;7;9;13;30,False,0.9266496675065087,0.07335033249349132,0.796893612724882,F1
Ni,32,25,12;8;31;19;24;26;29;16;3;5;11;2;6;18;10;1;15;23;14;25;7;9;13;30;17,False,0.9397489585625719,0.0602510414374281,0.8263583627752005,F1
Ni,32,26,12;8;31;19;24;26;29;16;3;5;11;2;6;18;10;1;15;23;14;25;7;9;13;30;17;32,False,0.9401011700689439,0.05989882993105611,0.846071560001103,F2
Ni,32,27,12;8;31;19;24;26;29;16;3;5;11;2;6;18;10;1;15;23;14;25;7;9;13;30;17;32;4,True,0.9520297276044547,0.0479702723955453,0.8792659432768712,F1
Ni,32,28,12;8;31;19;24;26;29;16;3;5;11;2;6;18;10;1;15;23;14;25;7;9;13;30;17;32;4;22,False,0.9530336239704819,0.04696637602951814,0.8990070535053406,F1
Ni,32,29,12;8;31;19;24;26;29;16;3;5;11;2;6;18;10;1;15;23;14;25;7;9;13;30;17;32;4;22;20,False,0.9746968817665461,0.02530311823345388,0.9356001051861492,F1
Ni,32,30,12;8;31;19;24;26;29;16;3;5;11;2;6;18;10;1;15;23;14;25;7;9;13;30;17;32;4;22;20;28,False,0.9828822438636526,0.017117756136347362,0.9595567113483655,F1
Ni,32,31,12;8;31;19;24;26;29;16;3;5;11;2;6;18;10;1;15;23;14;25;7;9;13;30;17;32;4;22;20;28;21,False,0.9999999999999997,3.3306690738754696e-16,0.9900315922303965,F1;F2;F3;F4
Pb,32,1,12,False,0.0008048081776551607,0.9991951918223448,0.0006543510213281256,F3
Pb,32,2,12;8,False,0.018480221603946672,0.9815197783960533,0.015471395524623942,F3
Pb,32,3,12;8;31,False,0.024154583697378322,0.9758454163026217,0.020710958404280517,F3
Pb,32,4,12;8;31;19,False,0.027638800401308353,0.9723611995986916,0.02418280732148342,F3
Pb,32,5,12;8;31;19;24,False,0.03183490386188386,0.9681650961381162,0.028325923502798188,F3
Pb,32,6,12;8;31;19;24;26,False,0.03882747179551934,0.9611725282044806,0.03510490799799416,F3
Pb,32,7,12;8;31;19;24;26;29,False,0.039888825193298436,0.9601111748067016,0.036551029425993024,F3
Pb,32,8,12;8;31;19;24;26;29;16,False,0.04033337761582306,0.959666622384177,0.03723180217031238,F3
Pb,32,9,12;8;31;19;24;26;29;16;3,False,0.0618477857502278,0.9381522142497722,0.05747899319095632,F3
Pb,32,10,12;8;31;19;24;26;29;16;3;5,False,0.07680062618454964,0.9231993738154504,0.07182882133402851,F3
Pb,32,11,12;8;31;19;24;26;29;16;3;5;11,False,0.07905462571458192,0.9209453742854181,0.0744000432711375,F3
Pb,32,12,12;8;31;19;24;26;29;16;3;5;11;2,False,0.10409799218246843,0.8959020078175316,0.09853457895441611,F3
Pb,32,13,12;8;31;19;24;26;29;16;3;5;11;2;6,True,0.12192185926369782,0.8780781407363022,0.11605934360206678,F3
Pb,32,14,12;8;31;19;24;26;29;16;3;5;11;2;6;18,False,0.12292102701881963,0.8770789729811803,0.11765451962042706,F3
Pb,32,15,12;8;31;19;24;26;29;16;3;5;11;2;6;18;10,False,0.1263289107470614,0.8736710892529386,0.12156206078545767,F3
Pb,32,16,12;8;31;19;24;26;29;16;3;5;11;2;6;18;10;1,False,0.7546701210235073,0.24532987897649272,0.606438316171928,F1
Pb,32,17,12;8;31;19;24;26;29;16;3;5;11;2;6;18;10;1;15,False,0.7803415983339218,0.2196584016660782,0.6419312066798792,F1
Pb,32,18,12;8;31;19;24;26;29;16;3;5;11;2;6;18;10;1;15;23,False,0.7721121359276508,0.22788786407234918,0.6496739699531865,F1
Pb,32,19,12;8;31;19;24;26;29;16;3;5;11;2;6;18;10;1;15;23;14,False,0.8417118356806236,0.15828816431937642,0.723558889565425,F1
Pb,32,20,12;8;31;19;24;26;29;16;3;5;11;2;6;18;10;1;15;23;14;25,False,0.8364002081849138,0.16359979181508622,0.733631634775815,F1
Pb,32,21,12;8;31;19;24;26;29;16;3;5;11;2;6;18;10;1;15;23;14;25;7,True,0.8710480984317864,0.12895190156821357,0.7763904212128331,F1
Pb,32,22,12;8;31;19;24;26;29;16;3;5;11;2;6;18;10;1;15;23;14;25;7;9,False,0.9173220079388319,0.0826779920611681,0.8318251867508478,F4
Pb,32,23,12;8;31;19;24;26;29;16;3;5;11;2;6;18;10;1;15;23;14;25;7;9;13,True,0.9450282548938708,0.05497174510612923,0.8665688653877681,F1
Pb,32,24,12;8;31;19;24;26;29;16;3;5;11;2;6;18;10;1;15;23;14;25;7;9;13;30,False,0.9541915291043879,0.04580847089561213,0.8866735808454047,F1
Pb,32,25,12;8;31;19;24;26;29;16;3;5;11;2;6;18;10;1;15;23;14;25;7;9;13;30;17,False,0.9581308986159223,0.041869101384077734,0.9057213770711771,F2
Pb,32,26,12;8;31;19;24;26;29;16;3;5;11;2;6;18;10;1;15;23;14;25;7;9;13;30;17;32,False,0.9645448344360897,0.03545516556391026,0.9161000872825665,F1
Pb,32,27,12;8;31;19;24;26;29;16;3;5;11;2;6;18;10;1;15;23;14;25;7;9;13;30;17;32;4,True,0.9802987282515414,0.019701271748458593,0.9461122174823028,F3
Pb,32,28,12;8;31;19;24;26;29;16;3;5;11;2;6;18;10;1;15;23;14;25;7;9;13;30;17;32;4;22,False,0.9835555096954142,0.016444490304585835,0.9536037759832517,F1
Pb,32,29,12;8;31;19;24;26;29;16;3;5;11;2;6;18;10;1;15;23;14;25;7;9;13;30;17;32;4;22;20,False,0.987038545605984,0.01296145439401597,0.9666995385121083,F2
Pb,32,30,12;8;31;19;24;26;29;16;3;5;11;2;6;18;10;1;15;23;14;25;7;9;13;30;17;32;4;22;20;28,False,0.9890918016552277,0.010908198344772302,0.9768546524344571,F3
Pb,32,31,12;8;31;19;24;26;29;16;3;5;11;2;6;18;10;1;15;23;14;25;7;9;13;30;17;32;4;22;20;28;21,False,0.9920228080223039,0.007977191977696085,0.9858009152491344,F1
Zn,32,1,12,False,0.13623856227204198,0.863761437727958,0.030350585579001776,F4
Zn,32,2,12;8,False,0.30444558856924736,0.6955544114307526,0.08750095075299169,F4
Zn,32,3,12;8;31,False,0.3433699068436436,0.6566300931563565,0.1183119358484643,F4
Zn,32,4,12;8;31;19,False,0.3527796762277424,0.6472203237722576,0.1380151775149475,F4
Zn,32,5,12;8;31;19;24,False,0.40042454830411206,0.599575451695888,0.16910338007405798,F4
Zn,32,6,12;8;31;19;24;26,False,0.42001086949156874,0.5799891305084313,0.19040148431564763,F4
Zn,32,7,12;8;31;19;24;26;29,False,0.4542272550393212,0.5457727449606788,0.21990782111471763,F4
Zn,32,8,12;8;31;19;24;26;29;16,False,0.4717649848826632,0.5282350151173367,0.24271681315164453,F4
Zn,32,9,12;8;31;19;24;26;29;16;3,False,0.48978830258430606,0.5102116974156939,0.26680112550077734,F4
Zn,32,10,12;8;31;19;24;26;29;16;3;5,False,0.5078591227970383,0.49214087720296174,0.29162985935777985,F4
Zn,32,11,12;8;31;19;24;26;29;16;3;5;11,False,0.8295209347149469,0.17047906528505308,0.5144051519977414,F3
Zn,32,12,12;8;31;19;24;26;29;16;3;5;11;2,False,0.8382498033624728,0.1617501966375272,0.5325846745242941,F1
Zn,32,13,12;8;31;19;24;26;29;16;3;5;11;2;6,True,0.8323177477100482,0.16768225228995182,0.5574217377307583,F1
Zn,32,14,12;8;31;19;24;26;29;16;3;5;11;2;6;18,False,0.8520232435251878,0.14797675647481223,0.5793680607237154,F3
Zn,32,15,12;8;31;19;24;26;29;16;3;5;11;2;6;18;10,False,0.8396765881855145,0.1603234118144855,0.6036396593062651,F3
Zn,32,16,12;8;31;19;24;26;29;16;3;5;11;2;6;18;10;1,False,0.8553053336689329,0.1446946663310671,0.6503005121121564,F3
Zn,32,17,12;8;31;19;24;26;29;16;3;5;11;2;6;18;10;1;15,False,0.9077601704767255,0.09223982952327447,0.7149360213964583,F1
Zn,32,18,12;8;31;19;24;26;29;16;3;5;11;2;6;18;10;1;15;23,False,0.9033622202682828,0.09663777973171717,0.7314747287324812,F2
Zn,32,19,12;8;31;19;24;26;29;16;3;5;11;2;6;18;10;1;15;23;14,False,0.9314211814545992,0.06857881854540082,0.7440107061175395,F1
Zn,32,20,12;8;31;19;24;26;29;16;3;5;11;2;6;18;10;1;15;23;14;25,False,0.9288492685929208,0.07115073140707917,0.765454081609711,F1
Zn,32,21,12;8;31;19;24;26;29;16;3;5;11;2;6;18;10;1;15;23;14;25;7,True,0.9336004769966912,0.06639952300330876,0.7956948099257494,F3
Zn,32,22,12;8;31;19;24;26;29;16;3;5;11;2;6;18;10;1;15;23;14;25;7;9,False,0.9293726317955748,0.07062736820442517,0.8200289543641285,F3
Zn,32,23,12;8;31;19;24;26;29;16;3;5;11;2;6;18;10;1;15;23;14;25;7;9;13,True,0.9321809740745136,0.06781902592548639,0.841163324314217,F3
Zn,32,24,12;8;31;19;24;26;29;16;3;5;11;2;6;18;10;1;15;23;14;25;7;9;13;30,False,0.9478924107187402,0.0521075892812598,0.8721782373316992,F3
Zn,32,25,12;8;31;19;24;26;29;16;3;5;11;2;6;18;10;1;15;23;14;25;7;9;13;30;17,False,0.9547285342017447,0.04527146579825525,0.8806673608399241,F3
Zn,32,26,12;8;31;19;24;26;29;16;3;5;11;2;6;18;10;1;15;23;14;25;7;9;13;30;17;32,False,0.9470549315028275,0.05294506849717251,0.8961523689265584,F3
Zn,32,27,12;8;31;19;24;26;29;16;3;5;11;2;6;18;10;1;15;23;14;25;7;9;13;30;17;32;4,True,0.9597105346460014,0.04028946535399858,0.9189773522226514,F3
Zn,32,28,12;8;31;19;24;26;29;16;3;5;11;2;6;18;10;1;15;23;14;25;7;9;13;30;17;32;4;22,False,0.9608374315969668,0.03916256840303323,0.9302824244447319,F3
Zn,32,29,12;8;31;19;24;26;29;16;3;5;11;2;6;18;10;1;15;23;14;25;7;9;13;30;17;32;4;22;20,False,0.9612302181216102,0.03876978187838975,0.9400915010164553,F3
Zn,32,30,12;8;31;19;24;26;29;16;3;5;11;2;6;18;10;1;15;23;14;25;7;9;13;30;17;32;4;22;20;28,False,0.9628388647615105,0.03716113523848952,0.9507343049321973,F3
Zn,32,31,12;8;31;19;24;26;29;16;3;5;11;2;6;18;10;1;15;23;14;25;7;9;13;30;17;32;4;22;20;28;21,False,0.9750246563396935,0.024975343660306515,0.9715789029838817,F3
