subset,element,n,k,selected_ids,fraction,capture_fraction,oracle_retention,worst_case_retention,worst_case_regret,cutoff_tie
all_32,Pb,32,8,12;8;31;19;24;26;29;16,F1,0.16584193647413537,0.292134671692225,0.04033337761582306,0.959666622384177,False
all_32,Pb,32,8,12;8;31;19;24;26;29;16,F2,0.10723222235988437,0.12882211665858354,0.04033337761582306,0.959666622384177,False
all_32,Pb,32,8,12;8;31;19;24;26;29;16,F3,0.03723180217031238,0.04033337761582306,0.04033337761582306,0.959666622384177,False
all_32,Pb,32,8,12;8;31;19;24;26;29;16,F4,0.13225336616305652,0.2090112273029811,0.04033337761582306,0.959666622384177,False
omit_sample_1,Pb,31,8,12;8;31;19;24;26;29;16,F1,0.21153009125464892,0.42831743216574597,0.32010826581445506,0.6798917341855449,False
omit_sample_1,Pb,31,8,12;8;31;19;24;26;29;16,F2,0.2678009325225782,0.4227299026967795,0.32010826581445506,0.6798917341855449,False
omit_sample_1,Pb,31,8,12;8;31;19;24;26;29;16,F3,0.19915608926155423,0.32010826581445506,0.32010826581445506,0.6798917341855449,False
omit_sample_1,Pb,31,8,12;8;31;19;24;26;29;16,F4,0.198998894167184,0.3976999636920655,0.32010826581445506,0.6798917341855449,False
IDs_1_to_16,Pb,16,4,12;8;16;3,F1,0.16859628750614966,0.3351939551730658,0.04160123399927493,0.958398766000725,False
IDs_1_to_16,Pb,16,4,12;8;16;3,F2,0.1121243885717245,0.13733953156015577,0.04160123399927493,0.958398766000725,False
IDs_1_to_16,Pb,16,4,12;8;16;3,F3,0.038723882840403914,0.04160123399927493,0.04160123399927493,0.958398766000725,False
IDs_1_to_16,Pb,16,4,12;8;16;3,F4,0.14252296109720108,0.25568621812179704,0.04160123399927493,0.958398766000725,False
IDs_17_to_32,Pb,16,4,31;19;24;26,F1,0.23333906869358625,0.6098288648124826,0.4180601855278953,0.5819398144721046,False
IDs_17_to_32,Pb,16,4,31;19;24;26,F2,0.18829160476209617,0.4180601855278953,0.4180601855278953,0.5819398144721046,False
IDs_17_to_32,Pb,16,4,31;19;24;26,F3,0.3270716859363677,0.8215359025741171,0.4180601855278953,0.5819398144721046,False
IDs_17_to_32,Pb,16,4,31;19;24;26,F4,0.22354468327243088,0.5726236473773704,0.4180601855278953,0.5819398144721046,False
