element,n,k,XLF_worst_case_retention,retrospective_maximin_retention,retention_difference,selected_ids,active_fractions,solver_status,mip_relative_gap,retention_upper_bound_from_dual,validation_passed
Cd,32,8,0.20129504091503228,0.9443301040887258,0.7430350631736935,4;5;6;7;8;10;12;30,F1,0,0.0,0.9443301040887259,True
Co,32,8,0.4951752493199969,0.9115093466918095,0.4163340973718126,4;6;7;8;10;11;12;13,F3,0,0.0,0.9115093466918096,True
Cr,32,8,0.0559666594993579,0.7777593842942517,0.7217927247948939,4;5;6;7;8;9;10;11,F4,0,1.4274633608343875e-16,0.7777593842942518,True
Cu,32,8,0.4493547787760116,0.7848629555740686,0.335508176798057,2;3;8;11;12;13;17;31,F2,0,0.0,0.7848629555740686,True
Fe,32,8,0.13393014092253147,0.7372493542095964,0.6033192132870648,2;3;4;8;11;12;14;16,F4,0,0.0,0.7372493542095967,True
Mn,32,8,0.7019320424142698,0.9105972704834415,0.20866522806917176,5;10;16;18;19;22;29;30,F4,0,0.0,0.91059727048344,True
Ni,32,8,0.5349066329520056,0.893358470078797,0.3584518371267914,3;4;5;6;7;10;12;23,F4,0,0.0,0.893358470078797,True
Pb,32,8,0.04033337761582306,0.9458056977371623,0.9054723201213393,1;3;6;8;9;12;14;15,F2,0,0.0,0.945805697737162,True
Zn,32,8,0.4717649848826632,0.9450701186764721,0.47330513379380884,1;8;11;12;14;15;24;29,F1,0,0.0,0.9450701186764723,True
